fir_id,crime_type,location_type,state,time_of_day,weapon_used,entry_method,target_type,suspect_age_group,prior_record,accomplice_count,evidence_recovered,digital_evidence,mo_tags,mo_text,severity_score,recidivism
FIR-00001,robbery,residential_area,DL,midnight,none,none,financial_institution,juvenile,1,1,0,0,planned_operation|escape_vehicle_used,Evidence of pre-planned operation. suspect escaped using a vehicle.,9,1
FIR-00002,murder,rural_area,DL,night,firearm,social_engineering,individual,juvenile,1,0,1,0,escape_vehicle_used|physical_restraint|repeat_target|local_knowledge,Suspect escaped using a vehicle. victim was physically restrained. location or victim was targeted previously. suspect demonstrated knowledge of the local area.,10,1
FIR-00003,robbery,educational_institution,PB,evening,blunt_object,social_engineering,individual,juvenile,1,0,1,0,local_knowledge|repeat_target,Suspect demonstrated knowledge of the local area. location or victim was targeted previously.,8,1
FIR-00004,fraud,industrial_area,RJ,afternoon,none,lock_picking,individual,36-45,1,0,1,1,psychological_manipulation|multiple_offenders|local_knowledge,Victim was manipulated psychologically. multiple offenders participated. suspect demonstrated knowledge of the local area.,6,0
FIR-00005,kidnapping,highway,WB,morning,vehicle,roof_access,individual,60+,1,1,1,0,insider_help|escape_vehicle_used|use_of_technology,Insider assistance may have been involved. suspect escaped using a vehicle. digital tools or devices were used.,10,0
FIR-00006,fraud,highway,DL,morning,firearm,social_engineering,individual,46-60,1,4,1,1,use_of_technology|evidence_concealment|multiple_offenders|prior_surveillance|psychological_manipulation,Digital tools or devices were used. suspect attempted to conceal evidence. multiple offenders participated. suspect conducted prior surveillance of the target. victim was manipulated psychologically.,8,0
FIR-00007,fraud,bank_premises,PB,afternoon,chemical,social_engineering,commercial_establishment,juvenile,0,0,1,1,repeat_target|opportunistic|local_knowledge,Location or victim was targeted previously. crime appears to be opportunistic in nature. suspect demonstrated knowledge of the local area.,8,1
FIR-00008,murder,commercial_zone,WB,midnight,knife,window_break,household,60+,0,1,1,0,repeat_target|psychological_manipulation|insider_help,Location or victim was targeted previously. victim was manipulated psychologically. insider assistance may have been involved.,9,0
FIR-00009,vehicle_theft,commercial_zone,TN,midnight,improvised_tool,unlocked_door,vehicle,18-25,1,0,0,0,insider_help|physical_restraint,Insider assistance may have been involved. victim was physically restrained.,3,1
FIR-00010,robbery,parking_lot,WB,afternoon,firearm,none,individual,46-60,1,3,1,0,multiple_offenders|night_operation|accomplice_involved|evidence_concealment|psychological_manipulation,Multiple offenders participated. crime was executed during nighttime hours. at least one accomplice was involved in the act. suspect attempted to conceal evidence. victim was manipulated psychologically.,8,1
FIR-00011,burglary,bank_premises,UP,night,none,window_break,household,36-45,1,0,0,0,lone_wolf|night_operation|multiple_offenders|accomplice_involved,Single offender acted alone. crime was executed during nighttime hours. multiple offenders participated. at least one accomplice was involved in the act.,7,1
FIR-00012,drug_offense,residential_area,RJ,early_morning,knife,none,public_space,18-25,1,4,1,0,use_of_technology|lone_wolf|local_knowledge|multiple_offenders|insider_help,Digital tools or devices were used. single offender acted alone. suspect demonstrated knowledge of the local area. multiple offenders participated. insider assistance may have been involved.,6,1
FIR-00013,assault,residential_area,WB,evening,knife,roof_access,individual,46-60,0,0,0,0,accomplice_involved|use_of_technology|evidence_concealment,At least one accomplice was involved in the act. digital tools or devices were used. suspect attempted to conceal evidence.,5,0
FIR-00014,kidnapping,educational_institution,TS,evening,knife,none,individual,18-25,0,1,1,0,use_of_technology|planned_operation|use_of_disguise,Digital tools or devices were used. evidence of pre-planned operation. suspect used a disguise to conceal identity.,9,0
FIR-00015,robbery,rural_area,BR,evening,knife,lock_picking,individual,juvenile,1,4,0,0,opportunistic|insider_help|multiple_offenders|use_of_technology,Crime appears to be opportunistic in nature. insider assistance may have been involved. multiple offenders participated. digital tools or devices were used.,9,0
FIR-00016,drug_offense,educational_institution,AP,early_morning,none,none,commercial_establishment,26-35,1,0,0,0,planned_operation|psychological_manipulation|lone_wolf|repeat_target,Evidence of pre-planned operation. victim was manipulated psychologically. single offender acted alone. location or victim was targeted previously.,5,1
FIR-00017,kidnapping,bank_premises,RJ,early_morning,knife,none,individual,60+,0,0,1,0,use_of_disguise|lone_wolf,Suspect used a disguise to conceal identity. single offender acted alone.,8,0
FIR-00018,vandalism,public_transport,DL,midnight,blunt_object,none,financial_institution,60+,1,0,1,0,repeat_target|lone_wolf|night_operation|use_of_disguise|local_knowledge,Location or victim was targeted previously. single offender acted alone. crime was executed during nighttime hours. suspect used a disguise to conceal identity. suspect demonstrated knowledge of the local area.,2,0
FIR-00019,kidnapping,marketplace,TN,midnight,chemical,window_break,individual,18-25,0,1,1,0,escape_vehicle_used|repeat_target|multiple_offenders|local_knowledge|night_operation,Suspect escaped using a vehicle. location or victim was targeted previously. multiple offenders participated. suspect demonstrated knowledge of the local area. crime was executed during nighttime hours.,10,1
FIR-00020,fraud,rural_area,DL,morning,none,window_break,financial_institution,juvenile,0,1,1,1,opportunistic|physical_restraint|repeat_target|prior_surveillance,Crime appears to be opportunistic in nature. victim was physically restrained. location or victim was targeted previously. suspect conducted prior surveillance of the target.,7,1
FIR-00021,kidnapping,rural_area,DL,evening,chemical,none,individual,36-45,0,4,1,0,psychological_manipulation|evidence_concealment|multiple_offenders|accomplice_involved,Victim was manipulated psychologically. suspect attempted to conceal evidence. multiple offenders participated. at least one accomplice was involved in the act.,9,0
FIR-00022,kidnapping,parking_lot,KA,evening,chemical,none,commercial_establishment,46-60,1,1,1,0,physical_restraint|repeat_target,Victim was physically restrained. location or victim was targeted previously.,10,1
FIR-00023,murder,commercial_zone,TS,night,firearm,none,individual,18-25,1,0,1,0,repeat_target|prior_surveillance|lone_wolf,Location or victim was targeted previously. suspect conducted prior surveillance of the target. single offender acted alone.,10,1
FIR-00024,kidnapping,commercial_zone,TN,night,firearm,social_engineering,individual,36-45,1,1,1,0,accomplice_involved|use_of_technology|night_operation|evidence_concealment|insider_help,At least one accomplice was involved in the act. digital tools or devices were used. crime was executed during nighttime hours. suspect attempted to conceal evidence. insider assistance may have been involved.,9,1
FIR-00025,vandalism,educational_institution,WB,night,improvised_tool,none,government_property,46-60,0,1,0,0,lone_wolf|accomplice_involved|escape_vehicle_used|repeat_target,Single offender acted alone. at least one accomplice was involved in the act. suspect escaped using a vehicle. location or victim was targeted previously.,3,1
FIR-00026,assault,highway,TN,night,knife,none,individual,juvenile,0,2,1,0,prior_surveillance|multiple_offenders|local_knowledge|physical_restraint|planned_operation,Suspect conducted prior surveillance of the target. multiple offenders participated. suspect demonstrated knowledge of the local area. victim was physically restrained. evidence of pre-planned operation.,6,0
FIR-00027,kidnapping,highway,TS,evening,knife,none,individual,26-35,0,4,0,0,opportunistic|multiple_offenders|insider_help|use_of_disguise|physical_restraint,Crime appears to be opportunistic in nature. multiple offenders participated. insider assistance may have been involved. suspect used a disguise to conceal identity. victim was physically restrained.,9,0
FIR-00028,robbery,rural_area,HR,night,firearm,social_engineering,financial_institution,26-35,0,4,0,0,multiple_offenders|repeat_target|evidence_concealment|accomplice_involved,Multiple offenders participated. location or victim was targeted previously. suspect attempted to conceal evidence. at least one accomplice was involved in the act.,9,1
FIR-00029,fraud,parking_lot,TN,morning,none,forced_entry,individual,18-25,1,0,0,1,planned_operation|insider_help,Evidence of pre-planned operation. insider assistance may have been involved.,7,0
FIR-00030,assault,commercial_zone,KL,early_morning,knife,none,individual,46-60,0,0,0,0,night_operation|escape_vehicle_used|local_knowledge,Crime was executed during nighttime hours. suspect escaped using a vehicle. suspect demonstrated knowledge of the local area.,7,1
FIR-00031,fraud,highway,TS,afternoon,none,impersonation,household,26-35,0,1,1,1,repeat_target|planned_operation|use_of_disguise|escape_vehicle_used|use_of_technology,Location or victim was targeted previously. evidence of pre-planned operation. suspect used a disguise to conceal identity. suspect escaped using a vehicle. digital tools or devices were used.,7,0
FIR-00032,kidnapping,public_transport,AP,night,firearm,none,individual,36-45,0,1,1,0,psychological_manipulation|prior_surveillance|insider_help|opportunistic|use_of_disguise,Victim was manipulated psychologically. suspect conducted prior surveillance of the target. insider assistance may have been involved. crime appears to be opportunistic in nature. suspect used a disguise to conceal identity.,9,0
FIR-00033,cybercrime,highway,MP,midnight,none,unlocked_door,individual,36-45,0,0,1,1,evidence_concealment|insider_help|local_knowledge|prior_surveillance|accomplice_involved,Suspect attempted to conceal evidence. insider assistance may have been involved. suspect demonstrated knowledge of the local area. suspect conducted prior surveillance of the target. at least one accomplice was involved in the act.,5,1
FIR-00034,vandalism,public_transport,KL,midnight,improvised_tool,none,public_space,juvenile,1,1,1,0,opportunistic|night_operation,Crime appears to be opportunistic in nature. crime was executed during nighttime hours.,3,1
FIR-00035,robbery,residential_area,MP,afternoon,blunt_object,none,financial_institution,juvenile,1,3,1,0,evidence_concealment|accomplice_involved|multiple_offenders,Suspect attempted to conceal evidence. at least one accomplice was involved in the act. multiple offenders participated.,8,1
FIR-00036,murder,parking_lot,TS,night,knife,forced_entry,individual,60+,1,0,1,0,physical_restraint|accomplice_involved|night_operation,Victim was physically restrained. at least one accomplice was involved in the act. crime was executed during nighttime hours.,10,1
FIR-00037,murder,public_transport,TN,afternoon,blunt_object,impersonation,individual,60+,1,0,0,0,opportunistic|night_operation,Crime appears to be opportunistic in nature. crime was executed during nighttime hours.,9,1
FIR-00038,kidnapping,commercial_zone,TN,evening,chemical,none,individual,60+,0,2,0,0,multiple_offenders|accomplice_involved|use_of_technology,Multiple offenders participated. at least one accomplice was involved in the act. digital tools or devices were used.,8,1
FIR-00039,robbery,educational_institution,MP,midnight,firearm,social_engineering,financial_institution,46-60,0,1,0,0,accomplice_involved|lone_wolf,At least one accomplice was involved in the act. single offender acted alone.,8,1
FIR-00040,robbery,parking_lot,HR,evening,knife,roof_access,government_property,juvenile,0,0,1,0,lone_wolf|evidence_concealment|repeat_target|use_of_disguise|physical_restraint,Single offender acted alone. suspect attempted to conceal evidence. location or victim was targeted previously. suspect used a disguise to conceal identity. victim was physically restrained.,8,1
FIR-00041,fraud,bank_premises,WB,afternoon,none,social_engineering,commercial_establishment,juvenile,1,1,1,1,psychological_manipulation|accomplice_involved|local_knowledge|planned_operation,Victim was manipulated psychologically. at least one accomplice was involved in the act. suspect demonstrated knowledge of the local area. evidence of pre-planned operation.,6,0
FIR-00042,burglary,educational_institution,BR,midnight,none,lock_picking,household,36-45,0,0,1,0,prior_surveillance|psychological_manipulation,Suspect conducted prior surveillance of the target. victim was manipulated psychologically.,5,0
FIR-00043,drug_offense,marketplace,KA,midnight,none,none,individual,60+,0,1,1,0,multiple_offenders|evidence_concealment|insider_help|lone_wolf,Multiple offenders participated. suspect attempted to conceal evidence. insider assistance may have been involved. single offender acted alone.,6,1
FIR-00044,vehicle_theft,rural_area,KA,night,chemical,social_engineering,digital_asset,46-60,0,1,1,0,physical_restraint|multiple_offenders|evidence_concealment|lone_wolf,Victim was physically restrained. multiple offenders participated. suspect attempted to conceal evidence. single offender acted alone.,4,0
FIR-00045,drug_offense,parking_lot,TN,midnight,knife,none,financial_institution,36-45,0,3,0,0,accomplice_involved|opportunistic|escape_vehicle_used|insider_help|multiple_offenders,At least one accomplice was involved in the act. crime appears to be opportunistic in nature. suspect escaped using a vehicle. insider assistance may have been involved. multiple offenders participated.,5,0
FIR-00046,murder,residential_area,UP,morning,improvised_tool,forced_entry,individual,60+,1,1,0,0,use_of_disguise|insider_help|local_knowledge,Suspect used a disguise to conceal identity. insider assistance may have been involved. suspect demonstrated knowledge of the local area.,10,0
FIR-00047,fraud,parking_lot,TN,night,none,impersonation,individual,juvenile,0,0,1,1,insider_help|escape_vehicle_used|accomplice_involved|planned_operation,Insider assistance may have been involved. suspect escaped using a vehicle. at least one accomplice was involved in the act. evidence of pre-planned operation.,8,0
FIR-00048,assault,bank_premises,AP,evening,knife,none,individual,36-45,0,0,1,0,opportunistic|use_of_disguise|accomplice_involved,Crime appears to be opportunistic in nature. suspect used a disguise to conceal identity. at least one accomplice was involved in the act.,6,0
FIR-00049,vandalism,educational_institution,MP,midnight,blunt_object,none,public_space,60+,1,1,0,0,escape_vehicle_used|physical_restraint|repeat_target|psychological_manipulation|planned_operation,Suspect escaped using a vehicle. victim was physically restrained. location or victim was targeted previously. victim was manipulated psychologically. evidence of pre-planned operation.,3,1
FIR-00050,kidnapping,educational_institution,AP,early_morning,chemical,social_engineering,individual,juvenile,0,1,1,0,evidence_concealment|multiple_offenders,Suspect attempted to conceal evidence. multiple offenders participated.,9,0
FIR-00051,vehicle_theft,residential_area,GJ,early_morning,none,lock_picking,vehicle,46-60,0,0,0,0,physical_restraint|opportunistic,Victim was physically restrained. crime appears to be opportunistic in nature.,3,0
FIR-00052,drug_offense,educational_institution,PB,afternoon,chemical,none,public_space,60+,1,1,1,0,lone_wolf|accomplice_involved,Single offender acted alone. at least one accomplice was involved in the act.,4,1
FIR-00053,robbery,parking_lot,PB,early_morning,blunt_object,none,government_property,36-45,0,1,0,0,night_operation|psychological_manipulation|evidence_concealment|insider_help,Crime was executed during nighttime hours. victim was manipulated psychologically. suspect attempted to conceal evidence. insider assistance may have been involved.,9,1
FIR-00054,robbery,educational_institution,DL,midnight,knife,window_break,individual,36-45,1,1,0,0,local_knowledge|insider_help|opportunistic,Suspect demonstrated knowledge of the local area. insider assistance may have been involved. crime appears to be opportunistic in nature.,9,1
FIR-00055,kidnapping,public_transport,DL,afternoon,knife,social_engineering,individual,26-35,0,1,0,0,escape_vehicle_used|prior_surveillance|planned_operation|repeat_target,Suspect escaped using a vehicle. suspect conducted prior surveillance of the target. evidence of pre-planned operation. location or victim was targeted previously.,8,1
FIR-00056,vehicle_theft,public_transport,PB,early_morning,none,forced_entry,multiple,juvenile,0,4,0,0,planned_operation|multiple_offenders|lone_wolf,Evidence of pre-planned operation. multiple offenders participated. single offender acted alone.,3,1
FIR-00057,cybercrime,industrial_area,GJ,morning,none,unlocked_door,digital_asset,juvenile,0,1,0,1,psychological_manipulation|prior_surveillance|use_of_disguise,Victim was manipulated psychologically. suspect conducted prior surveillance of the target. suspect used a disguise to conceal identity.,4,1
FIR-00058,robbery,bank_premises,WB,midnight,knife,none,individual,26-35,0,0,1,0,accomplice_involved|insider_help,At least one accomplice was involved in the act. insider assistance may have been involved.,8,0
FIR-00059,murder,highway,MP,night,firearm,none,individual,46-60,1,0,1,0,night_operation|local_knowledge|escape_vehicle_used|accomplice_involved|psychological_manipulation,Crime was executed during nighttime hours. suspect demonstrated knowledge of the local area. suspect escaped using a vehicle. at least one accomplice was involved in the act. victim was manipulated psychologically.,10,0
FIR-00060,murder,rural_area,KA,evening,blunt_object,forced_entry,individual,60+,1,1,0,0,evidence_concealment|accomplice_involved|lone_wolf,Suspect attempted to conceal evidence. at least one accomplice was involved in the act. single offender acted alone.,9,0
FIR-00061,fraud,highway,MH,night,none,impersonation,financial_institution,60+,0,1,0,1,escape_vehicle_used|accomplice_involved|physical_restraint|use_of_technology,Suspect escaped using a vehicle. at least one accomplice was involved in the act. victim was physically restrained. digital tools or devices were used.,8,1
FIR-00062,robbery,parking_lot,TS,evening,firearm,social_engineering,multiple,60+,0,1,0,0,prior_surveillance|use_of_disguise|repeat_target|escape_vehicle_used,Suspect conducted prior surveillance of the target. suspect used a disguise to conceal identity. location or victim was targeted previously. suspect escaped using a vehicle.,8,0
FIR-00063,assault,bank_premises,RJ,night,none,none,household,18-25,1,0,0,0,opportunistic|evidence_concealment|repeat_target|escape_vehicle_used,Crime appears to be opportunistic in nature. suspect attempted to conceal evidence. location or victim was targeted previously. suspect escaped using a vehicle.,7,1
FIR-00064,assault,highway,TN,afternoon,none,none,individual,26-35,0,1,1,0,escape_vehicle_used|planned_operation,Suspect escaped using a vehicle. evidence of pre-planned operation.,7,1
FIR-00065,burglary,rural_area,MH,night,blunt_object,lock_picking,government_property,juvenile,0,1,0,0,opportunistic|use_of_disguise|planned_operation|use_of_technology|escape_vehicle_used,Crime appears to be opportunistic in nature. suspect used a disguise to conceal identity. evidence of pre-planned operation. digital tools or devices were used. suspect escaped using a vehicle.,7,1
FIR-00066,kidnapping,highway,DL,early_morning,vehicle,social_engineering,individual,26-35,1,0,1,0,opportunistic|local_knowledge|physical_restraint|insider_help,Crime appears to be opportunistic in nature. suspect demonstrated knowledge of the local area. victim was physically restrained. insider assistance may have been involved.,9,0
FIR-00067,robbery,rural_area,DL,evening,firearm,none,financial_institution,18-25,0,0,0,0,planned_operation|lone_wolf,Evidence of pre-planned operation. single offender acted alone.,8,0
FIR-00068,robbery,marketplace,HR,night,firearm,none,financial_institution,46-60,0,1,1,0,psychological_manipulation|use_of_disguise|insider_help|accomplice_involved,Victim was manipulated psychologically. suspect used a disguise to conceal identity. insider assistance may have been involved. at least one accomplice was involved in the act.,9,1
FIR-00069,vandalism,commercial_zone,AP,night,improvised_tool,none,household,46-60,0,1,0,0,accomplice_involved|insider_help|local_knowledge|physical_restraint|psychological_manipulation,At least one accomplice was involved in the act. insider assistance may have been involved. suspect demonstrated knowledge of the local area. victim was physically restrained. victim was manipulated psychologically.,4,1
FIR-00070,burglary,marketplace,MP,midnight,none,lock_picking,commercial_establishment,46-60,0,0,1,0,escape_vehicle_used|lone_wolf|repeat_target|planned_operation,Suspect escaped using a vehicle. single offender acted alone. location or victim was targeted previously. evidence of pre-planned operation.,6,1
FIR-00071,robbery,industrial_area,DL,evening,blunt_object,social_engineering,multiple,26-35,0,0,0,0,escape_vehicle_used|repeat_target|psychological_manipulation,Suspect escaped using a vehicle. location or victim was targeted previously. victim was manipulated psychologically.,8,0
FIR-00072,cybercrime,bank_premises,MH,evening,none,social_engineering,financial_institution,26-35,1,0,0,1,planned_operation|opportunistic|local_knowledge,Evidence of pre-planned operation. crime appears to be opportunistic in nature. suspect demonstrated knowledge of the local area.,4,1
FIR-00073,robbery,industrial_area,UP,night,blunt_object,none,financial_institution,18-25,0,0,1,0,lone_wolf|prior_surveillance|planned_operation,Single offender acted alone. suspect conducted prior surveillance of the target. evidence of pre-planned operation.,9,1
FIR-00074,vandalism,rural_area,AP,midnight,improvised_tool,none,financial_institution,60+,0,0,0,0,physical_restraint|local_knowledge|planned_operation|use_of_technology|lone_wolf,Victim was physically restrained. suspect demonstrated knowledge of the local area. evidence of pre-planned operation. digital tools or devices were used. single offender acted alone.,2,1
FIR-00075,cybercrime,commercial_zone,KA,afternoon,none,unlocked_door,government_property,18-25,1,0,1,1,multiple_offenders|accomplice_involved|night_operation,Multiple offenders participated. at least one accomplice was involved in the act. crime was executed during nighttime hours.,5,0
FIR-00076,burglary,rural_area,UP,midnight,none,forced_entry,household,18-25,1,0,1,0,repeat_target|local_knowledge|escape_vehicle_used|insider_help|lone_wolf,Location or victim was targeted previously. suspect demonstrated knowledge of the local area. suspect escaped using a vehicle. insider assistance may have been involved. single offender acted alone.,5,1
FIR-00077,vehicle_theft,educational_institution,MH,night,none,roof_access,financial_institution,juvenile,1,4,0,0,use_of_disguise|accomplice_involved|multiple_offenders|insider_help|physical_restraint,Suspect used a disguise to conceal identity. at least one accomplice was involved in the act. multiple offenders participated. insider assistance may have been involved. victim was physically restrained.,5,1
FIR-00078,assault,bank_premises,DL,evening,blunt_object,none,individual,26-35,0,3,1,0,local_knowledge|multiple_offenders,Suspect demonstrated knowledge of the local area. multiple offenders participated.,7,0
FIR-00079,cybercrime,industrial_area,GJ,afternoon,none,tunneling,vehicle,juvenile,0,0,1,1,lone_wolf|escape_vehicle_used|insider_help,Single offender acted alone. suspect escaped using a vehicle. insider assistance may have been involved.,4,0
FIR-00080,burglary,educational_institution,HR,night,blunt_object,forced_entry,commercial_establishment,juvenile,0,2,0,0,escape_vehicle_used|multiple_offenders|local_knowledge|prior_surveillance,Suspect escaped using a vehicle. multiple offenders participated. suspect demonstrated knowledge of the local area. suspect conducted prior surveillance of the target.,6,0
FIR-00081,fraud,rural_area,KA,afternoon,none,impersonation,commercial_establishment,46-60,0,0,1,1,use_of_disguise|planned_operation|physical_restraint|evidence_concealment|use_of_technology,Suspect used a disguise to conceal identity. evidence of pre-planned operation. victim was physically restrained. suspect attempted to conceal evidence. digital tools or devices were used.,6,1
FIR-00082,cybercrime,rural_area,RJ,evening,none,social_engineering,individual,46-60,1,0,0,1,use_of_disguise|psychological_manipulation,Suspect used a disguise to conceal identity. victim was manipulated psychologically.,5,0
FIR-00083,assault,rural_area,AP,midnight,blunt_object,forced_entry,vehicle,36-45,1,0,1,0,lone_wolf|opportunistic|evidence_concealment,Single offender acted alone. crime appears to be opportunistic in nature. suspect attempted to conceal evidence.,5,1
FIR-00084,kidnapping,bank_premises,KA,afternoon,firearm,none,individual,juvenile,0,0,1,0,planned_operation|physical_restraint|repeat_target|escape_vehicle_used|insider_help,Evidence of pre-planned operation. victim was physically restrained. location or victim was targeted previously. suspect escaped using a vehicle. insider assistance may have been involved.,8,1
FIR-00085,assault,educational_institution,KL,evening,none,tunneling,individual,18-25,0,0,0,0,escape_vehicle_used|use_of_technology|night_operation,Suspect escaped using a vehicle. digital tools or devices were used. crime was executed during nighttime hours.,5,1
FIR-00086,murder,commercial_zone,RJ,evening,none,forced_entry,individual,26-35,0,0,1,0,multiple_offenders|local_knowledge|planned_operation|physical_restraint|accomplice_involved,Multiple offenders participated. suspect demonstrated knowledge of the local area. evidence of pre-planned operation. victim was physically restrained. at least one accomplice was involved in the act.,10,1
FIR-00087,murder,commercial_zone,UP,midnight,blunt_object,none,individual,46-60,1,1,0,0,psychological_manipulation|lone_wolf|escape_vehicle_used,Victim was manipulated psychologically. single offender acted alone. suspect escaped using a vehicle.,10,1
FIR-00088,cybercrime,parking_lot,UP,evening,none,cyber_access,digital_asset,46-60,1,4,1,1,accomplice_involved|multiple_offenders|lone_wolf|prior_surveillance,At least one accomplice was involved in the act. multiple offenders participated. single offender acted alone. suspect conducted prior surveillance of the target.,6,1
FIR-00089,vehicle_theft,marketplace,HR,evening,improvised_tool,lock_picking,vehicle,18-25,0,1,1,0,physical_restraint|insider_help|accomplice_involved|escape_vehicle_used|prior_surveillance,Victim was physically restrained. insider assistance may have been involved. at least one accomplice was involved in the act. suspect escaped using a vehicle. suspect conducted prior surveillance of the target.,4,1
FIR-00090,vehicle_theft,rural_area,MP,night,vehicle,unlocked_door,commercial_establishment,46-60,1,0,0,0,lone_wolf|accomplice_involved|repeat_target,Single offender acted alone. at least one accomplice was involved in the act. location or victim was targeted previously.,3,1
FIR-00091,cybercrime,industrial_area,MP,night,none,cyber_access,financial_institution,36-45,0,0,1,1,evidence_concealment|prior_surveillance|accomplice_involved|planned_operation,Suspect attempted to conceal evidence. suspect conducted prior surveillance of the target. at least one accomplice was involved in the act. evidence of pre-planned operation.,4,0
FIR-00092,burglary,highway,BR,midnight,blunt_object,window_break,household,18-25,1,0,1,0,local_knowledge|opportunistic|prior_surveillance|planned_operation,Suspect demonstrated knowledge of the local area. crime appears to be opportunistic in nature. suspect conducted prior surveillance of the target. evidence of pre-planned operation.,7,1
FIR-00093,drug_offense,industrial_area,RJ,midnight,none,none,individual,juvenile,1,0,0,0,escape_vehicle_used|local_knowledge|use_of_disguise|night_operation,Suspect escaped using a vehicle. suspect demonstrated knowledge of the local area. suspect used a disguise to conceal identity. crime was executed during nighttime hours.,5,1
FIR-00094,burglary,industrial_area,AP,midnight,none,unlocked_door,commercial_establishment,36-45,0,4,1,0,psychological_manipulation|use_of_technology|multiple_offenders|lone_wolf,Victim was manipulated psychologically. digital tools or devices were used. multiple offenders participated. single offender acted alone.,7,1
FIR-00095,murder,parking_lot,KA,afternoon,none,none,individual,36-45,0,1,0,0,accomplice_involved|physical_restraint|insider_help,At least one accomplice was involved in the act. victim was physically restrained. insider assistance may have been involved.,10,0
FIR-00096,vehicle_theft,highway,HR,early_morning,improvised_tool,lock_picking,vehicle,46-60,0,1,1,0,accomplice_involved|escape_vehicle_used|use_of_disguise|use_of_technology|night_operation,At least one accomplice was involved in the act. suspect escaped using a vehicle. suspect used a disguise to conceal identity. digital tools or devices were used. crime was executed during nighttime hours.,5,1
FIR-00097,fraud,public_transport,MP,evening,none,tunneling,individual,26-35,1,1,1,1,physical_restraint|escape_vehicle_used|night_operation|lone_wolf,Victim was physically restrained. suspect escaped using a vehicle. crime was executed during nighttime hours. single offender acted alone.,7,0
FIR-00098,drug_offense,rural_area,KA,midnight,knife,none,digital_asset,18-25,1,1,0,0,escape_vehicle_used|lone_wolf,Suspect escaped using a vehicle. single offender acted alone.,5,1
FIR-00099,vehicle_theft,public_transport,DL,afternoon,none,window_break,vehicle,juvenile,1,1,1,0,night_operation|psychological_manipulation|local_knowledge|use_of_disguise|prior_surveillance,Crime was executed during nighttime hours. victim was manipulated psychologically. suspect demonstrated knowledge of the local area. suspect used a disguise to conceal identity. suspect conducted prior surveillance of the target.,3,0
FIR-00100,murder,bank_premises,KL,midnight,firearm,none,individual,60+,0,0,1,0,opportunistic|planned_operation,Crime appears to be opportunistic in nature. evidence of pre-planned operation.,9,0
FIR-00101,murder,rural_area,WB,evening,knife,window_break,individual,26-35,0,2,0,0,repeat_target|multiple_offenders|use_of_technology|insider_help|evidence_concealment,Location or victim was targeted previously. multiple offenders participated. digital tools or devices were used. insider assistance may have been involved. suspect attempted to conceal evidence.,9,0
FIR-00102,murder,industrial_area,PB,evening,none,forced_entry,individual,46-60,0,1,1,0,multiple_offenders|use_of_technology|opportunistic|accomplice_involved|planned_operation,Multiple offenders participated. digital tools or devices were used. crime appears to be opportunistic in nature. at least one accomplice was involved in the act. evidence of pre-planned operation.,9,0
FIR-00103,fraud,parking_lot,AP,early_morning,none,social_engineering,government_property,60+,1,1,1,1,insider_help|prior_surveillance|psychological_manipulation|accomplice_involved,Insider assistance may have been involved. suspect conducted prior surveillance of the target. victim was manipulated psychologically. at least one accomplice was involved in the act.,6,1
FIR-00104,robbery,parking_lot,RJ,midnight,knife,none,financial_institution,26-35,0,1,1,0,planned_operation|local_knowledge|night_operation|psychological_manipulation|physical_restraint,Evidence of pre-planned operation. suspect demonstrated knowledge of the local area. crime was executed during nighttime hours. victim was manipulated psychologically. victim was physically restrained.,7,0
FIR-00105,robbery,commercial_zone,TN,early_morning,knife,none,financial_institution,60+,0,1,1,0,use_of_disguise|lone_wolf|use_of_technology|insider_help|prior_surveillance,Suspect used a disguise to conceal identity. single offender acted alone. digital tools or devices were used. insider assistance may have been involved. suspect conducted prior surveillance of the target.,9,1
FIR-00106,vandalism,public_transport,DL,midnight,rope,none,government_property,46-60,1,0,1,0,use_of_disguise|use_of_technology|prior_surveillance|accomplice_involved,Suspect used a disguise to conceal identity. digital tools or devices were used. suspect conducted prior surveillance of the target. at least one accomplice was involved in the act.,3,0
FIR-00107,kidnapping,highway,TS,morning,knife,impersonation,individual,juvenile,0,0,0,0,escape_vehicle_used|accomplice_involved|use_of_disguise,Suspect escaped using a vehicle. at least one accomplice was involved in the act. suspect used a disguise to conceal identity.,9,0
FIR-00108,burglary,marketplace,UP,afternoon,blunt_object,window_break,financial_institution,26-35,1,0,0,0,accomplice_involved|local_knowledge,At least one accomplice was involved in the act. suspect demonstrated knowledge of the local area.,7,1
FIR-00109,vehicle_theft,bank_premises,HR,early_morning,none,lock_picking,vehicle,18-25,0,1,1,0,repeat_target|use_of_technology,Location or victim was targeted previously. digital tools or devices were used.,3,0
FIR-00110,vehicle_theft,highway,WB,night,improvised_tool,unlocked_door,vehicle,46-60,1,0,1,0,local_knowledge|evidence_concealment|use_of_technology|opportunistic,Suspect demonstrated knowledge of the local area. suspect attempted to conceal evidence. digital tools or devices were used. crime appears to be opportunistic in nature.,4,1
FIR-00111,kidnapping,residential_area,RJ,evening,chemical,none,individual,46-60,0,0,1,0,local_knowledge|night_operation|repeat_target,Suspect demonstrated knowledge of the local area. crime was executed during nighttime hours. location or victim was targeted previously.,10,1
FIR-00112,fraud,parking_lot,TS,morning,none,impersonation,financial_institution,60+,0,0,1,1,planned_operation|multiple_offenders|opportunistic|repeat_target|prior_surveillance,Evidence of pre-planned operation. multiple offenders participated. crime appears to be opportunistic in nature. location or victim was targeted previously. suspect conducted prior surveillance of the target.,6,1
FIR-00113,vehicle_theft,educational_institution,GJ,early_morning,improvised_tool,lock_picking,vehicle,26-35,0,0,1,0,lone_wolf|accomplice_involved|local_knowledge|escape_vehicle_used|insider_help,Single offender acted alone. at least one accomplice was involved in the act. suspect demonstrated knowledge of the local area. suspect escaped using a vehicle. insider assistance may have been involved.,4,0
FIR-00114,fraud,rural_area,RJ,morning,none,forced_entry,individual,18-25,0,1,1,1,evidence_concealment|use_of_technology|psychological_manipulation,Suspect attempted to conceal evidence. digital tools or devices were used. victim was manipulated psychologically.,7,0
FIR-00115,murder,bank_premises,PB,evening,blunt_object,social_engineering,individual,juvenile,0,0,0,0,prior_surveillance|planned_operation,Suspect conducted prior surveillance of the target. evidence of pre-planned operation.,10,1
FIR-00116,assault,marketplace,MH,afternoon,none,none,public_space,juvenile,0,0,1,0,prior_surveillance|evidence_concealment|use_of_technology|escape_vehicle_used|repeat_target,Suspect conducted prior surveillance of the target. suspect attempted to conceal evidence. digital tools or devices were used. suspect escaped using a vehicle. location or victim was targeted previously.,6,0
FIR-00117,assault,educational_institution,DL,evening,none,none,individual,36-45,1,0,0,0,lone_wolf|physical_restraint|night_operation|escape_vehicle_used|multiple_offenders,Single offender acted alone. victim was physically restrained. crime was executed during nighttime hours. suspect escaped using a vehicle. multiple offenders participated.,5,1
FIR-00118,kidnapping,rural_area,PB,evening,firearm,none,individual,46-60,0,1,1,0,insider_help|night_operation,Insider assistance may have been involved. crime was executed during nighttime hours.,10,0
FIR-00119,burglary,residential_area,AP,midnight,none,unlocked_door,commercial_establishment,18-25,1,1,1,0,use_of_disguise|repeat_target|evidence_concealment|physical_restraint|night_operation,Suspect used a disguise to conceal identity. location or victim was targeted previously. suspect attempted to conceal evidence. victim was physically restrained. crime was executed during nighttime hours.,6,1
FIR-00120,assault,public_transport,GJ,midnight,vehicle,unlocked_door,individual,juvenile,0,1,1,0,psychological_manipulation|prior_surveillance|evidence_concealment|repeat_target|insider_help,Victim was manipulated psychologically. suspect conducted prior surveillance of the target. suspect attempted to conceal evidence. location or victim was targeted previously. insider assistance may have been involved.,6,0
FIR-00121,assault,highway,HR,afternoon,firearm,none,individual,60+,0,2,1,0,psychological_manipulation|opportunistic|accomplice_involved|multiple_offenders|prior_surveillance,Victim was manipulated psychologically. crime appears to be opportunistic in nature. at least one accomplice was involved in the act. multiple offenders participated. suspect conducted prior surveillance of the target.,6,0
FIR-00122,robbery,parking_lot,HR,night,knife,social_engineering,individual,46-60,1,1,0,0,prior_surveillance|repeat_target|planned_operation|multiple_offenders|accomplice_involved,Suspect conducted prior surveillance of the target. location or victim was targeted previously. evidence of pre-planned operation. multiple offenders participated. at least one accomplice was involved in the act.,9,0
FIR-00123,kidnapping,educational_institution,HR,afternoon,firearm,social_engineering,individual,36-45,1,1,0,0,insider_help|escape_vehicle_used|psychological_manipulation|evidence_concealment,Insider assistance may have been involved. suspect escaped using a vehicle. victim was manipulated psychologically. suspect attempted to conceal evidence.,8,0
FIR-00124,assault,parking_lot,KA,night,vehicle,none,individual,18-25,1,1,1,0,evidence_concealment|opportunistic|use_of_disguise,Suspect attempted to conceal evidence. crime appears to be opportunistic in nature. suspect used a disguise to conceal identity.,6,0
FIR-00125,vandalism,industrial_area,HR,afternoon,chemical,none,commercial_establishment,60+,0,1,0,0,planned_operation|insider_help|local_knowledge|repeat_target|escape_vehicle_used,Evidence of pre-planned operation. insider assistance may have been involved. suspect demonstrated knowledge of the local area. location or victim was targeted previously. suspect escaped using a vehicle.,3,1
FIR-00126,cybercrime,marketplace,RJ,evening,firearm,cyber_access,individual,46-60,0,0,0,1,accomplice_involved|local_knowledge|opportunistic|escape_vehicle_used|use_of_technology,At least one accomplice was involved in the act. suspect demonstrated knowledge of the local area. crime appears to be opportunistic in nature. suspect escaped using a vehicle. digital tools or devices were used.,4,0
FIR-00127,fraud,commercial_zone,DL,morning,vehicle,impersonation,digital_asset,juvenile,1,0,1,1,lone_wolf|opportunistic|planned_operation,Single offender acted alone. crime appears to be opportunistic in nature. evidence of pre-planned operation.,8,1
FIR-00128,burglary,marketplace,MP,midnight,none,forced_entry,commercial_establishment,18-25,0,0,0,0,night_operation|insider_help|escape_vehicle_used|multiple_offenders|lone_wolf,Crime was executed during nighttime hours. insider assistance may have been involved. suspect escaped using a vehicle. multiple offenders participated. single offender acted alone.,6,1
FIR-00129,burglary,rural_area,RJ,midnight,none,forced_entry,household,46-60,0,1,1,0,local_knowledge|psychological_manipulation|use_of_disguise,Suspect demonstrated knowledge of the local area. victim was manipulated psychologically. suspect used a disguise to conceal identity.,7,1
FIR-00130,burglary,parking_lot,HR,morning,none,lock_picking,household,juvenile,0,1,1,0,escape_vehicle_used|opportunistic|night_operation,Suspect escaped using a vehicle. crime appears to be opportunistic in nature. crime was executed during nighttime hours.,6,1
FIR-00131,vandalism,educational_institution,AP,midnight,improvised_tool,none,commercial_establishment,46-60,1,1,0,0,psychological_manipulation|accomplice_involved|night_operation,Victim was manipulated psychologically. at least one accomplice was involved in the act. crime was executed during nighttime hours.,2,1
FIR-00132,drug_offense,bank_premises,WB,early_morning,knife,none,individual,18-25,1,0,1,0,psychological_manipulation|multiple_offenders|insider_help,Victim was manipulated psychologically. multiple offenders participated. insider assistance may have been involved.,5,1
FIR-00133,assault,marketplace,UP,night,knife,unlocked_door,individual,36-45,1,1,0,0,insider_help|repeat_target,Insider assistance may have been involved. location or victim was targeted previously.,5,1
FIR-00134,murder,bank_premises,HR,midnight,firearm,none,vehicle,juvenile,0,2,0,0,multiple_offenders|accomplice_involved|escape_vehicle_used,Multiple offenders participated. at least one accomplice was involved in the act. suspect escaped using a vehicle.,9,0
FIR-00135,murder,parking_lot,RJ,night,none,none,individual,60+,1,2,1,0,planned_operation|multiple_offenders|night_operation,Evidence of pre-planned operation. multiple offenders participated. crime was executed during nighttime hours.,10,0
FIR-00136,vandalism,commercial_zone,HR,midnight,improvised_tool,window_break,infrastructure,18-25,0,1,0,0,use_of_technology|multiple_offenders,Digital tools or devices were used. multiple offenders participated.,4,0
FIR-00137,assault,highway,DL,morning,none,impersonation,individual,36-45,0,1,1,0,local_knowledge|use_of_technology,Suspect demonstrated knowledge of the local area. digital tools or devices were used.,7,0
FIR-00138,murder,commercial_zone,RJ,night,improvised_tool,lock_picking,individual,46-60,1,1,1,0,planned_operation|insider_help|repeat_target|opportunistic|multiple_offenders,Evidence of pre-planned operation. insider assistance may have been involved. location or victim was targeted previously. crime appears to be opportunistic in nature. multiple offenders participated.,10,1
FIR-00139,fraud,highway,KL,early_morning,none,impersonation,individual,18-25,0,0,1,1,opportunistic|multiple_offenders|repeat_target|accomplice_involved,Crime appears to be opportunistic in nature. multiple offenders participated. location or victim was targeted previously. at least one accomplice was involved in the act.,7,0
FIR-00140,assault,public_transport,DL,afternoon,blunt_object,none,individual,36-45,1,1,0,0,lone_wolf|prior_surveillance|evidence_concealment,Single offender acted alone. suspect conducted prior surveillance of the target. suspect attempted to conceal evidence.,5,0
FIR-00141,murder,highway,TS,midnight,firearm,none,commercial_establishment,18-25,0,0,1,0,use_of_disguise|use_of_technology|physical_restraint,Suspect used a disguise to conceal identity. digital tools or devices were used. victim was physically restrained.,10,1
FIR-00142,fraud,commercial_zone,HR,midnight,none,impersonation,household,18-25,1,0,0,1,escape_vehicle_used|planned_operation|opportunistic|local_knowledge|use_of_disguise,Suspect escaped using a vehicle. evidence of pre-planned operation. crime appears to be opportunistic in nature. suspect demonstrated knowledge of the local area. suspect used a disguise to conceal identity.,8,1
FIR-00143,drug_offense,highway,TS,early_morning,chemical,none,individual,26-35,1,0,0,0,evidence_concealment|planned_operation|accomplice_involved,Suspect attempted to conceal evidence. evidence of pre-planned operation. at least one accomplice was involved in the act.,6,1
FIR-00144,fraud,residential_area,DL,morning,none,impersonation,household,46-60,1,1,1,1,accomplice_involved|lone_wolf|prior_surveillance,At least one accomplice was involved in the act. single offender acted alone. suspect conducted prior surveillance of the target.,7,0
FIR-00145,kidnapping,industrial_area,GJ,early_morning,knife,none,individual,46-60,1,0,0,0,physical_restraint|escape_vehicle_used,Victim was physically restrained. suspect escaped using a vehicle.,8,1
FIR-00146,robbery,commercial_zone,KL,early_morning,blunt_object,none,individual,juvenile,1,1,0,0,opportunistic|insider_help,Crime appears to be opportunistic in nature. insider assistance may have been involved.,9,0
FIR-00147,fraud,educational_institution,DL,afternoon,knife,lock_picking,commercial_establishment,46-60,1,1,0,1,evidence_concealment|insider_help,Suspect attempted to conceal evidence. insider assistance may have been involved.,6,1
FIR-00148,fraud,public_transport,WB,morning,none,lock_picking,individual,juvenile,1,3,0,1,opportunistic|lone_wolf|multiple_offenders,Crime appears to be opportunistic in nature. single offender acted alone. multiple offenders participated.,8,1
FIR-00149,fraud,industrial_area,HR,afternoon,none,social_engineering,individual,18-25,0,1,1,1,local_knowledge|accomplice_involved,Suspect demonstrated knowledge of the local area. at least one accomplice was involved in the act.,7,0
FIR-00150,robbery,marketplace,AP,night,firearm,social_engineering,financial_institution,26-35,0,0,1,0,insider_help|use_of_disguise|prior_surveillance,Insider assistance may have been involved. suspect used a disguise to conceal identity. suspect conducted prior surveillance of the target.,7,0
FIR-00151,burglary,highway,MH,early_morning,chemical,impersonation,household,36-45,0,1,1,0,use_of_technology|accomplice_involved|prior_surveillance,Digital tools or devices were used. at least one accomplice was involved in the act. suspect conducted prior surveillance of the target.,7,0
FIR-00152,murder,highway,UP,early_morning,firearm,none,individual,60+,1,1,1,0,psychological_manipulation|lone_wolf|local_knowledge|planned_operation,Victim was manipulated psychologically. single offender acted alone. suspect demonstrated knowledge of the local area. evidence of pre-planned operation.,10,0
FIR-00153,murder,industrial_area,WB,night,none,social_engineering,individual,36-45,1,1,1,0,escape_vehicle_used|local_knowledge,Suspect escaped using a vehicle. suspect demonstrated knowledge of the local area.,10,1
FIR-00154,robbery,rural_area,MP,evening,firearm,none,individual,36-45,1,4,0,0,use_of_technology|multiple_offenders|use_of_disguise|prior_surveillance,Digital tools or devices were used. multiple offenders participated. suspect used a disguise to conceal identity. suspect conducted prior surveillance of the target.,8,0
FIR-00155,robbery,rural_area,TS,night,none,none,financial_institution,60+,0,0,0,0,use_of_technology|lone_wolf,Digital tools or devices were used. single offender acted alone.,7,0
FIR-00156,murder,highway,MH,early_morning,firearm,tunneling,individual,36-45,1,0,0,0,opportunistic|evidence_concealment|night_operation|use_of_disguise|repeat_target,Crime appears to be opportunistic in nature. suspect attempted to conceal evidence. crime was executed during nighttime hours. suspect used a disguise to conceal identity. location or victim was targeted previously.,9,1
FIR-00157,cybercrime,bank_premises,TS,evening,none,cyber_access,individual,18-25,0,1,1,1,local_knowledge|evidence_concealment,Suspect demonstrated knowledge of the local area. suspect attempted to conceal evidence.,5,0
FIR-00158,vandalism,residential_area,MP,midnight,blunt_object,none,public_space,36-45,1,0,0,0,opportunistic|accomplice_involved|night_operation,Crime appears to be opportunistic in nature. at least one accomplice was involved in the act. crime was executed during nighttime hours.,3,1
FIR-00159,vandalism,rural_area,MH,evening,chemical,none,commercial_establishment,46-60,0,1,0,0,repeat_target|physical_restraint|night_operation|local_knowledge,Location or victim was targeted previously. victim was physically restrained. crime was executed during nighttime hours. suspect demonstrated knowledge of the local area.,3,0
FIR-00160,murder,industrial_area,KL,night,firearm,none,individual,26-35,1,0,1,0,accomplice_involved|prior_surveillance|use_of_disguise|physical_restraint,At least one accomplice was involved in the act. suspect conducted prior surveillance of the target. suspect used a disguise to conceal identity. victim was physically restrained.,9,0
FIR-00161,robbery,highway,WB,evening,firearm,none,individual,60+,0,1,1,0,escape_vehicle_used|night_operation|psychological_manipulation,Suspect escaped using a vehicle. crime was executed during nighttime hours. victim was manipulated psychologically.,7,0
FIR-00162,cybercrime,rural_area,TN,evening,none,cyber_access,individual,46-60,0,0,1,1,evidence_concealment|use_of_disguise,Suspect attempted to conceal evidence. suspect used a disguise to conceal identity.,4,1
FIR-00163,fraud,commercial_zone,KA,morning,none,tunneling,financial_institution,26-35,0,0,1,1,accomplice_involved|planned_operation,At least one accomplice was involved in the act. evidence of pre-planned operation.,7,0
FIR-00164,murder,industrial_area,DL,afternoon,none,none,individual,36-45,0,0,1,0,physical_restraint|prior_surveillance,Victim was physically restrained. suspect conducted prior surveillance of the target.,9,0
FIR-00165,assault,residential_area,TS,morning,firearm,unlocked_door,individual,36-45,1,1,1,0,opportunistic|prior_surveillance|accomplice_involved|evidence_concealment|night_operation,Crime appears to be opportunistic in nature. suspect conducted prior surveillance of the target. at least one accomplice was involved in the act. suspect attempted to conceal evidence. crime was executed during nighttime hours.,6,0
FIR-00166,cybercrime,educational_institution,TS,morning,none,cyber_access,digital_asset,60+,0,0,1,1,night_operation|prior_surveillance|evidence_concealment,Crime was executed during nighttime hours. suspect conducted prior surveillance of the target. suspect attempted to conceal evidence.,5,1
FIR-00167,robbery,highway,UP,midnight,blunt_object,social_engineering,financial_institution,26-35,1,0,0,0,lone_wolf|insider_help|repeat_target|night_operation,Single offender acted alone. insider assistance may have been involved. location or victim was targeted previously. crime was executed during nighttime hours.,9,0
FIR-00168,robbery,highway,RJ,midnight,none,impersonation,individual,46-60,0,0,0,0,insider_help|evidence_concealment|repeat_target|accomplice_involved|planned_operation,Insider assistance may have been involved. suspect attempted to conceal evidence. location or victim was targeted previously. at least one accomplice was involved in the act. evidence of pre-planned operation.,9,0
FIR-00169,robbery,commercial_zone,RJ,evening,none,none,financial_institution,60+,1,0,1,0,use_of_technology|opportunistic|escape_vehicle_used,Digital tools or devices were used. crime appears to be opportunistic in nature. suspect escaped using a vehicle.,7,0
FIR-00170,drug_offense,parking_lot,HR,midnight,none,unlocked_door,multiple,46-60,1,0,0,0,repeat_target|use_of_disguise|physical_restraint|multiple_offenders|local_knowledge,Location or victim was targeted previously. suspect used a disguise to conceal identity. victim was physically restrained. multiple offenders participated. suspect demonstrated knowledge of the local area.,4,1
FIR-00171,cybercrime,residential_area,KA,afternoon,none,window_break,financial_institution,18-25,1,1,1,1,accomplice_involved|planned_operation|opportunistic|escape_vehicle_used|night_operation,At least one accomplice was involved in the act. evidence of pre-planned operation. crime appears to be opportunistic in nature. suspect escaped using a vehicle. crime was executed during nighttime hours.,5,1
FIR-00172,burglary,industrial_area,KL,midnight,firearm,lock_picking,financial_institution,26-35,1,1,0,0,use_of_technology|escape_vehicle_used|planned_operation|physical_restraint,Digital tools or devices were used. suspect escaped using a vehicle. evidence of pre-planned operation. victim was physically restrained.,5,1
FIR-00173,kidnapping,industrial_area,BR,night,firearm,forced_entry,individual,46-60,0,1,0,0,planned_operation|lone_wolf|multiple_offenders,Evidence of pre-planned operation. single offender acted alone. multiple offenders participated.,8,1
FIR-00174,murder,residential_area,GJ,midnight,firearm,window_break,individual,18-25,0,2,0,0,opportunistic|multiple_offenders|insider_help|physical_restraint|use_of_technology,Crime appears to be opportunistic in nature. multiple offenders participated. insider assistance may have been involved. victim was physically restrained. digital tools or devices were used.,9,0
FIR-00175,cybercrime,highway,MH,morning,none,cyber_access,financial_institution,46-60,0,0,0,1,evidence_concealment|lone_wolf,Suspect attempted to conceal evidence. single offender acted alone.,4,1
FIR-00176,cybercrime,educational_institution,WB,afternoon,none,window_break,public_space,18-25,1,1,1,1,night_operation|prior_surveillance|use_of_technology|psychological_manipulation|opportunistic,Crime was executed during nighttime hours. suspect conducted prior surveillance of the target. digital tools or devices were used. victim was manipulated psychologically. crime appears to be opportunistic in nature.,6,0
FIR-00177,robbery,public_transport,MP,midnight,chemical,tunneling,financial_institution,18-25,0,0,1,0,local_knowledge|psychological_manipulation,Suspect demonstrated knowledge of the local area. victim was manipulated psychologically.,7,1
FIR-00178,cybercrime,public_transport,MP,afternoon,none,cyber_access,individual,60+,0,1,0,1,escape_vehicle_used|use_of_technology|repeat_target|use_of_disguise|psychological_manipulation,Suspect escaped using a vehicle. digital tools or devices were used. location or victim was targeted previously. suspect used a disguise to conceal identity. victim was manipulated psychologically.,4,0
FIR-00179,murder,commercial_zone,GJ,midnight,blunt_object,unlocked_door,vehicle,18-25,1,3,0,0,multiple_offenders|local_knowledge|opportunistic|evidence_concealment,Multiple offenders participated. suspect demonstrated knowledge of the local area. crime appears to be opportunistic in nature. suspect attempted to conceal evidence.,10,1
FIR-00180,murder,bank_premises,RJ,evening,knife,none,individual,26-35,1,1,0,0,repeat_target|night_operation|opportunistic,Location or victim was targeted previously. crime was executed during nighttime hours. crime appears to be opportunistic in nature.,10,0
FIR-00181,fraud,residential_area,KA,morning,none,cyber_access,individual,36-45,1,0,1,1,opportunistic|insider_help|local_knowledge,Crime appears to be opportunistic in nature. insider assistance may have been involved. suspect demonstrated knowledge of the local area.,6,0
FIR-00182,kidnapping,rural_area,TN,afternoon,chemical,none,individual,46-60,1,1,0,0,insider_help|night_operation,Insider assistance may have been involved. crime was executed during nighttime hours.,9,0
FIR-00183,robbery,bank_premises,MP,evening,chemical,none,public_space,46-60,1,0,1,0,psychological_manipulation|lone_wolf|insider_help,Victim was manipulated psychologically. single offender acted alone. insider assistance may have been involved.,7,1
FIR-00184,burglary,highway,KA,night,none,forced_entry,household,60+,0,0,0,0,accomplice_involved|psychological_manipulation,At least one accomplice was involved in the act. victim was manipulated psychologically.,5,1
FIR-00185,kidnapping,educational_institution,TS,morning,none,social_engineering,individual,36-45,1,0,1,0,repeat_target|planned_operation|multiple_offenders|accomplice_involved,Location or victim was targeted previously. evidence of pre-planned operation. multiple offenders participated. at least one accomplice was involved in the act.,10,0
FIR-00186,robbery,highway,UP,evening,none,none,vehicle,26-35,1,0,0,0,planned_operation|escape_vehicle_used|insider_help|opportunistic|night_operation,Evidence of pre-planned operation. suspect escaped using a vehicle. insider assistance may have been involved. crime appears to be opportunistic in nature. crime was executed during nighttime hours.,9,1
FIR-00187,vandalism,public_transport,KA,night,chemical,unlocked_door,public_space,36-45,1,2,1,0,night_operation|multiple_offenders,Crime was executed during nighttime hours. multiple offenders participated.,2,1
FIR-00188,fraud,rural_area,BR,morning,none,social_engineering,individual,26-35,1,3,1,1,use_of_disguise|opportunistic|multiple_offenders|lone_wolf,Suspect used a disguise to conceal identity. crime appears to be opportunistic in nature. multiple offenders participated. single offender acted alone.,7,1
FIR-00189,cybercrime,residential_area,DL,midnight,none,impersonation,individual,18-25,1,0,1,1,lone_wolf|use_of_disguise|physical_restraint|planned_operation|opportunistic,Single offender acted alone. suspect used a disguise to conceal identity. victim was physically restrained. evidence of pre-planned operation. crime appears to be opportunistic in nature.,6,0
FIR-00190,murder,rural_area,MP,midnight,firearm,none,individual,46-60,0,2,1,0,multiple_offenders|psychological_manipulation,Multiple offenders participated. victim was manipulated psychologically.,10,0
FIR-00191,assault,marketplace,PB,night,none,roof_access,infrastructure,36-45,1,1,1,0,psychological_manipulation|night_operation|opportunistic|repeat_target|prior_surveillance,Victim was manipulated psychologically. crime was executed during nighttime hours. crime appears to be opportunistic in nature. location or victim was targeted previously. suspect conducted prior surveillance of the target.,7,1
FIR-00192,vehicle_theft,marketplace,TS,midnight,improvised_tool,cyber_access,vehicle,60+,1,4,1,0,multiple_offenders|prior_surveillance|use_of_technology|evidence_concealment|lone_wolf,Multiple offenders participated. suspect conducted prior surveillance of the target. digital tools or devices were used. suspect attempted to conceal evidence. single offender acted alone.,5,0
FIR-00193,drug_offense,rural_area,HR,early_morning,none,none,public_space,46-60,0,0,1,0,escape_vehicle_used|evidence_concealment|insider_help|accomplice_involved|local_knowledge,Suspect escaped using a vehicle. suspect attempted to conceal evidence. insider assistance may have been involved. at least one accomplice was involved in the act. suspect demonstrated knowledge of the local area.,4,0
FIR-00194,fraud,industrial_area,KL,afternoon,knife,impersonation,public_space,60+,0,1,0,1,use_of_technology|physical_restraint,Digital tools or devices were used. victim was physically restrained.,6,1
FIR-00195,murder,commercial_zone,WB,morning,knife,lock_picking,multiple,36-45,0,1,1,0,evidence_concealment|prior_surveillance|use_of_technology,Suspect attempted to conceal evidence. suspect conducted prior surveillance of the target. digital tools or devices were used.,10,0
FIR-00196,drug_offense,bank_premises,RJ,morning,blunt_object,none,public_space,36-45,0,0,0,0,use_of_technology|planned_operation|opportunistic,Digital tools or devices were used. evidence of pre-planned operation. crime appears to be opportunistic in nature.,5,0
FIR-00197,kidnapping,public_transport,KL,evening,none,social_engineering,individual,46-60,1,1,0,0,repeat_target|escape_vehicle_used|psychological_manipulation|use_of_disguise,Location or victim was targeted previously. suspect escaped using a vehicle. victim was manipulated psychologically. suspect used a disguise to conceal identity.,10,0
FIR-00198,fraud,commercial_zone,RJ,afternoon,rope,impersonation,infrastructure,juvenile,1,1,1,1,planned_operation|repeat_target,Evidence of pre-planned operation. location or victim was targeted previously.,6,0
FIR-00199,assault,commercial_zone,PB,midnight,knife,none,individual,46-60,0,1,0,0,local_knowledge|night_operation|use_of_technology,Suspect demonstrated knowledge of the local area. crime was executed during nighttime hours. digital tools or devices were used.,7,0
FIR-00200,kidnapping,public_transport,KL,evening,knife,none,individual,60+,0,0,0,0,planned_operation|local_knowledge|escape_vehicle_used|night_operation,Evidence of pre-planned operation. suspect demonstrated knowledge of the local area. suspect escaped using a vehicle. crime was executed during nighttime hours.,8,0
FIR-00201,assault,residential_area,WB,early_morning,knife,none,individual,26-35,0,1,1,0,accomplice_involved|use_of_disguise|opportunistic,At least one accomplice was involved in the act. suspect used a disguise to conceal identity. crime appears to be opportunistic in nature.,7,0
FIR-00202,vandalism,industrial_area,MP,night,blunt_object,tunneling,commercial_establishment,36-45,0,1,1,0,escape_vehicle_used|night_operation,Suspect escaped using a vehicle. crime was executed during nighttime hours.,4,0
FIR-00203,fraud,parking_lot,TN,afternoon,none,forced_entry,financial_institution,46-60,0,1,0,1,local_knowledge|lone_wolf|evidence_concealment|accomplice_involved,Suspect demonstrated knowledge of the local area. single offender acted alone. suspect attempted to conceal evidence. at least one accomplice was involved in the act.,8,0
FIR-00204,drug_offense,rural_area,DL,afternoon,knife,none,financial_institution,46-60,0,0,1,0,prior_surveillance|psychological_manipulation|accomplice_involved,Suspect conducted prior surveillance of the target. victim was manipulated psychologically. at least one accomplice was involved in the act.,6,1
FIR-00205,robbery,residential_area,KL,evening,knife,impersonation,commercial_establishment,36-45,1,0,0,0,use_of_disguise|prior_surveillance,Suspect used a disguise to conceal identity. suspect conducted prior surveillance of the target.,8,1
FIR-00206,cybercrime,residential_area,KL,afternoon,none,cyber_access,individual,60+,0,1,1,1,use_of_disguise|opportunistic,Suspect used a disguise to conceal identity. crime appears to be opportunistic in nature.,4,0
FIR-00207,vandalism,highway,KA,midnight,chemical,none,commercial_establishment,46-60,0,1,0,0,physical_restraint|psychological_manipulation|local_knowledge,Victim was physically restrained. victim was manipulated psychologically. suspect demonstrated knowledge of the local area.,4,0
FIR-00208,drug_offense,educational_institution,KL,morning,knife,none,individual,18-25,0,0,1,0,planned_operation|evidence_concealment|psychological_manipulation|use_of_technology,Evidence of pre-planned operation. suspect attempted to conceal evidence. victim was manipulated psychologically. digital tools or devices were used.,4,1
FIR-00209,vehicle_theft,educational_institution,DL,early_morning,none,forced_entry,vehicle,60+,1,0,0,0,evidence_concealment|opportunistic|lone_wolf,Suspect attempted to conceal evidence. crime appears to be opportunistic in nature. single offender acted alone.,5,1
FIR-00210,cybercrime,parking_lot,GJ,morning,none,cyber_access,digital_asset,46-60,0,1,1,1,opportunistic|prior_surveillance|evidence_concealment|night_operation|local_knowledge,Crime appears to be opportunistic in nature. suspect conducted prior surveillance of the target. suspect attempted to conceal evidence. crime was executed during nighttime hours. suspect demonstrated knowledge of the local area.,6,0
FIR-00211,fraud,industrial_area,AP,afternoon,none,cyber_access,individual,60+,1,0,0,1,repeat_target|lone_wolf|use_of_technology|night_operation,Location or victim was targeted previously. single offender acted alone. digital tools or devices were used. crime was executed during nighttime hours.,8,1
FIR-00212,burglary,educational_institution,BR,midnight,none,window_break,infrastructure,46-60,0,0,1,0,repeat_target|opportunistic|planned_operation|night_operation|physical_restraint,Location or victim was targeted previously. crime appears to be opportunistic in nature. evidence of pre-planned operation. crime was executed during nighttime hours. victim was physically restrained.,6,0
FIR-00213,drug_offense,marketplace,UP,midnight,none,none,commercial_establishment,18-25,0,0,0,0,evidence_concealment|opportunistic|prior_surveillance,Suspect attempted to conceal evidence. crime appears to be opportunistic in nature. suspect conducted prior surveillance of the target.,5,1
FIR-00214,cybercrime,rural_area,KL,morning,none,cyber_access,individual,juvenile,0,1,1,1,use_of_technology|physical_restraint|evidence_concealment|lone_wolf,Digital tools or devices were used. victim was physically restrained. suspect attempted to conceal evidence. single offender acted alone.,6,1
FIR-00215,vandalism,rural_area,HR,night,none,none,public_space,36-45,0,1,0,0,repeat_target|insider_help,Location or victim was targeted previously. insider assistance may have been involved.,2,1
FIR-00216,assault,marketplace,WB,night,knife,none,household,60+,0,4,0,0,multiple_offenders|prior_surveillance|night_operation,Multiple offenders participated. suspect conducted prior surveillance of the target. crime was executed during nighttime hours.,7,1
FIR-00217,assault,highway,AP,evening,knife,social_engineering,infrastructure,46-60,0,0,0,0,use_of_disguise|night_operation|insider_help|physical_restraint,Suspect used a disguise to conceal identity. crime was executed during nighttime hours. insider assistance may have been involved. victim was physically restrained.,6,0
FIR-00218,kidnapping,marketplace,AP,evening,chemical,social_engineering,individual,46-60,1,1,0,0,local_knowledge|use_of_disguise|accomplice_involved|prior_surveillance|night_operation,Suspect demonstrated knowledge of the local area. suspect used a disguise to conceal identity. at least one accomplice was involved in the act. suspect conducted prior surveillance of the target. crime was executed during nighttime hours.,10,0
FIR-00219,vandalism,commercial_zone,TS,midnight,chemical,roof_access,government_property,36-45,1,4,1,0,multiple_offenders|use_of_technology,Multiple offenders participated. digital tools or devices were used.,2,1
FIR-00220,vehicle_theft,marketplace,BR,evening,none,impersonation,vehicle,18-25,0,4,0,0,multiple_offenders|repeat_target|night_operation|prior_surveillance,Multiple offenders participated. location or victim was targeted previously. crime was executed during nighttime hours. suspect conducted prior surveillance of the target.,3,0
FIR-00221,drug_offense,educational_institution,RJ,early_morning,none,none,public_space,46-60,0,1,0,0,local_knowledge|evidence_concealment|night_operation|planned_operation,Suspect demonstrated knowledge of the local area. suspect attempted to conceal evidence. crime was executed during nighttime hours. evidence of pre-planned operation.,6,1
FIR-00222,fraud,public_transport,HR,afternoon,none,impersonation,household,36-45,0,0,0,1,night_operation|evidence_concealment|use_of_technology,Crime was executed during nighttime hours. suspect attempted to conceal evidence. digital tools or devices were used.,7,0
FIR-00223,kidnapping,educational_institution,GJ,early_morning,chemical,social_engineering,individual,18-25,1,1,0,0,local_knowledge|lone_wolf,Suspect demonstrated knowledge of the local area. single offender acted alone.,10,0
FIR-00224,assault,parking_lot,TS,night,none,none,individual,18-25,1,1,1,0,prior_surveillance|use_of_disguise|accomplice_involved,Suspect conducted prior surveillance of the target. suspect used a disguise to conceal identity. at least one accomplice was involved in the act.,6,0
FIR-00225,kidnapping,rural_area,TN,evening,none,none,individual,26-35,0,0,1,0,lone_wolf|evidence_concealment|planned_operation,Single offender acted alone. suspect attempted to conceal evidence. evidence of pre-planned operation.,9,0
FIR-00226,drug_offense,parking_lot,KL,night,none,none,infrastructure,26-35,1,1,0,0,evidence_concealment|local_knowledge|night_operation|lone_wolf|opportunistic,Suspect attempted to conceal evidence. suspect demonstrated knowledge of the local area. crime was executed during nighttime hours. single offender acted alone. crime appears to be opportunistic in nature.,5,0
FIR-00227,murder,rural_area,MP,night,knife,none,digital_asset,46-60,1,0,0,0,insider_help|repeat_target|accomplice_involved|planned_operation,Insider assistance may have been involved. location or victim was targeted previously. at least one accomplice was involved in the act. evidence of pre-planned operation.,10,0
FIR-00228,murder,marketplace,TN,night,blunt_object,window_break,individual,60+,1,1,0,0,use_of_technology|night_operation|lone_wolf,Digital tools or devices were used. crime was executed during nighttime hours. single offender acted alone.,9,1
FIR-00229,robbery,rural_area,GJ,night,blunt_object,social_engineering,public_space,46-60,0,0,0,0,evidence_concealment|use_of_disguise|local_knowledge|use_of_technology,Suspect attempted to conceal evidence. suspect used a disguise to conceal identity. suspect demonstrated knowledge of the local area. digital tools or devices were used.,7,1
FIR-00230,drug_offense,marketplace,KL,evening,knife,forced_entry,commercial_establishment,juvenile,0,1,1,0,prior_surveillance|evidence_concealment|psychological_manipulation|night_operation,Suspect conducted prior surveillance of the target. suspect attempted to conceal evidence. victim was manipulated psychologically. crime was executed during nighttime hours.,4,1
FIR-00231,vandalism,marketplace,TN,morning,chemical,none,government_property,36-45,1,1,0,0,escape_vehicle_used|multiple_offenders|planned_operation|repeat_target,Suspect escaped using a vehicle. multiple offenders participated. evidence of pre-planned operation. location or victim was targeted previously.,4,1
FIR-00232,robbery,industrial_area,WB,morning,blunt_object,social_engineering,individual,36-45,1,1,0,0,evidence_concealment|repeat_target|lone_wolf|use_of_technology,Suspect attempted to conceal evidence. location or victim was targeted previously. single offender acted alone. digital tools or devices were used.,7,0
FIR-00233,assault,bank_premises,BR,night,knife,none,individual,46-60,0,0,0,0,prior_surveillance|planned_operation|accomplice_involved|opportunistic,Suspect conducted prior surveillance of the target. evidence of pre-planned operation. at least one accomplice was involved in the act. crime appears to be opportunistic in nature.,7,0
FIR-00234,cybercrime,industrial_area,TS,evening,rope,cyber_access,financial_institution,18-25,0,0,0,1,multiple_offenders|psychological_manipulation|physical_restraint|evidence_concealment,Multiple offenders participated. victim was manipulated psychologically. victim was physically restrained. suspect attempted to conceal evidence.,4,0
FIR-00235,fraud,rural_area,AP,afternoon,none,impersonation,commercial_establishment,60+,0,2,0,1,multiple_offenders|use_of_disguise|lone_wolf|prior_surveillance|evidence_concealment,Multiple offenders participated. suspect used a disguise to conceal identity. single offender acted alone. suspect conducted prior surveillance of the target. suspect attempted to conceal evidence.,8,0
FIR-00236,vehicle_theft,commercial_zone,KA,night,none,unlocked_door,infrastructure,juvenile,0,1,1,0,local_knowledge|repeat_target,Suspect demonstrated knowledge of the local area. location or victim was targeted previously.,5,1
FIR-00237,assault,bank_premises,MP,evening,vehicle,none,public_space,26-35,1,1,1,0,lone_wolf|psychological_manipulation|escape_vehicle_used,Single offender acted alone. victim was manipulated psychologically. suspect escaped using a vehicle.,7,0
FIR-00238,fraud,residential_area,MP,morning,none,cyber_access,commercial_establishment,juvenile,0,1,1,1,escape_vehicle_used|repeat_target|insider_help,Suspect escaped using a vehicle. location or victim was targeted previously. insider assistance may have been involved.,8,0
FIR-00239,cybercrime,highway,RJ,afternoon,none,roof_access,digital_asset,46-60,1,3,0,1,local_knowledge|multiple_offenders|planned_operation,Suspect demonstrated knowledge of the local area. multiple offenders participated. evidence of pre-planned operation.,4,1
FIR-00240,drug_offense,industrial_area,KA,night,knife,window_break,individual,18-25,1,0,0,0,lone_wolf|repeat_target|escape_vehicle_used|physical_restraint|insider_help,Single offender acted alone. location or victim was targeted previously. suspect escaped using a vehicle. victim was physically restrained. insider assistance may have been involved.,4,1
FIR-00241,drug_offense,residential_area,TN,night,knife,none,individual,36-45,1,0,0,0,evidence_concealment|opportunistic|insider_help|escape_vehicle_used,Suspect attempted to conceal evidence. crime appears to be opportunistic in nature. insider assistance may have been involved. suspect escaped using a vehicle.,5,1
FIR-00242,burglary,commercial_zone,TN,midnight,blunt_object,lock_picking,individual,60+,1,0,1,0,insider_help|escape_vehicle_used|prior_surveillance|night_operation|evidence_concealment,Insider assistance may have been involved. suspect escaped using a vehicle. suspect conducted prior surveillance of the target. crime was executed during nighttime hours. suspect attempted to conceal evidence.,5,1
FIR-00243,kidnapping,bank_premises,KA,afternoon,firearm,social_engineering,infrastructure,juvenile,0,0,1,0,planned_operation|opportunistic|prior_surveillance|psychological_manipulation,Evidence of pre-planned operation. crime appears to be opportunistic in nature. suspect conducted prior surveillance of the target. victim was manipulated psychologically.,8,1
FIR-00244,fraud,marketplace,AP,afternoon,knife,impersonation,multiple,60+,1,1,0,1,insider_help|use_of_disguise,Insider assistance may have been involved. suspect used a disguise to conceal identity.,8,1
FIR-00245,burglary,marketplace,TN,night,none,lock_picking,commercial_establishment,60+,1,1,1,0,escape_vehicle_used|evidence_concealment|use_of_disguise|repeat_target|prior_surveillance,Suspect escaped using a vehicle. suspect attempted to conceal evidence. suspect used a disguise to conceal identity. location or victim was targeted previously. suspect conducted prior surveillance of the target.,6,1
FIR-00246,vehicle_theft,marketplace,PB,early_morning,none,unlocked_door,vehicle,26-35,1,0,0,0,lone_wolf|prior_surveillance|local_knowledge|psychological_manipulation,Single offender acted alone. suspect conducted prior surveillance of the target. suspect demonstrated knowledge of the local area. victim was manipulated psychologically.,5,1
FIR-00247,vandalism,bank_premises,WB,night,chemical,none,financial_institution,60+,0,0,0,0,physical_restraint|opportunistic|planned_operation,Victim was physically restrained. crime appears to be opportunistic in nature. evidence of pre-planned operation.,2,0
FIR-00248,burglary,parking_lot,PB,morning,blunt_object,forced_entry,household,60+,1,0,1,0,use_of_technology|prior_surveillance|opportunistic|night_operation|physical_restraint,Digital tools or devices were used. suspect conducted prior surveillance of the target. crime appears to be opportunistic in nature. crime was executed during nighttime hours. victim was physically restrained.,5,1
FIR-00249,robbery,bank_premises,KL,evening,knife,social_engineering,government_property,juvenile,1,1,0,0,use_of_disguise|night_operation|use_of_technology|accomplice_involved,Suspect used a disguise to conceal identity. crime was executed during nighttime hours. digital tools or devices were used. at least one accomplice was involved in the act.,7,1
FIR-00250,vehicle_theft,rural_area,WB,night,improvised_tool,lock_picking,multiple,60+,0,0,1,0,night_operation|use_of_disguise|local_knowledge|lone_wolf|use_of_technology,Crime was executed during nighttime hours. suspect used a disguise to conceal identity. suspect demonstrated knowledge of the local area. single offender acted alone. digital tools or devices were used.,4,1
FIR-00251,fraud,rural_area,TN,night,rope,tunneling,digital_asset,46-60,0,1,1,1,local_knowledge|evidence_concealment|use_of_technology,Suspect demonstrated knowledge of the local area. suspect attempted to conceal evidence. digital tools or devices were used.,7,0
FIR-00252,murder,residential_area,TN,early_morning,blunt_object,window_break,individual,26-35,1,4,0,0,prior_surveillance|local_knowledge|multiple_offenders|escape_vehicle_used,Suspect conducted prior surveillance of the target. suspect demonstrated knowledge of the local area. multiple offenders participated. suspect escaped using a vehicle.,10,0
FIR-00253,robbery,educational_institution,AP,midnight,blunt_object,social_engineering,financial_institution,juvenile,1,1,0,0,use_of_disguise|escape_vehicle_used|opportunistic,Suspect used a disguise to conceal identity. suspect escaped using a vehicle. crime appears to be opportunistic in nature.,7,0
FIR-00254,vandalism,rural_area,RJ,night,blunt_object,roof_access,vehicle,36-45,0,0,1,0,insider_help|escape_vehicle_used,Insider assistance may have been involved. suspect escaped using a vehicle.,4,0
FIR-00255,burglary,marketplace,AP,night,none,window_break,commercial_establishment,46-60,0,2,0,0,multiple_offenders|repeat_target|local_knowledge,Multiple offenders participated. location or victim was targeted previously. suspect demonstrated knowledge of the local area.,5,1
FIR-00256,murder,industrial_area,MP,night,blunt_object,forced_entry,individual,36-45,1,1,1,0,planned_operation|use_of_technology|physical_restraint|escape_vehicle_used|lone_wolf,Evidence of pre-planned operation. digital tools or devices were used. victim was physically restrained. suspect escaped using a vehicle. single offender acted alone.,9,1
FIR-00257,fraud,parking_lot,MH,morning,none,impersonation,commercial_establishment,60+,0,4,0,1,escape_vehicle_used|physical_restraint|multiple_offenders,Suspect escaped using a vehicle. victim was physically restrained. multiple offenders participated.,7,0
FIR-00258,murder,residential_area,AP,night,blunt_object,forced_entry,household,18-25,0,1,0,0,prior_surveillance|opportunistic|escape_vehicle_used|local_knowledge,Suspect conducted prior surveillance of the target. crime appears to be opportunistic in nature. suspect escaped using a vehicle. suspect demonstrated knowledge of the local area.,10,1
FIR-00259,fraud,residential_area,AP,morning,none,impersonation,financial_institution,36-45,0,1,0,1,use_of_technology|use_of_disguise,Digital tools or devices were used. suspect used a disguise to conceal identity.,6,1
FIR-00260,murder,residential_area,PB,night,blunt_object,forced_entry,individual,26-35,0,0,0,0,insider_help|planned_operation|use_of_technology|escape_vehicle_used|accomplice_involved,Insider assistance may have been involved. evidence of pre-planned operation. digital tools or devices were used. suspect escaped using a vehicle. at least one accomplice was involved in the act.,10,0
FIR-00261,vehicle_theft,industrial_area,GJ,midnight,improvised_tool,lock_picking,vehicle,juvenile,0,1,1,0,physical_restraint|night_operation|use_of_technology|repeat_target,Victim was physically restrained. crime was executed during nighttime hours. digital tools or devices were used. location or victim was targeted previously.,5,0
FIR-00262,burglary,bank_premises,AP,afternoon,blunt_object,lock_picking,commercial_establishment,60+,0,4,1,0,multiple_offenders|night_operation|physical_restraint,Multiple offenders participated. crime was executed during nighttime hours. victim was physically restrained.,6,1
FIR-00263,murder,highway,TS,night,chemical,none,individual,18-25,0,0,0,0,psychological_manipulation|accomplice_involved|use_of_technology,Victim was manipulated psychologically. at least one accomplice was involved in the act. digital tools or devices were used.,10,0
FIR-00264,fraud,marketplace,BR,morning,rope,tunneling,government_property,60+,0,1,0,1,repeat_target|local_knowledge|night_operation|accomplice_involved,Location or victim was targeted previously. suspect demonstrated knowledge of the local area. crime was executed during nighttime hours. at least one accomplice was involved in the act.,6,1
FIR-00265,vandalism,rural_area,PB,night,chemical,none,commercial_establishment,18-25,1,2,1,0,repeat_target|use_of_disguise|night_operation|multiple_offenders|prior_surveillance,Location or victim was targeted previously. suspect used a disguise to conceal identity. crime was executed during nighttime hours. multiple offenders participated. suspect conducted prior surveillance of the target.,2,1
FIR-00266,vehicle_theft,rural_area,BR,morning,improvised_tool,lock_picking,public_space,36-45,1,4,0,0,accomplice_involved|physical_restraint|escape_vehicle_used|planned_operation|multiple_offenders,At least one accomplice was involved in the act. victim was physically restrained. suspect escaped using a vehicle. evidence of pre-planned operation. multiple offenders participated.,5,1
FIR-00267,drug_offense,residential_area,RJ,midnight,none,forced_entry,public_space,46-60,0,1,1,0,planned_operation|repeat_target,Evidence of pre-planned operation. location or victim was targeted previously.,5,1
FIR-00268,assault,commercial_zone,MP,afternoon,improvised_tool,unlocked_door,public_space,60+,1,1,0,0,local_knowledge|planned_operation|opportunistic,Suspect demonstrated knowledge of the local area. evidence of pre-planned operation. crime appears to be opportunistic in nature.,5,1
FIR-00269,murder,rural_area,MP,midnight,firearm,none,individual,juvenile,0,1,0,0,local_knowledge|use_of_technology|planned_operation,Suspect demonstrated knowledge of the local area. digital tools or devices were used. evidence of pre-planned operation.,9,1
FIR-00270,assault,educational_institution,UP,morning,knife,forced_entry,public_space,60+,1,1,1,0,planned_operation|prior_surveillance|physical_restraint,Evidence of pre-planned operation. suspect conducted prior surveillance of the target. victim was physically restrained.,5,0
FIR-00271,murder,highway,DL,night,blunt_object,forced_entry,individual,36-45,0,0,0,0,insider_help|lone_wolf,Insider assistance may have been involved. single offender acted alone.,10,0
FIR-00272,assault,rural_area,MH,afternoon,none,none,government_property,juvenile,1,0,1,0,opportunistic|psychological_manipulation|repeat_target,Crime appears to be opportunistic in nature. victim was manipulated psychologically. location or victim was targeted previously.,7,1
FIR-00273,vandalism,bank_premises,KA,night,improvised_tool,none,digital_asset,juvenile,0,0,0,0,use_of_technology|opportunistic,Digital tools or devices were used. crime appears to be opportunistic in nature.,4,0
FIR-00274,vandalism,parking_lot,BR,night,improvised_tool,none,commercial_establishment,26-35,1,0,0,0,evidence_concealment|insider_help|local_knowledge|use_of_disguise|physical_restraint,Suspect attempted to conceal evidence. insider assistance may have been involved. suspect demonstrated knowledge of the local area. suspect used a disguise to conceal identity. victim was physically restrained.,3,1
FIR-00275,robbery,rural_area,HR,evening,rope,none,financial_institution,46-60,0,1,1,0,planned_operation|escape_vehicle_used,Evidence of pre-planned operation. suspect escaped using a vehicle.,7,1
FIR-00276,drug_offense,rural_area,BR,night,none,none,financial_institution,26-35,0,2,1,0,accomplice_involved|psychological_manipulation|use_of_disguise|insider_help|multiple_offenders,At least one accomplice was involved in the act. victim was manipulated psychologically. suspect used a disguise to conceal identity. insider assistance may have been involved. multiple offenders participated.,6,1
FIR-00277,kidnapping,public_transport,TS,early_morning,chemical,window_break,individual,46-60,1,0,1,0,use_of_disguise|evidence_concealment|repeat_target|prior_surveillance,Suspect used a disguise to conceal identity. suspect attempted to conceal evidence. location or victim was targeted previously. suspect conducted prior surveillance of the target.,9,1
FIR-00278,assault,public_transport,WB,night,chemical,tunneling,individual,26-35,0,0,0,0,planned_operation|use_of_technology|repeat_target|use_of_disguise,Evidence of pre-planned operation. digital tools or devices were used. location or victim was targeted previously. suspect used a disguise to conceal identity.,5,1
FIR-00279,murder,educational_institution,UP,midnight,firearm,social_engineering,infrastructure,26-35,0,1,0,0,repeat_target|night_operation,Location or victim was targeted previously. crime was executed during nighttime hours.,10,0
FIR-00280,burglary,commercial_zone,HR,night,vehicle,window_break,household,46-60,0,1,0,0,prior_surveillance|physical_restraint|local_knowledge|repeat_target,Suspect conducted prior surveillance of the target. victim was physically restrained. suspect demonstrated knowledge of the local area. location or victim was targeted previously.,5,0
FIR-00281,vehicle_theft,commercial_zone,AP,early_morning,improvised_tool,unlocked_door,vehicle,juvenile,0,1,0,0,planned_operation|use_of_technology,Evidence of pre-planned operation. digital tools or devices were used.,4,1
FIR-00282,cybercrime,residential_area,RJ,morning,none,cyber_access,financial_institution,juvenile,1,1,1,1,local_knowledge|use_of_disguise|escape_vehicle_used|physical_restraint|evidence_concealment,Suspect demonstrated knowledge of the local area. suspect used a disguise to conceal identity. suspect escaped using a vehicle. victim was physically restrained. suspect attempted to conceal evidence.,6,0
FIR-00283,cybercrime,marketplace,WB,morning,none,unlocked_door,digital_asset,juvenile,1,1,0,1,evidence_concealment|night_operation|lone_wolf|use_of_disguise|physical_restraint,Suspect attempted to conceal evidence. crime was executed during nighttime hours. single offender acted alone. suspect used a disguise to conceal identity. victim was physically restrained.,5,1
FIR-00284,fraud,industrial_area,HR,afternoon,none,social_engineering,commercial_establishment,26-35,1,2,0,1,night_operation|planned_operation|multiple_offenders,Crime was executed during nighttime hours. evidence of pre-planned operation. multiple offenders participated.,6,0
FIR-00285,cybercrime,commercial_zone,TN,afternoon,none,cyber_access,digital_asset,26-35,0,0,1,1,multiple_offenders|physical_restraint|local_knowledge|opportunistic|use_of_technology,Multiple offenders participated. victim was physically restrained. suspect demonstrated knowledge of the local area. crime appears to be opportunistic in nature. digital tools or devices were used.,4,0
FIR-00286,robbery,commercial_zone,DL,midnight,blunt_object,none,financial_institution,46-60,0,4,0,0,psychological_manipulation|insider_help|evidence_concealment|multiple_offenders|prior_surveillance,Victim was manipulated psychologically. insider assistance may have been involved. suspect attempted to conceal evidence. multiple offenders participated. suspect conducted prior surveillance of the target.,7,1
FIR-00287,assault,educational_institution,HR,night,knife,none,individual,46-60,0,4,1,0,multiple_offenders|escape_vehicle_used|opportunistic|accomplice_involved,Multiple offenders participated. suspect escaped using a vehicle. crime appears to be opportunistic in nature. at least one accomplice was involved in the act.,7,0
FIR-00288,assault,commercial_zone,PB,early_morning,none,none,vehicle,26-35,1,0,0,0,local_knowledge|psychological_manipulation|opportunistic|escape_vehicle_used|planned_operation,Suspect demonstrated knowledge of the local area. victim was manipulated psychologically. crime appears to be opportunistic in nature. suspect escaped using a vehicle. evidence of pre-planned operation.,6,1
FIR-00289,murder,industrial_area,DL,evening,blunt_object,forced_entry,individual,juvenile,0,0,0,0,evidence_concealment|psychological_manipulation|planned_operation,Suspect attempted to conceal evidence. victim was manipulated psychologically. evidence of pre-planned operation.,9,0
FIR-00290,kidnapping,highway,TN,midnight,knife,social_engineering,individual,26-35,1,4,1,0,evidence_concealment|multiple_offenders,Suspect attempted to conceal evidence. multiple offenders participated.,10,0
FIR-00291,kidnapping,commercial_zone,KL,night,chemical,none,individual,18-25,0,0,1,0,lone_wolf|use_of_technology|accomplice_involved|evidence_concealment,Single offender acted alone. digital tools or devices were used. at least one accomplice was involved in the act. suspect attempted to conceal evidence.,8,0
FIR-00292,robbery,marketplace,MP,evening,firearm,window_break,individual,36-45,0,4,1,0,multiple_offenders|opportunistic|local_knowledge|repeat_target,Multiple offenders participated. crime appears to be opportunistic in nature. suspect demonstrated knowledge of the local area. location or victim was targeted previously.,7,1
FIR-00293,vandalism,residential_area,WB,midnight,improvised_tool,none,multiple,26-35,1,1,1,0,use_of_technology|repeat_target,Digital tools or devices were used. location or victim was targeted previously.,3,1
FIR-00294,burglary,educational_institution,TN,night,improvised_tool,window_break,household,60+,0,0,1,0,psychological_manipulation|accomplice_involved,Victim was manipulated psychologically. at least one accomplice was involved in the act.,7,0
FIR-00295,kidnapping,educational_institution,MH,morning,chemical,none,individual,juvenile,1,1,1,0,evidence_concealment|repeat_target|insider_help|escape_vehicle_used|use_of_technology,Suspect attempted to conceal evidence. location or victim was targeted previously. insider assistance may have been involved. suspect escaped using a vehicle. digital tools or devices were used.,10,1
FIR-00296,cybercrime,commercial_zone,TS,afternoon,none,cyber_access,individual,46-60,1,3,1,1,use_of_technology|opportunistic|repeat_target|multiple_offenders|accomplice_involved,Digital tools or devices were used. crime appears to be opportunistic in nature. location or victim was targeted previously. multiple offenders participated. at least one accomplice was involved in the act.,6,1
FIR-00297,vehicle_theft,residential_area,MH,night,none,unlocked_door,vehicle,juvenile,1,1,0,0,lone_wolf|opportunistic,Single offender acted alone. crime appears to be opportunistic in nature.,4,1
FIR-00298,burglary,commercial_zone,PB,night,none,window_break,household,juvenile,0,0,1,0,opportunistic|lone_wolf|accomplice_involved|escape_vehicle_used|use_of_disguise,Crime appears to be opportunistic in nature. single offender acted alone. at least one accomplice was involved in the act. suspect escaped using a vehicle. suspect used a disguise to conceal identity.,6,1
FIR-00299,cybercrime,highway,GJ,midnight,none,tunneling,digital_asset,36-45,0,1,0,1,use_of_technology|use_of_disguise|insider_help|accomplice_involved,Digital tools or devices were used. suspect used a disguise to conceal identity. insider assistance may have been involved. at least one accomplice was involved in the act.,4,0
FIR-00300,murder,commercial_zone,DL,evening,knife,none,government_property,juvenile,1,0,1,0,lone_wolf|prior_surveillance|insider_help|use_of_disguise,Single offender acted alone. suspect conducted prior surveillance of the target. insider assistance may have been involved. suspect used a disguise to conceal identity.,9,0
FIR-00301,cybercrime,commercial_zone,TN,afternoon,none,roof_access,financial_institution,46-60,1,0,0,1,night_operation|physical_restraint|use_of_technology|opportunistic|local_knowledge,Crime was executed during nighttime hours. victim was physically restrained. digital tools or devices were used. crime appears to be opportunistic in nature. suspect demonstrated knowledge of the local area.,5,0
FIR-00302,fraud,bank_premises,RJ,afternoon,chemical,impersonation,individual,juvenile,0,0,1,1,local_knowledge|lone_wolf|accomplice_involved|psychological_manipulation,Suspect demonstrated knowledge of the local area. single offender acted alone. at least one accomplice was involved in the act. victim was manipulated psychologically.,7,0
FIR-00303,vehicle_theft,marketplace,PB,night,none,lock_picking,government_property,46-60,0,0,1,0,accomplice_involved|opportunistic,At least one accomplice was involved in the act. crime appears to be opportunistic in nature.,5,1
FIR-00304,robbery,commercial_zone,KL,evening,none,social_engineering,individual,juvenile,1,0,0,0,evidence_concealment|lone_wolf,Suspect attempted to conceal evidence. single offender acted alone.,7,0
FIR-00305,burglary,commercial_zone,WB,night,none,lock_picking,household,juvenile,0,1,1,0,use_of_disguise|local_knowledge|night_operation,Suspect used a disguise to conceal identity. suspect demonstrated knowledge of the local area. crime was executed during nighttime hours.,7,1
FIR-00306,robbery,industrial_area,DL,night,none,social_engineering,multiple,26-35,1,3,0,0,multiple_offenders|use_of_disguise|escape_vehicle_used,Multiple offenders participated. suspect used a disguise to conceal identity. suspect escaped using a vehicle.,7,1
FIR-00307,vandalism,commercial_zone,MH,night,blunt_object,roof_access,public_space,juvenile,1,0,0,0,physical_restraint|planned_operation,Victim was physically restrained. evidence of pre-planned operation.,3,1
FIR-00308,assault,marketplace,DL,afternoon,none,none,individual,46-60,0,0,1,0,escape_vehicle_used|planned_operation|prior_surveillance|use_of_technology,Suspect escaped using a vehicle. evidence of pre-planned operation. suspect conducted prior surveillance of the target. digital tools or devices were used.,5,1
FIR-00309,drug_offense,marketplace,UP,midnight,none,none,individual,36-45,1,1,1,0,accomplice_involved|psychological_manipulation,At least one accomplice was involved in the act. victim was manipulated psychologically.,4,1
FIR-00310,fraud,marketplace,DL,afternoon,blunt_object,social_engineering,individual,46-60,1,1,0,1,lone_wolf|physical_restraint|evidence_concealment,Single offender acted alone. victim was physically restrained. suspect attempted to conceal evidence.,6,1
FIR-00311,robbery,marketplace,WB,night,rope,social_engineering,household,46-60,1,1,0,0,repeat_target|night_operation|physical_restraint|insider_help|use_of_disguise,Location or victim was targeted previously. crime was executed during nighttime hours. victim was physically restrained. insider assistance may have been involved. suspect used a disguise to conceal identity.,7,1
FIR-00312,fraud,marketplace,RJ,morning,none,social_engineering,individual,36-45,1,0,0,1,insider_help|lone_wolf|repeat_target|physical_restraint,Insider assistance may have been involved. single offender acted alone. location or victim was targeted previously. victim was physically restrained.,8,1
FIR-00313,robbery,public_transport,GJ,evening,firearm,none,financial_institution,18-25,1,0,0,0,repeat_target|lone_wolf|physical_restraint,Location or victim was targeted previously. single offender acted alone. victim was physically restrained.,8,0
FIR-00314,murder,marketplace,DL,night,blunt_object,forced_entry,public_space,18-25,0,1,0,0,multiple_offenders|night_operation,Multiple offenders participated. crime was executed during nighttime hours.,10,1
FIR-00315,burglary,marketplace,PB,midnight,none,lock_picking,commercial_establishment,18-25,0,0,1,0,escape_vehicle_used|psychological_manipulation|insider_help,Suspect escaped using a vehicle. victim was manipulated psychologically. insider assistance may have been involved.,5,0
FIR-00316,fraud,parking_lot,KL,afternoon,none,impersonation,household,26-35,0,1,1,1,accomplice_involved|evidence_concealment|planned_operation|opportunistic,At least one accomplice was involved in the act. suspect attempted to conceal evidence. evidence of pre-planned operation. crime appears to be opportunistic in nature.,6,0
FIR-00317,assault,marketplace,HR,afternoon,knife,none,individual,60+,0,1,1,0,insider_help|opportunistic|lone_wolf,Insider assistance may have been involved. crime appears to be opportunistic in nature. single offender acted alone.,7,0
FIR-00318,burglary,marketplace,GJ,midnight,none,window_break,commercial_establishment,46-60,0,0,1,0,planned_operation|lone_wolf,Evidence of pre-planned operation. single offender acted alone.,5,0
FIR-00319,assault,bank_premises,MH,evening,blunt_object,none,individual,60+,1,0,1,0,evidence_concealment|opportunistic|planned_operation,Suspect attempted to conceal evidence. crime appears to be opportunistic in nature. evidence of pre-planned operation.,7,1
FIR-00320,vehicle_theft,marketplace,TS,night,improvised_tool,unlocked_door,vehicle,46-60,0,0,1,0,lone_wolf|repeat_target|physical_restraint|use_of_disguise|evidence_concealment,Single offender acted alone. location or victim was targeted previously. victim was physically restrained. suspect used a disguise to conceal identity. suspect attempted to conceal evidence.,4,1
FIR-00321,fraud,bank_premises,UP,early_morning,none,impersonation,individual,26-35,0,0,1,1,opportunistic|night_operation|accomplice_involved,Crime appears to be opportunistic in nature. crime was executed during nighttime hours. at least one accomplice was involved in the act.,7,1
FIR-00322,cybercrime,bank_premises,MP,morning,none,cyber_access,financial_institution,18-25,1,1,1,1,local_knowledge|lone_wolf,Suspect demonstrated knowledge of the local area. single offender acted alone.,4,1
FIR-00323,assault,parking_lot,UP,afternoon,knife,none,individual,60+,0,0,1,0,psychological_manipulation|escape_vehicle_used|accomplice_involved|lone_wolf|insider_help,Victim was manipulated psychologically. suspect escaped using a vehicle. at least one accomplice was involved in the act. single offender acted alone. insider assistance may have been involved.,5,0
FIR-00324,burglary,educational_institution,MH,night,none,forced_entry,household,18-25,1,0,1,0,use_of_disguise|use_of_technology|planned_operation|night_operation|insider_help,Suspect used a disguise to conceal identity. digital tools or devices were used. evidence of pre-planned operation. crime was executed during nighttime hours. insider assistance may have been involved.,7,1
FIR-00325,kidnapping,bank_premises,TN,afternoon,knife,social_engineering,individual,juvenile,0,3,0,0,multiple_offenders|local_knowledge|insider_help|repeat_target|use_of_disguise,Multiple offenders participated. suspect demonstrated knowledge of the local area. insider assistance may have been involved. location or victim was targeted previously. suspect used a disguise to conceal identity.,9,0
FIR-00326,vandalism,parking_lot,DL,night,none,none,household,36-45,1,1,0,0,multiple_offenders|use_of_disguise|use_of_technology|insider_help,Multiple offenders participated. suspect used a disguise to conceal identity. digital tools or devices were used. insider assistance may have been involved.,2,0
FIR-00327,kidnapping,public_transport,HR,afternoon,chemical,social_engineering,individual,juvenile,1,2,1,0,physical_restraint|psychological_manipulation|multiple_offenders|lone_wolf,Victim was physically restrained. victim was manipulated psychologically. multiple offenders participated. single offender acted alone.,10,0
FIR-00328,assault,parking_lot,GJ,afternoon,knife,none,individual,60+,0,0,1,0,use_of_technology|psychological_manipulation|lone_wolf|insider_help|escape_vehicle_used,Digital tools or devices were used. victim was manipulated psychologically. single offender acted alone. insider assistance may have been involved. suspect escaped using a vehicle.,6,0
FIR-00329,assault,rural_area,KA,evening,blunt_object,none,individual,juvenile,1,0,1,0,planned_operation|local_knowledge,Evidence of pre-planned operation. suspect demonstrated knowledge of the local area.,5,0
FIR-00330,fraud,rural_area,MH,midnight,none,window_break,financial_institution,18-25,1,0,0,1,escape_vehicle_used|local_knowledge|insider_help|planned_operation,Suspect escaped using a vehicle. suspect demonstrated knowledge of the local area. insider assistance may have been involved. evidence of pre-planned operation.,6,1
FIR-00331,assault,commercial_zone,WB,evening,none,unlocked_door,infrastructure,36-45,0,1,1,0,repeat_target|lone_wolf,Location or victim was targeted previously. single offender acted alone.,6,1
FIR-00332,assault,public_transport,PB,night,knife,none,individual,18-25,0,1,0,0,physical_restraint|use_of_disguise|night_operation,Victim was physically restrained. suspect used a disguise to conceal identity. crime was executed during nighttime hours.,5,1
FIR-00333,robbery,parking_lot,WB,midnight,knife,forced_entry,infrastructure,juvenile,1,0,0,0,accomplice_involved|evidence_concealment|repeat_target|psychological_manipulation,At least one accomplice was involved in the act. suspect attempted to conceal evidence. location or victim was targeted previously. victim was manipulated psychologically.,7,1
FIR-00334,vandalism,rural_area,UP,morning,chemical,none,multiple,26-35,0,4,0,0,use_of_disguise|accomplice_involved|multiple_offenders,Suspect used a disguise to conceal identity. at least one accomplice was involved in the act. multiple offenders participated.,2,0
FIR-00335,vehicle_theft,marketplace,KL,morning,none,unlocked_door,infrastructure,26-35,0,1,1,0,night_operation|use_of_disguise|multiple_offenders|opportunistic|planned_operation,Crime was executed during nighttime hours. suspect used a disguise to conceal identity. multiple offenders participated. crime appears to be opportunistic in nature. evidence of pre-planned operation.,5,1
FIR-00336,robbery,bank_premises,MH,afternoon,firearm,none,government_property,60+,1,1,0,0,night_operation|planned_operation|repeat_target|insider_help|physical_restraint,Crime was executed during nighttime hours. evidence of pre-planned operation. location or victim was targeted previously. insider assistance may have been involved. victim was physically restrained.,9,0
FIR-00337,drug_offense,industrial_area,TS,midnight,improvised_tool,none,vehicle,juvenile,0,0,0,0,local_knowledge|insider_help,Suspect demonstrated knowledge of the local area. insider assistance may have been involved.,6,1
FIR-00338,assault,rural_area,AP,afternoon,blunt_object,none,individual,18-25,0,4,1,0,night_operation|evidence_concealment|multiple_offenders|planned_operation|escape_vehicle_used,Crime was executed during nighttime hours. suspect attempted to conceal evidence. multiple offenders participated. evidence of pre-planned operation. suspect escaped using a vehicle.,7,0
FIR-00339,kidnapping,commercial_zone,KA,evening,none,social_engineering,individual,juvenile,0,1,0,0,repeat_target|prior_surveillance|accomplice_involved,Location or victim was targeted previously. suspect conducted prior surveillance of the target. at least one accomplice was involved in the act.,8,0
FIR-00340,assault,marketplace,TN,afternoon,blunt_object,none,infrastructure,36-45,1,0,0,0,evidence_concealment|use_of_technology|repeat_target|lone_wolf|opportunistic,Suspect attempted to conceal evidence. digital tools or devices were used. location or victim was targeted previously. single offender acted alone. crime appears to be opportunistic in nature.,7,0
FIR-00341,kidnapping,industrial_area,TS,early_morning,improvised_tool,social_engineering,individual,46-60,0,1,0,0,opportunistic|insider_help|planned_operation|use_of_disguise,Crime appears to be opportunistic in nature. insider assistance may have been involved. evidence of pre-planned operation. suspect used a disguise to conceal identity.,9,0
FIR-00342,vandalism,highway,TS,midnight,improvised_tool,none,commercial_establishment,46-60,1,1,0,0,psychological_manipulation|prior_surveillance|lone_wolf|physical_restraint,Victim was manipulated psychologically. suspect conducted prior surveillance of the target. single offender acted alone. victim was physically restrained.,3,1
FIR-00343,fraud,public_transport,KA,afternoon,none,impersonation,individual,60+,0,1,0,1,physical_restraint|accomplice_involved,Victim was physically restrained. at least one accomplice was involved in the act.,6,1
FIR-00344,murder,rural_area,AP,midnight,blunt_object,forced_entry,individual,36-45,1,1,1,0,evidence_concealment|accomplice_involved,Suspect attempted to conceal evidence. at least one accomplice was involved in the act.,9,0
FIR-00345,drug_offense,bank_premises,KA,midnight,knife,none,individual,18-25,1,0,1,0,local_knowledge|evidence_concealment|night_operation|physical_restraint,Suspect demonstrated knowledge of the local area. suspect attempted to conceal evidence. crime was executed during nighttime hours. victim was physically restrained.,4,1
FIR-00346,cybercrime,bank_premises,RJ,evening,none,cyber_access,financial_institution,26-35,0,0,0,1,planned_operation|evidence_concealment|lone_wolf|repeat_target,Evidence of pre-planned operation. suspect attempted to conceal evidence. single offender acted alone. location or victim was targeted previously.,5,0
FIR-00347,drug_offense,bank_premises,GJ,night,knife,none,individual,18-25,0,1,1,0,repeat_target|escape_vehicle_used|psychological_manipulation,Location or victim was targeted previously. suspect escaped using a vehicle. victim was manipulated psychologically.,5,0
FIR-00348,robbery,highway,DL,midnight,firearm,social_engineering,individual,18-25,1,1,1,0,insider_help|local_knowledge,Insider assistance may have been involved. suspect demonstrated knowledge of the local area.,8,0
FIR-00349,kidnapping,bank_premises,TS,morning,knife,social_engineering,government_property,18-25,0,3,1,0,prior_surveillance|evidence_concealment|multiple_offenders|accomplice_involved|opportunistic,Suspect conducted prior surveillance of the target. suspect attempted to conceal evidence. multiple offenders participated. at least one accomplice was involved in the act. crime appears to be opportunistic in nature.,8,0
FIR-00350,robbery,bank_premises,PB,evening,blunt_object,none,individual,60+,0,1,1,0,evidence_concealment|lone_wolf|accomplice_involved|night_operation,Suspect attempted to conceal evidence. single offender acted alone. at least one accomplice was involved in the act. crime was executed during nighttime hours.,8,0
FIR-00351,vehicle_theft,parking_lot,WB,morning,improvised_tool,lock_picking,vehicle,juvenile,0,0,1,0,psychological_manipulation|use_of_technology,Victim was manipulated psychologically. digital tools or devices were used.,5,1
FIR-00352,assault,public_transport,MP,afternoon,none,none,individual,26-35,1,0,1,0,night_operation|use_of_technology|multiple_offenders|evidence_concealment,Crime was executed during nighttime hours. digital tools or devices were used. multiple offenders participated. suspect attempted to conceal evidence.,6,0
FIR-00353,cybercrime,residential_area,PB,morning,vehicle,cyber_access,digital_asset,26-35,1,0,1,1,evidence_concealment|escape_vehicle_used|planned_operation|opportunistic|lone_wolf,Suspect attempted to conceal evidence. suspect escaped using a vehicle. evidence of pre-planned operation. crime appears to be opportunistic in nature. single offender acted alone.,4,1
FIR-00354,drug_offense,marketplace,UP,midnight,none,none,commercial_establishment,60+,1,0,0,0,physical_restraint|opportunistic|evidence_concealment,Victim was physically restrained. crime appears to be opportunistic in nature. suspect attempted to conceal evidence.,4,1
FIR-00355,vandalism,educational_institution,DL,midnight,chemical,none,public_space,18-25,1,0,0,0,local_knowledge|lone_wolf|planned_operation,Suspect demonstrated knowledge of the local area. single offender acted alone. evidence of pre-planned operation.,4,0
FIR-00356,burglary,residential_area,AP,midnight,improvised_tool,forced_entry,household,36-45,1,0,1,0,repeat_target|accomplice_involved|opportunistic|use_of_disguise,Location or victim was targeted previously. at least one accomplice was involved in the act. crime appears to be opportunistic in nature. suspect used a disguise to conceal identity.,5,0
FIR-00357,murder,highway,RJ,evening,firearm,none,individual,18-25,0,1,0,0,physical_restraint|escape_vehicle_used|psychological_manipulation,Victim was physically restrained. suspect escaped using a vehicle. victim was manipulated psychologically.,9,0
FIR-00358,burglary,commercial_zone,WB,midnight,vehicle,lock_picking,commercial_establishment,juvenile,1,1,0,0,local_knowledge|psychological_manipulation|night_operation|escape_vehicle_used,Suspect demonstrated knowledge of the local area. victim was manipulated psychologically. crime was executed during nighttime hours. suspect escaped using a vehicle.,6,1
FIR-00359,robbery,residential_area,KA,night,firearm,none,multiple,juvenile,0,0,0,0,physical_restraint|planned_operation|psychological_manipulation|opportunistic|use_of_disguise,Victim was physically restrained. evidence of pre-planned operation. victim was manipulated psychologically. crime appears to be opportunistic in nature. suspect used a disguise to conceal identity.,9,0
FIR-00360,cybercrime,industrial_area,DL,afternoon,none,cyber_access,digital_asset,26-35,1,3,1,1,evidence_concealment|multiple_offenders|lone_wolf,Suspect attempted to conceal evidence. multiple offenders participated. single offender acted alone.,5,1
FIR-00361,cybercrime,industrial_area,PB,afternoon,vehicle,cyber_access,public_space,46-60,0,1,0,1,accomplice_involved|night_operation|use_of_disguise|prior_surveillance|lone_wolf,At least one accomplice was involved in the act. crime was executed during nighttime hours. suspect used a disguise to conceal identity. suspect conducted prior surveillance of the target. single offender acted alone.,5,1
FIR-00362,murder,commercial_zone,PB,midnight,none,forced_entry,individual,60+,1,4,1,0,use_of_disguise|night_operation|multiple_offenders|repeat_target,Suspect used a disguise to conceal identity. crime was executed during nighttime hours. multiple offenders participated. location or victim was targeted previously.,9,1
FIR-00363,vandalism,public_transport,TS,night,chemical,none,government_property,36-45,1,4,0,0,prior_surveillance|repeat_target|psychological_manipulation|multiple_offenders,Suspect conducted prior surveillance of the target. location or victim was targeted previously. victim was manipulated psychologically. multiple offenders participated.,3,1
FIR-00364,fraud,rural_area,TS,morning,none,impersonation,individual,juvenile,0,1,1,1,psychological_manipulation|escape_vehicle_used|lone_wolf|local_knowledge|physical_restraint,Victim was manipulated psychologically. suspect escaped using a vehicle. single offender acted alone. suspect demonstrated knowledge of the local area. victim was physically restrained.,6,1
FIR-00365,burglary,commercial_zone,PB,night,blunt_object,impersonation,commercial_establishment,juvenile,1,3,1,0,local_knowledge|repeat_target|psychological_manipulation|evidence_concealment|multiple_offenders,Suspect demonstrated knowledge of the local area. location or victim was targeted previously. victim was manipulated psychologically. suspect attempted to conceal evidence. multiple offenders participated.,6,1
FIR-00366,cybercrime,highway,KA,night,none,cyber_access,financial_institution,36-45,0,1,0,1,use_of_disguise|local_knowledge|planned_operation|lone_wolf|opportunistic,Suspect used a disguise to conceal identity. suspect demonstrated knowledge of the local area. evidence of pre-planned operation. single offender acted alone. crime appears to be opportunistic in nature.,5,0
FIR-00367,burglary,bank_premises,KA,midnight,none,window_break,infrastructure,juvenile,0,1,0,0,evidence_concealment|repeat_target,Suspect attempted to conceal evidence. location or victim was targeted previously.,5,1
FIR-00368,drug_offense,highway,WB,early_morning,none,none,public_space,juvenile,0,0,1,0,escape_vehicle_used|repeat_target|physical_restraint|accomplice_involved,Suspect escaped using a vehicle. location or victim was targeted previously. victim was physically restrained. at least one accomplice was involved in the act.,4,0
FIR-00369,assault,marketplace,HR,evening,chemical,none,individual,46-60,1,1,0,0,planned_operation|use_of_disguise|accomplice_involved,Evidence of pre-planned operation. suspect used a disguise to conceal identity. at least one accomplice was involved in the act.,7,0
FIR-00370,kidnapping,parking_lot,WB,morning,knife,none,individual,60+,1,0,0,0,local_knowledge|evidence_concealment|repeat_target|accomplice_involved,Suspect demonstrated knowledge of the local area. suspect attempted to conceal evidence. location or victim was targeted previously. at least one accomplice was involved in the act.,8,1
FIR-00371,burglary,bank_premises,DL,night,none,none,commercial_establishment,18-25,1,1,1,0,repeat_target|insider_help|planned_operation|prior_surveillance|accomplice_involved,Location or victim was targeted previously. insider assistance may have been involved. evidence of pre-planned operation. suspect conducted prior surveillance of the target. at least one accomplice was involved in the act.,5,1
FIR-00372,murder,commercial_zone,PB,midnight,firearm,none,individual,60+,0,0,1,0,evidence_concealment|escape_vehicle_used|physical_restraint|multiple_offenders|lone_wolf,Suspect attempted to conceal evidence. suspect escaped using a vehicle. victim was physically restrained. multiple offenders participated. single offender acted alone.,10,0
FIR-00373,kidnapping,parking_lot,MP,evening,firearm,cyber_access,individual,26-35,1,1,0,0,evidence_concealment|accomplice_involved|insider_help|physical_restraint|psychological_manipulation,Suspect attempted to conceal evidence. at least one accomplice was involved in the act. insider assistance may have been involved. victim was physically restrained. victim was manipulated psychologically.,10,1
FIR-00374,assault,parking_lot,TS,evening,blunt_object,none,individual,60+,0,3,0,0,local_knowledge|planned_operation|multiple_offenders|psychological_manipulation,Suspect demonstrated knowledge of the local area. evidence of pre-planned operation. multiple offenders participated. victim was manipulated psychologically.,6,0
FIR-00375,vandalism,highway,KA,night,blunt_object,none,government_property,36-45,1,0,0,0,prior_surveillance|opportunistic,Suspect conducted prior surveillance of the target. crime appears to be opportunistic in nature.,3,0
FIR-00376,drug_offense,educational_institution,HR,night,none,none,public_space,26-35,1,0,0,0,use_of_technology|lone_wolf,Digital tools or devices were used. single offender acted alone.,6,1
FIR-00377,murder,bank_premises,UP,early_morning,knife,roof_access,individual,juvenile,0,1,0,0,escape_vehicle_used|use_of_disguise|evidence_concealment,Suspect escaped using a vehicle. suspect used a disguise to conceal identity. suspect attempted to conceal evidence.,10,0
FIR-00378,assault,public_transport,GJ,night,improvised_tool,lock_picking,individual,36-45,1,1,0,0,use_of_disguise|repeat_target|opportunistic,Suspect used a disguise to conceal identity. location or victim was targeted previously. crime appears to be opportunistic in nature.,6,0
FIR-00379,assault,marketplace,HR,night,knife,none,individual,46-60,0,0,0,0,lone_wolf|use_of_disguise,Single offender acted alone. suspect used a disguise to conceal identity.,7,0
FIR-00380,fraud,bank_premises,RJ,morning,blunt_object,impersonation,individual,26-35,1,0,1,1,psychological_manipulation|lone_wolf|opportunistic|prior_surveillance,Victim was manipulated psychologically. single offender acted alone. crime appears to be opportunistic in nature. suspect conducted prior surveillance of the target.,8,0
FIR-00381,murder,educational_institution,MH,evening,blunt_object,forced_entry,individual,juvenile,0,1,1,0,repeat_target|use_of_technology|lone_wolf|evidence_concealment|night_operation,Location or victim was targeted previously. digital tools or devices were used. single offender acted alone. suspect attempted to conceal evidence. crime was executed during nighttime hours.,10,1
FIR-00382,assault,commercial_zone,MH,afternoon,chemical,none,infrastructure,60+,0,1,1,0,escape_vehicle_used|accomplice_involved|prior_surveillance|local_knowledge,Suspect escaped using a vehicle. at least one accomplice was involved in the act. suspect conducted prior surveillance of the target. suspect demonstrated knowledge of the local area.,5,0
FIR-00383,vandalism,bank_premises,TN,evening,none,none,commercial_establishment,46-60,1,1,0,0,repeat_target|escape_vehicle_used|planned_operation|use_of_technology,Location or victim was targeted previously. suspect escaped using a vehicle. evidence of pre-planned operation. digital tools or devices were used.,2,0
FIR-00384,fraud,marketplace,WB,morning,none,impersonation,individual,18-25,1,3,1,1,local_knowledge|multiple_offenders|repeat_target|physical_restraint|insider_help,Suspect demonstrated knowledge of the local area. multiple offenders participated. location or victim was targeted previously. victim was physically restrained. insider assistance may have been involved.,7,0
FIR-00385,assault,public_transport,WB,evening,none,none,individual,36-45,1,0,0,0,escape_vehicle_used|lone_wolf|accomplice_involved,Suspect escaped using a vehicle. single offender acted alone. at least one accomplice was involved in the act.,6,1
FIR-00386,fraud,residential_area,UP,morning,none,social_engineering,commercial_establishment,18-25,0,3,0,1,accomplice_involved|lone_wolf|repeat_target|multiple_offenders|night_operation,At least one accomplice was involved in the act. single offender acted alone. location or victim was targeted previously. multiple offenders participated. crime was executed during nighttime hours.,8,1
FIR-00387,robbery,highway,PB,night,firearm,impersonation,financial_institution,36-45,0,1,0,0,repeat_target|use_of_technology|psychological_manipulation,Location or victim was targeted previously. digital tools or devices were used. victim was manipulated psychologically.,8,1
FIR-00388,fraud,educational_institution,DL,afternoon,none,impersonation,public_space,60+,0,0,0,1,physical_restraint|use_of_technology,Victim was physically restrained. digital tools or devices were used.,8,0
FIR-00389,vandalism,commercial_zone,BR,night,improvised_tool,unlocked_door,government_property,60+,0,1,0,0,use_of_technology|local_knowledge,Digital tools or devices were used. suspect demonstrated knowledge of the local area.,4,1
FIR-00390,drug_offense,highway,PB,midnight,knife,none,individual,juvenile,0,1,1,0,use_of_technology|accomplice_involved|lone_wolf|multiple_offenders|evidence_concealment,Digital tools or devices were used. at least one accomplice was involved in the act. single offender acted alone. multiple offenders participated. suspect attempted to conceal evidence.,4,1
FIR-00391,robbery,educational_institution,DL,midnight,firearm,none,individual,36-45,1,0,1,0,psychological_manipulation|repeat_target|planned_operation|accomplice_involved|prior_surveillance,Victim was manipulated psychologically. location or victim was targeted previously. evidence of pre-planned operation. at least one accomplice was involved in the act. suspect conducted prior surveillance of the target.,9,1
FIR-00392,drug_offense,marketplace,RJ,evening,knife,window_break,individual,juvenile,0,0,0,0,use_of_technology|evidence_concealment,Digital tools or devices were used. suspect attempted to conceal evidence.,6,0
FIR-00393,drug_offense,rural_area,UP,night,none,none,commercial_establishment,46-60,0,0,0,0,lone_wolf|prior_surveillance|evidence_concealment|insider_help|physical_restraint,Single offender acted alone. suspect conducted prior surveillance of the target. suspect attempted to conceal evidence. insider assistance may have been involved. victim was physically restrained.,4,1
FIR-00394,murder,residential_area,KL,midnight,none,impersonation,individual,18-25,0,0,1,0,physical_restraint|accomplice_involved,Victim was physically restrained. at least one accomplice was involved in the act.,9,0
FIR-00395,kidnapping,educational_institution,TS,evening,vehicle,tunneling,individual,18-25,0,0,0,0,planned_operation|insider_help|physical_restraint|opportunistic,Evidence of pre-planned operation. insider assistance may have been involved. victim was physically restrained. crime appears to be opportunistic in nature.,10,1
FIR-00396,vandalism,bank_premises,HR,night,chemical,none,digital_asset,juvenile,0,1,0,0,prior_surveillance|lone_wolf,Suspect conducted prior surveillance of the target. single offender acted alone.,4,0
FIR-00397,fraud,public_transport,MH,evening,none,tunneling,commercial_establishment,36-45,1,0,0,1,use_of_technology|psychological_manipulation,Digital tools or devices were used. victim was manipulated psychologically.,7,0
FIR-00398,vandalism,parking_lot,MH,night,knife,none,commercial_establishment,18-25,1,1,0,0,night_operation|multiple_offenders|repeat_target|physical_restraint|use_of_technology,Crime was executed during nighttime hours. multiple offenders participated. location or victim was targeted previously. victim was physically restrained. digital tools or devices were used.,4,1
FIR-00399,robbery,public_transport,MH,evening,none,social_engineering,government_property,60+,0,0,1,0,lone_wolf|prior_surveillance|planned_operation|psychological_manipulation,Single offender acted alone. suspect conducted prior surveillance of the target. evidence of pre-planned operation. victim was manipulated psychologically.,9,0
FIR-00400,kidnapping,residential_area,BR,evening,chemical,social_engineering,financial_institution,26-35,1,0,0,0,psychological_manipulation|prior_surveillance|planned_operation|night_operation|opportunistic,Victim was manipulated psychologically. suspect conducted prior surveillance of the target. evidence of pre-planned operation. crime was executed during nighttime hours. crime appears to be opportunistic in nature.,10,1
FIR-00401,kidnapping,marketplace,HR,morning,chemical,social_engineering,individual,36-45,1,0,1,0,use_of_technology|night_operation|accomplice_involved|insider_help,Digital tools or devices were used. crime was executed during nighttime hours. at least one accomplice was involved in the act. insider assistance may have been involved.,9,1
FIR-00402,drug_offense,commercial_zone,BR,early_morning,none,roof_access,individual,juvenile,1,0,1,0,use_of_disguise|local_knowledge|evidence_concealment|prior_surveillance,Suspect used a disguise to conceal identity. suspect demonstrated knowledge of the local area. suspect attempted to conceal evidence. suspect conducted prior surveillance of the target.,5,0
FIR-00403,vandalism,commercial_zone,HR,night,improvised_tool,none,digital_asset,46-60,1,0,1,0,lone_wolf|planned_operation,Single offender acted alone. evidence of pre-planned operation.,3,1
FIR-00404,burglary,parking_lot,TS,midnight,none,forced_entry,household,18-25,0,1,0,0,multiple_offenders|insider_help|escape_vehicle_used|physical_restraint,Multiple offenders participated. insider assistance may have been involved. suspect escaped using a vehicle. victim was physically restrained.,5,1
FIR-00405,burglary,industrial_area,KA,midnight,chemical,window_break,household,36-45,0,0,0,0,escape_vehicle_used|prior_surveillance|use_of_technology|physical_restraint,Suspect escaped using a vehicle. suspect conducted prior surveillance of the target. digital tools or devices were used. victim was physically restrained.,5,0
FIR-00406,drug_offense,commercial_zone,TN,night,none,impersonation,individual,26-35,0,2,0,0,psychological_manipulation|multiple_offenders|physical_restraint|lone_wolf|opportunistic,Victim was manipulated psychologically. multiple offenders participated. victim was physically restrained. single offender acted alone. crime appears to be opportunistic in nature.,5,1
FIR-00407,robbery,public_transport,KL,night,blunt_object,none,individual,36-45,0,1,0,0,local_knowledge|night_operation|planned_operation|use_of_disguise,Suspect demonstrated knowledge of the local area. crime was executed during nighttime hours. evidence of pre-planned operation. suspect used a disguise to conceal identity.,7,0
FIR-00408,robbery,residential_area,TN,evening,blunt_object,social_engineering,financial_institution,juvenile,1,0,0,0,insider_help|lone_wolf|repeat_target,Insider assistance may have been involved. single offender acted alone. location or victim was targeted previously.,8,0
FIR-00409,vehicle_theft,rural_area,KA,midnight,blunt_object,forced_entry,vehicle,18-25,0,1,0,0,escape_vehicle_used|psychological_manipulation|use_of_disguise|use_of_technology,Suspect escaped using a vehicle. victim was manipulated psychologically. suspect used a disguise to conceal identity. digital tools or devices were used.,5,0
FIR-00410,robbery,public_transport,HR,night,blunt_object,none,financial_institution,juvenile,0,1,0,0,physical_restraint|local_knowledge|use_of_disguise,Victim was physically restrained. suspect demonstrated knowledge of the local area. suspect used a disguise to conceal identity.,7,1
FIR-00411,drug_offense,bank_premises,WB,evening,none,none,public_space,26-35,0,1,1,0,psychological_manipulation|escape_vehicle_used|opportunistic,Victim was manipulated psychologically. suspect escaped using a vehicle. crime appears to be opportunistic in nature.,5,1
FIR-00412,cybercrime,marketplace,RJ,evening,none,roof_access,digital_asset,18-25,1,0,1,1,local_knowledge|physical_restraint|use_of_disguise|opportunistic|repeat_target,Suspect demonstrated knowledge of the local area. victim was physically restrained. suspect used a disguise to conceal identity. crime appears to be opportunistic in nature. location or victim was targeted previously.,4,0
FIR-00413,murder,highway,GJ,night,firearm,forced_entry,individual,36-45,0,0,1,0,use_of_technology|planned_operation|prior_surveillance|use_of_disguise,Digital tools or devices were used. evidence of pre-planned operation. suspect conducted prior surveillance of the target. suspect used a disguise to conceal identity.,10,0
FIR-00414,robbery,rural_area,MP,evening,none,none,individual,juvenile,1,1,0,0,psychological_manipulation|repeat_target|lone_wolf,Victim was manipulated psychologically. location or victim was targeted previously. single offender acted alone.,9,0
FIR-00415,vandalism,highway,PB,midnight,improvised_tool,window_break,public_space,36-45,0,1,0,0,evidence_concealment|psychological_manipulation,Suspect attempted to conceal evidence. victim was manipulated psychologically.,2,0
FIR-00416,vehicle_theft,rural_area,RJ,morning,improvised_tool,unlocked_door,vehicle,18-25,0,0,1,0,planned_operation|insider_help|lone_wolf|use_of_technology|prior_surveillance,Evidence of pre-planned operation. insider assistance may have been involved. single offender acted alone. digital tools or devices were used. suspect conducted prior surveillance of the target.,5,1
FIR-00417,burglary,educational_institution,AP,midnight,blunt_object,lock_picking,infrastructure,26-35,1,1,1,0,repeat_target|use_of_disguise,Location or victim was targeted previously. suspect used a disguise to conceal identity.,6,0
FIR-00418,vehicle_theft,educational_institution,UP,early_morning,improvised_tool,lock_picking,vehicle,juvenile,1,1,0,0,accomplice_involved|multiple_offenders|escape_vehicle_used,At least one accomplice was involved in the act. multiple offenders participated. suspect escaped using a vehicle.,3,1
FIR-00419,robbery,rural_area,MH,evening,blunt_object,none,individual,46-60,1,0,1,0,local_knowledge|use_of_disguise|accomplice_involved|lone_wolf|use_of_technology,Suspect demonstrated knowledge of the local area. suspect used a disguise to conceal identity. at least one accomplice was involved in the act. single offender acted alone. digital tools or devices were used.,9,1
FIR-00420,vehicle_theft,educational_institution,MH,night,improvised_tool,unlocked_door,vehicle,18-25,0,3,1,0,use_of_disguise|multiple_offenders|planned_operation|physical_restraint|night_operation,Suspect used a disguise to conceal identity. multiple offenders participated. evidence of pre-planned operation. victim was physically restrained. crime was executed during nighttime hours.,5,1
FIR-00421,murder,parking_lot,RJ,evening,blunt_object,forced_entry,digital_asset,18-25,1,0,0,0,lone_wolf|planned_operation|psychological_manipulation|use_of_disguise|escape_vehicle_used,Single offender acted alone. evidence of pre-planned operation. victim was manipulated psychologically. suspect used a disguise to conceal identity. suspect escaped using a vehicle.,10,0
FIR-00422,assault,highway,DL,afternoon,none,none,public_space,46-60,0,1,1,0,night_operation|use_of_technology,Crime was executed during nighttime hours. digital tools or devices were used.,6,0
FIR-00423,assault,highway,KL,afternoon,none,none,individual,26-35,1,0,1,0,local_knowledge|prior_surveillance|lone_wolf,Suspect demonstrated knowledge of the local area. suspect conducted prior surveillance of the target. single offender acted alone.,7,1
FIR-00424,murder,industrial_area,PB,night,improvised_tool,none,individual,18-25,1,1,0,0,opportunistic|repeat_target,Crime appears to be opportunistic in nature. location or victim was targeted previously.,10,1
FIR-00425,robbery,bank_premises,WB,night,knife,none,individual,18-25,0,0,0,0,local_knowledge|escape_vehicle_used,Suspect demonstrated knowledge of the local area. suspect escaped using a vehicle.,7,1
FIR-00426,kidnapping,rural_area,TS,morning,firearm,none,individual,18-25,0,1,0,0,night_operation|local_knowledge|multiple_offenders,Crime was executed during nighttime hours. suspect demonstrated knowledge of the local area. multiple offenders participated.,8,0
FIR-00427,kidnapping,commercial_zone,TN,afternoon,chemical,none,individual,18-25,1,0,1,0,opportunistic|prior_surveillance|planned_operation|psychological_manipulation,Crime appears to be opportunistic in nature. suspect conducted prior surveillance of the target. evidence of pre-planned operation. victim was manipulated psychologically.,9,1
FIR-00428,vehicle_theft,commercial_zone,MP,midnight,none,unlocked_door,vehicle,60+,0,1,0,0,use_of_technology|accomplice_involved|physical_restraint,Digital tools or devices were used. at least one accomplice was involved in the act. victim was physically restrained.,5,1
FIR-00429,fraud,marketplace,MP,afternoon,none,cyber_access,financial_institution,36-45,0,1,0,1,prior_surveillance|night_operation|evidence_concealment,Suspect conducted prior surveillance of the target. crime was executed during nighttime hours. suspect attempted to conceal evidence.,6,0
FIR-00430,kidnapping,public_transport,MH,night,knife,none,individual,60+,1,1,1,0,psychological_manipulation|use_of_disguise|repeat_target|opportunistic|evidence_concealment,Victim was manipulated psychologically. suspect used a disguise to conceal identity. location or victim was targeted previously. crime appears to be opportunistic in nature. suspect attempted to conceal evidence.,8,0
FIR-00431,burglary,parking_lot,MP,midnight,none,forced_entry,financial_institution,36-45,1,1,0,0,prior_surveillance|accomplice_involved|multiple_offenders|insider_help|lone_wolf,Suspect conducted prior surveillance of the target. at least one accomplice was involved in the act. multiple offenders participated. insider assistance may have been involved. single offender acted alone.,5,0
FIR-00432,assault,educational_institution,KL,afternoon,blunt_object,none,individual,18-25,1,0,1,0,opportunistic|physical_restraint|night_operation|repeat_target|local_knowledge,Crime appears to be opportunistic in nature. victim was physically restrained. crime was executed during nighttime hours. location or victim was targeted previously. suspect demonstrated knowledge of the local area.,7,1
FIR-00433,murder,industrial_area,MH,midnight,firearm,none,individual,36-45,0,0,1,0,use_of_disguise|local_knowledge|repeat_target|physical_restraint|use_of_technology,Suspect used a disguise to conceal identity. suspect demonstrated knowledge of the local area. location or victim was targeted previously. victim was physically restrained. digital tools or devices were used.,10,0
FIR-00434,kidnapping,industrial_area,MH,afternoon,firearm,social_engineering,financial_institution,18-25,1,3,1,0,evidence_concealment|planned_operation|lone_wolf|multiple_offenders,Suspect attempted to conceal evidence. evidence of pre-planned operation. single offender acted alone. multiple offenders participated.,9,0
FIR-00435,cybercrime,industrial_area,HR,evening,firearm,cyber_access,individual,18-25,1,0,1,1,escape_vehicle_used|use_of_technology|evidence_concealment|insider_help,Suspect escaped using a vehicle. digital tools or devices were used. suspect attempted to conceal evidence. insider assistance may have been involved.,5,0
FIR-00436,kidnapping,educational_institution,WB,morning,chemical,social_engineering,individual,46-60,0,0,0,0,use_of_technology|night_operation|physical_restraint,Digital tools or devices were used. crime was executed during nighttime hours. victim was physically restrained.,10,0
FIR-00437,robbery,bank_premises,BR,midnight,blunt_object,impersonation,household,18-25,1,1,1,0,use_of_technology|escape_vehicle_used|repeat_target|evidence_concealment|local_knowledge,Digital tools or devices were used. suspect escaped using a vehicle. location or victim was targeted previously. suspect attempted to conceal evidence. suspect demonstrated knowledge of the local area.,8,1
FIR-00438,robbery,educational_institution,UP,evening,chemical,tunneling,digital_asset,juvenile,0,1,1,0,night_operation|accomplice_involved,Crime was executed during nighttime hours. at least one accomplice was involved in the act.,8,0
FIR-00439,kidnapping,marketplace,PB,afternoon,firearm,none,individual,46-60,1,1,1,0,accomplice_involved|escape_vehicle_used|use_of_disguise,At least one accomplice was involved in the act. suspect escaped using a vehicle. suspect used a disguise to conceal identity.,8,0
FIR-00440,murder,commercial_zone,MH,evening,knife,none,individual,26-35,0,0,0,0,evidence_concealment|psychological_manipulation|local_knowledge|accomplice_involved|prior_surveillance,Suspect attempted to conceal evidence. victim was manipulated psychologically. suspect demonstrated knowledge of the local area. at least one accomplice was involved in the act. suspect conducted prior surveillance of the target.,9,1
FIR-00441,vehicle_theft,highway,GJ,night,improvised_tool,unlocked_door,multiple,26-35,0,4,0,0,psychological_manipulation|multiple_offenders|night_operation|opportunistic,Victim was manipulated psychologically. multiple offenders participated. crime was executed during nighttime hours. crime appears to be opportunistic in nature.,4,0
FIR-00442,fraud,bank_premises,KL,early_morning,blunt_object,impersonation,individual,26-35,0,1,0,1,escape_vehicle_used|insider_help|physical_restraint,Suspect escaped using a vehicle. insider assistance may have been involved. victim was physically restrained.,7,0
FIR-00443,burglary,parking_lot,RJ,afternoon,vehicle,lock_picking,household,36-45,0,0,1,0,escape_vehicle_used|planned_operation,Suspect escaped using a vehicle. evidence of pre-planned operation.,6,0
FIR-00444,cybercrime,bank_premises,UP,evening,none,cyber_access,individual,36-45,0,0,0,1,evidence_concealment|psychological_manipulation,Suspect attempted to conceal evidence. victim was manipulated psychologically.,4,0
FIR-00445,robbery,marketplace,DL,evening,chemical,social_engineering,financial_institution,60+,0,0,1,0,use_of_disguise|local_knowledge|escape_vehicle_used|opportunistic|night_operation,Suspect used a disguise to conceal identity. suspect demonstrated knowledge of the local area. suspect escaped using a vehicle. crime appears to be opportunistic in nature. crime was executed during nighttime hours.,9,0
FIR-00446,kidnapping,public_transport,KA,midnight,chemical,impersonation,digital_asset,18-25,1,0,0,0,night_operation|accomplice_involved,Crime was executed during nighttime hours. at least one accomplice was involved in the act.,10,1
FIR-00447,vandalism,public_transport,RJ,midnight,chemical,roof_access,commercial_establishment,36-45,1,1,0,0,repeat_target|use_of_technology|psychological_manipulation|physical_restraint,Location or victim was targeted previously. digital tools or devices were used. victim was manipulated psychologically. victim was physically restrained.,2,1
FIR-00448,drug_offense,parking_lot,UP,afternoon,improvised_tool,none,individual,26-35,0,0,1,0,psychological_manipulation|repeat_target,Victim was manipulated psychologically. location or victim was targeted previously.,6,1
FIR-00449,vandalism,public_transport,BR,night,improvised_tool,none,commercial_establishment,60+,0,2,0,0,opportunistic|multiple_offenders,Crime appears to be opportunistic in nature. multiple offenders participated.,3,1
FIR-00450,burglary,educational_institution,BR,midnight,rope,lock_picking,commercial_establishment,60+,1,1,1,0,night_operation|use_of_disguise|opportunistic|local_knowledge|physical_restraint,Crime was executed during nighttime hours. suspect used a disguise to conceal identity. crime appears to be opportunistic in nature. suspect demonstrated knowledge of the local area. victim was physically restrained.,5,0
FIR-00451,assault,residential_area,KL,night,none,none,individual,26-35,0,0,0,0,repeat_target|planned_operation,Location or victim was targeted previously. evidence of pre-planned operation.,6,0
FIR-00452,robbery,industrial_area,KL,midnight,blunt_object,none,financial_institution,60+,1,0,1,0,night_operation|evidence_concealment,Crime was executed during nighttime hours. suspect attempted to conceal evidence.,8,1
FIR-00453,robbery,marketplace,TS,midnight,knife,social_engineering,individual,60+,0,1,0,0,prior_surveillance|physical_restraint|lone_wolf,Suspect conducted prior surveillance of the target. victim was physically restrained. single offender acted alone.,8,0
FIR-00454,vandalism,bank_premises,RJ,midnight,blunt_object,impersonation,government_property,18-25,0,1,0,0,local_knowledge|use_of_technology,Suspect demonstrated knowledge of the local area. digital tools or devices were used.,4,0
FIR-00455,drug_offense,industrial_area,KL,night,none,lock_picking,household,46-60,1,0,1,0,psychological_manipulation|accomplice_involved|prior_surveillance|use_of_disguise|physical_restraint,Victim was manipulated psychologically. at least one accomplice was involved in the act. suspect conducted prior surveillance of the target. suspect used a disguise to conceal identity. victim was physically restrained.,4,1
FIR-00456,burglary,public_transport,MH,night,blunt_object,lock_picking,household,26-35,0,1,0,0,lone_wolf|use_of_disguise|physical_restraint|insider_help,Single offender acted alone. suspect used a disguise to conceal identity. victim was physically restrained. insider assistance may have been involved.,7,0
FIR-00457,robbery,bank_premises,AP,night,knife,none,multiple,18-25,1,1,1,0,multiple_offenders|accomplice_involved|use_of_technology,Multiple offenders participated. at least one accomplice was involved in the act. digital tools or devices were used.,8,1
FIR-00458,murder,public_transport,GJ,midnight,knife,none,individual,60+,0,3,0,0,multiple_offenders|evidence_concealment|use_of_disguise,Multiple offenders participated. suspect attempted to conceal evidence. suspect used a disguise to conceal identity.,10,0
FIR-00459,vandalism,commercial_zone,BR,midnight,improvised_tool,none,commercial_establishment,26-35,1,3,0,0,repeat_target|multiple_offenders|local_knowledge|night_operation,Location or victim was targeted previously. multiple offenders participated. suspect demonstrated knowledge of the local area. crime was executed during nighttime hours.,2,1
FIR-00460,kidnapping,parking_lot,MP,early_morning,knife,social_engineering,individual,26-35,1,0,1,0,accomplice_involved|use_of_disguise,At least one accomplice was involved in the act. suspect used a disguise to conceal identity.,9,1
FIR-00461,drug_offense,highway,KL,midnight,none,none,individual,46-60,1,1,1,0,insider_help|psychological_manipulation|physical_restraint|planned_operation,Insider assistance may have been involved. victim was manipulated psychologically. victim was physically restrained. evidence of pre-planned operation.,4,1
FIR-00462,murder,educational_institution,HR,midnight,none,unlocked_door,individual,36-45,1,0,0,0,use_of_disguise|accomplice_involved,Suspect used a disguise to conceal identity. at least one accomplice was involved in the act.,9,0
FIR-00463,robbery,marketplace,MP,night,rope,forced_entry,individual,36-45,0,0,1,0,local_knowledge|prior_surveillance,Suspect demonstrated knowledge of the local area. suspect conducted prior surveillance of the target.,9,0
FIR-00464,drug_offense,bank_premises,UP,morning,none,unlocked_door,individual,18-25,1,1,0,0,escape_vehicle_used|prior_surveillance|planned_operation,Suspect escaped using a vehicle. suspect conducted prior surveillance of the target. evidence of pre-planned operation.,4,1
FIR-00465,fraud,residential_area,TS,morning,none,lock_picking,individual,60+,0,1,1,1,physical_restraint|lone_wolf|psychological_manipulation,Victim was physically restrained. single offender acted alone. victim was manipulated psychologically.,6,0
FIR-00466,burglary,highway,MH,midnight,blunt_object,lock_picking,commercial_establishment,26-35,1,0,0,0,planned_operation|accomplice_involved|use_of_technology|multiple_offenders|use_of_disguise,Evidence of pre-planned operation. at least one accomplice was involved in the act. digital tools or devices were used. multiple offenders participated. suspect used a disguise to conceal identity.,6,1
FIR-00467,cybercrime,commercial_zone,TS,afternoon,none,cyber_access,financial_institution,36-45,0,0,0,1,repeat_target|opportunistic|escape_vehicle_used,Location or victim was targeted previously. crime appears to be opportunistic in nature. suspect escaped using a vehicle.,5,0
FIR-00468,vehicle_theft,educational_institution,RJ,night,blunt_object,unlocked_door,vehicle,juvenile,0,3,0,0,repeat_target|opportunistic|local_knowledge|multiple_offenders|planned_operation,Location or victim was targeted previously. crime appears to be opportunistic in nature. suspect demonstrated knowledge of the local area. multiple offenders participated. evidence of pre-planned operation.,5,1
FIR-00469,robbery,highway,KL,early_morning,blunt_object,social_engineering,financial_institution,46-60,1,0,0,0,physical_restraint|repeat_target|insider_help|accomplice_involved|planned_operation,Victim was physically restrained. location or victim was targeted previously. insider assistance may have been involved. at least one accomplice was involved in the act. evidence of pre-planned operation.,7,1
FIR-00470,cybercrime,commercial_zone,KL,afternoon,none,none,individual,60+,0,1,0,1,planned_operation|multiple_offenders|physical_restraint,Evidence of pre-planned operation. multiple offenders participated. victim was physically restrained.,4,0
FIR-00471,assault,highway,MP,night,none,social_engineering,individual,36-45,1,1,0,0,insider_help|opportunistic|planned_operation,Insider assistance may have been involved. crime appears to be opportunistic in nature. evidence of pre-planned operation.,7,1
FIR-00472,cybercrime,industrial_area,MH,afternoon,none,cyber_access,digital_asset,juvenile,1,1,0,1,planned_operation|repeat_target|insider_help|lone_wolf,Evidence of pre-planned operation. location or victim was targeted previously. insider assistance may have been involved. single offender acted alone.,4,0
FIR-00473,cybercrime,rural_area,KL,afternoon,none,cyber_access,digital_asset,26-35,0,0,0,1,insider_help|psychological_manipulation|repeat_target|night_operation,Insider assistance may have been involved. victim was manipulated psychologically. location or victim was targeted previously. crime was executed during nighttime hours.,4,0
FIR-00474,vandalism,rural_area,KL,night,firearm,none,multiple,26-35,0,1,1,0,repeat_target|prior_surveillance|use_of_disguise,Location or victim was targeted previously. suspect conducted prior surveillance of the target. suspect used a disguise to conceal identity.,4,1
FIR-00475,fraud,industrial_area,MH,morning,none,lock_picking,commercial_establishment,26-35,0,0,0,1,planned_operation|escape_vehicle_used,Evidence of pre-planned operation. suspect escaped using a vehicle.,7,0
FIR-00476,murder,industrial_area,TN,evening,firearm,forced_entry,individual,46-60,0,1,1,0,lone_wolf|use_of_technology,Single offender acted alone. digital tools or devices were used.,10,0
FIR-00477,vehicle_theft,educational_institution,KA,midnight,none,lock_picking,vehicle,18-25,0,0,1,0,insider_help|multiple_offenders,Insider assistance may have been involved. multiple offenders participated.,3,1
FIR-00478,vandalism,rural_area,TS,afternoon,rope,none,government_property,juvenile,0,0,1,0,insider_help|escape_vehicle_used|repeat_target|use_of_disguise,Insider assistance may have been involved. suspect escaped using a vehicle. location or victim was targeted previously. suspect used a disguise to conceal identity.,2,1
FIR-00479,cybercrime,parking_lot,HR,midnight,none,cyber_access,digital_asset,60+,0,1,0,1,repeat_target|insider_help|night_operation|escape_vehicle_used|local_knowledge,Location or victim was targeted previously. insider assistance may have been involved. crime was executed during nighttime hours. suspect escaped using a vehicle. suspect demonstrated knowledge of the local area.,4,0
FIR-00480,murder,educational_institution,KA,night,firearm,social_engineering,commercial_establishment,juvenile,1,0,1,0,local_knowledge|psychological_manipulation|physical_restraint,Suspect demonstrated knowledge of the local area. victim was manipulated psychologically. victim was physically restrained.,9,1
FIR-00481,vehicle_theft,parking_lot,RJ,early_morning,blunt_object,lock_picking,individual,juvenile,1,0,0,0,prior_surveillance|local_knowledge,Suspect conducted prior surveillance of the target. suspect demonstrated knowledge of the local area.,3,0
FIR-00482,robbery,commercial_zone,UP,evening,firearm,none,financial_institution,18-25,0,1,0,0,opportunistic|repeat_target|evidence_concealment|insider_help|use_of_disguise,Crime appears to be opportunistic in nature. location or victim was targeted previously. suspect attempted to conceal evidence. insider assistance may have been involved. suspect used a disguise to conceal identity.,9,1
FIR-00483,burglary,residential_area,RJ,early_morning,blunt_object,forced_entry,household,18-25,1,0,1,0,physical_restraint|night_operation|psychological_manipulation|planned_operation,Victim was physically restrained. crime was executed during nighttime hours. victim was manipulated psychologically. evidence of pre-planned operation.,7,1
FIR-00484,assault,commercial_zone,AP,morning,none,none,individual,juvenile,1,1,1,0,psychological_manipulation|physical_restraint|use_of_disguise|evidence_concealment|planned_operation,Victim was manipulated psychologically. victim was physically restrained. suspect used a disguise to conceal identity. suspect attempted to conceal evidence. evidence of pre-planned operation.,7,1
FIR-00485,fraud,industrial_area,UP,afternoon,firearm,tunneling,commercial_establishment,26-35,1,1,0,1,use_of_disguise|accomplice_involved|physical_restraint|planned_operation|escape_vehicle_used,Suspect used a disguise to conceal identity. at least one accomplice was involved in the act. victim was physically restrained. evidence of pre-planned operation. suspect escaped using a vehicle.,6,1
FIR-00486,assault,industrial_area,BR,afternoon,knife,none,individual,60+,1,3,0,0,evidence_concealment|use_of_technology|lone_wolf|insider_help|multiple_offenders,Suspect attempted to conceal evidence. digital tools or devices were used. single offender acted alone. insider assistance may have been involved. multiple offenders participated.,5,1
FIR-00487,vandalism,residential_area,MP,night,none,none,government_property,26-35,0,1,1,0,night_operation|prior_surveillance|opportunistic,Crime was executed during nighttime hours. suspect conducted prior surveillance of the target. crime appears to be opportunistic in nature.,2,1
FIR-00488,assault,commercial_zone,KL,night,blunt_object,impersonation,individual,60+,1,4,0,0,multiple_offenders|opportunistic,Multiple offenders participated. crime appears to be opportunistic in nature.,5,1
FIR-00489,murder,industrial_area,WB,morning,knife,forced_entry,individual,18-25,0,0,1,0,evidence_concealment|planned_operation|escape_vehicle_used|opportunistic,Suspect attempted to conceal evidence. evidence of pre-planned operation. suspect escaped using a vehicle. crime appears to be opportunistic in nature.,10,0
FIR-00490,robbery,marketplace,KL,evening,knife,none,financial_institution,46-60,0,1,0,0,insider_help|planned_operation|use_of_disguise|repeat_target,Insider assistance may have been involved. evidence of pre-planned operation. suspect used a disguise to conceal identity. location or victim was targeted previously.,9,0
FIR-00491,vehicle_theft,marketplace,GJ,night,none,lock_picking,vehicle,36-45,0,1,0,0,local_knowledge|use_of_disguise|prior_surveillance|evidence_concealment|opportunistic,Suspect demonstrated knowledge of the local area. suspect used a disguise to conceal identity. suspect conducted prior surveillance of the target. suspect attempted to conceal evidence. crime appears to be opportunistic in nature.,3,0
FIR-00492,robbery,commercial_zone,AP,evening,firearm,tunneling,individual,18-25,1,1,0,0,planned_operation|use_of_technology|night_operation|psychological_manipulation,Evidence of pre-planned operation. digital tools or devices were used. crime was executed during nighttime hours. victim was manipulated psychologically.,7,0
FIR-00493,vandalism,educational_institution,MP,midnight,improvised_tool,none,public_space,36-45,1,0,0,0,escape_vehicle_used|use_of_disguise|evidence_concealment|psychological_manipulation|accomplice_involved,Suspect escaped using a vehicle. suspect used a disguise to conceal identity. suspect attempted to conceal evidence. victim was manipulated psychologically. at least one accomplice was involved in the act.,4,1
FIR-00494,burglary,commercial_zone,TN,midnight,none,forced_entry,household,60+,0,1,1,0,opportunistic|use_of_technology|lone_wolf,Crime appears to be opportunistic in nature. digital tools or devices were used. single offender acted alone.,7,0
FIR-00495,assault,public_transport,AP,night,none,none,digital_asset,18-25,0,0,1,0,evidence_concealment|accomplice_involved|local_knowledge,Suspect attempted to conceal evidence. at least one accomplice was involved in the act. suspect demonstrated knowledge of the local area.,6,1
FIR-00496,robbery,commercial_zone,KL,night,blunt_object,social_engineering,individual,18-25,0,0,1,0,evidence_concealment|repeat_target|local_knowledge|insider_help,Suspect attempted to conceal evidence. location or victim was targeted previously. suspect demonstrated knowledge of the local area. insider assistance may have been involved.,7,0
FIR-00497,burglary,rural_area,TS,midnight,blunt_object,window_break,commercial_establishment,juvenile,1,0,0,0,use_of_technology|lone_wolf|psychological_manipulation|prior_surveillance|physical_restraint,Digital tools or devices were used. single offender acted alone. victim was manipulated psychologically. suspect conducted prior surveillance of the target. victim was physically restrained.,5,0
FIR-00498,assault,commercial_zone,WB,afternoon,none,none,individual,26-35,0,1,0,0,night_operation|accomplice_involved|use_of_disguise|escape_vehicle_used|lone_wolf,Crime was executed during nighttime hours. at least one accomplice was involved in the act. suspect used a disguise to conceal identity. suspect escaped using a vehicle. single offender acted alone.,6,0
FIR-00499,kidnapping,marketplace,MP,afternoon,chemical,social_engineering,individual,juvenile,1,1,0,0,repeat_target|psychological_manipulation|night_operation|opportunistic|physical_restraint,Location or victim was targeted previously. victim was manipulated psychologically. crime was executed during nighttime hours. crime appears to be opportunistic in nature. victim was physically restrained.,10,1
FIR-00500,fraud,industrial_area,UP,evening,rope,social_engineering,financial_institution,juvenile,1,1,1,1,use_of_disguise|repeat_target|multiple_offenders|escape_vehicle_used|insider_help,Suspect used a disguise to conceal identity. location or victim was targeted previously. multiple offenders participated. suspect escaped using a vehicle. insider assistance may have been involved.,8,0
FIR-00501,assault,highway,WB,early_morning,knife,impersonation,individual,36-45,0,4,0,0,multiple_offenders|opportunistic|escape_vehicle_used,Multiple offenders participated. crime appears to be opportunistic in nature. suspect escaped using a vehicle.,5,0
FIR-00502,robbery,residential_area,BR,night,blunt_object,social_engineering,vehicle,18-25,0,3,1,0,evidence_concealment|multiple_offenders|opportunistic,Suspect attempted to conceal evidence. multiple offenders participated. crime appears to be opportunistic in nature.,9,1
FIR-00503,drug_offense,highway,MP,evening,none,social_engineering,individual,60+,0,2,1,0,planned_operation|opportunistic|night_operation|multiple_offenders|psychological_manipulation,Evidence of pre-planned operation. crime appears to be opportunistic in nature. crime was executed during nighttime hours. multiple offenders participated. victim was manipulated psychologically.,4,1
FIR-00504,burglary,rural_area,RJ,midnight,blunt_object,forced_entry,commercial_establishment,46-60,0,0,1,0,night_operation|lone_wolf|use_of_disguise|insider_help,Crime was executed during nighttime hours. single offender acted alone. suspect used a disguise to conceal identity. insider assistance may have been involved.,5,1
FIR-00505,kidnapping,commercial_zone,DL,evening,chemical,social_engineering,individual,juvenile,0,1,0,0,night_operation|insider_help|escape_vehicle_used|local_knowledge|physical_restraint,Crime was executed during nighttime hours. insider assistance may have been involved. suspect escaped using a vehicle. suspect demonstrated knowledge of the local area. victim was physically restrained.,8,0
FIR-00506,cybercrime,commercial_zone,HR,morning,none,cyber_access,financial_institution,26-35,0,1,1,1,local_knowledge|prior_surveillance|opportunistic|evidence_concealment|night_operation,Suspect demonstrated knowledge of the local area. suspect conducted prior surveillance of the target. crime appears to be opportunistic in nature. suspect attempted to conceal evidence. crime was executed during nighttime hours.,5,0
FIR-00507,kidnapping,bank_premises,AP,morning,firearm,impersonation,individual,60+,1,4,1,0,multiple_offenders|night_operation|use_of_technology,Multiple offenders participated. crime was executed during nighttime hours. digital tools or devices were used.,8,0
FIR-00508,burglary,bank_premises,RJ,night,none,window_break,commercial_establishment,18-25,1,1,0,0,night_operation|psychological_manipulation|physical_restraint,Crime was executed during nighttime hours. victim was manipulated psychologically. victim was physically restrained.,7,0
FIR-00509,fraud,bank_premises,AP,morning,none,social_engineering,financial_institution,juvenile,1,0,0,1,lone_wolf|psychological_manipulation|evidence_concealment,Single offender acted alone. victim was manipulated psychologically. suspect attempted to conceal evidence.,6,0
FIR-00510,cybercrime,residential_area,AP,morning,knife,impersonation,digital_asset,60+,0,0,1,1,lone_wolf|evidence_concealment,Single offender acted alone. suspect attempted to conceal evidence.,4,0
FIR-00511,cybercrime,residential_area,DL,early_morning,none,cyber_access,financial_institution,36-45,0,1,0,1,planned_operation|psychological_manipulation,Evidence of pre-planned operation. victim was manipulated psychologically.,5,0
FIR-00512,assault,parking_lot,MP,evening,knife,none,public_space,46-60,1,0,0,0,night_operation|evidence_concealment|physical_restraint|prior_surveillance,Crime was executed during nighttime hours. suspect attempted to conceal evidence. victim was physically restrained. suspect conducted prior surveillance of the target.,7,1
FIR-00513,fraud,public_transport,GJ,morning,none,social_engineering,commercial_establishment,juvenile,0,0,1,1,lone_wolf|escape_vehicle_used|local_knowledge|insider_help,Single offender acted alone. suspect escaped using a vehicle. suspect demonstrated knowledge of the local area. insider assistance may have been involved.,7,0
FIR-00514,assault,marketplace,BR,afternoon,none,none,individual,36-45,1,1,1,0,psychological_manipulation|physical_restraint|accomplice_involved|lone_wolf,Victim was manipulated psychologically. victim was physically restrained. at least one accomplice was involved in the act. single offender acted alone.,5,1
FIR-00515,robbery,highway,DL,night,firearm,window_break,financial_institution,juvenile,1,2,1,0,multiple_offenders|local_knowledge|use_of_disguise|opportunistic,Multiple offenders participated. suspect demonstrated knowledge of the local area. suspect used a disguise to conceal identity. crime appears to be opportunistic in nature.,7,1
FIR-00516,assault,public_transport,DL,early_morning,none,none,individual,46-60,1,0,1,0,planned_operation|accomplice_involved|use_of_technology,Evidence of pre-planned operation. at least one accomplice was involved in the act. digital tools or devices were used.,7,1
FIR-00517,kidnapping,highway,DL,afternoon,improvised_tool,none,individual,juvenile,0,0,1,0,local_knowledge|night_operation|physical_restraint|prior_surveillance,Suspect demonstrated knowledge of the local area. crime was executed during nighttime hours. victim was physically restrained. suspect conducted prior surveillance of the target.,10,0
FIR-00518,cybercrime,highway,KA,afternoon,none,cyber_access,digital_asset,60+,1,0,1,1,local_knowledge|accomplice_involved|use_of_technology|evidence_concealment,Suspect demonstrated knowledge of the local area. at least one accomplice was involved in the act. digital tools or devices were used. suspect attempted to conceal evidence.,6,1
FIR-00519,cybercrime,residential_area,UP,afternoon,none,cyber_access,digital_asset,juvenile,1,4,0,1,multiple_offenders|night_operation|use_of_disguise|accomplice_involved,Multiple offenders participated. crime was executed during nighttime hours. suspect used a disguise to conceal identity. at least one accomplice was involved in the act.,5,1
FIR-00520,burglary,educational_institution,UP,night,blunt_object,lock_picking,commercial_establishment,60+,0,1,0,0,night_operation|use_of_disguise|opportunistic|lone_wolf|physical_restraint,Crime was executed during nighttime hours. suspect used a disguise to conceal identity. crime appears to be opportunistic in nature. single offender acted alone. victim was physically restrained.,6,0
FIR-00521,drug_offense,public_transport,KA,early_morning,vehicle,none,public_space,juvenile,0,0,0,0,escape_vehicle_used|use_of_technology,Suspect escaped using a vehicle. digital tools or devices were used.,4,0
FIR-00522,robbery,rural_area,PB,early_morning,firearm,none,individual,18-25,0,0,0,0,physical_restraint|escape_vehicle_used|insider_help|psychological_manipulation,Victim was physically restrained. suspect escaped using a vehicle. insider assistance may have been involved. victim was manipulated psychologically.,9,1
FIR-00523,vehicle_theft,highway,TS,evening,improvised_tool,roof_access,vehicle,18-25,1,0,0,0,repeat_target|insider_help,Location or victim was targeted previously. insider assistance may have been involved.,5,0
FIR-00524,burglary,bank_premises,GJ,morning,blunt_object,lock_picking,household,juvenile,1,1,1,0,local_knowledge|use_of_technology|planned_operation,Suspect demonstrated knowledge of the local area. digital tools or devices were used. evidence of pre-planned operation.,5,1
FIR-00525,fraud,educational_institution,AP,afternoon,none,impersonation,financial_institution,46-60,0,0,0,1,night_operation|psychological_manipulation|prior_surveillance|lone_wolf|evidence_concealment,Crime was executed during nighttime hours. victim was manipulated psychologically. suspect conducted prior surveillance of the target. single offender acted alone. suspect attempted to conceal evidence.,6,0
FIR-00526,burglary,public_transport,PB,night,blunt_object,forced_entry,household,60+,0,1,1,0,evidence_concealment|night_operation|use_of_disguise|local_knowledge,Suspect attempted to conceal evidence. crime was executed during nighttime hours. suspect used a disguise to conceal identity. suspect demonstrated knowledge of the local area.,7,1
FIR-00527,burglary,marketplace,MH,midnight,none,none,commercial_establishment,18-25,0,1,1,0,psychological_manipulation|prior_surveillance|use_of_disguise|repeat_target|accomplice_involved,Victim was manipulated psychologically. suspect conducted prior surveillance of the target. suspect used a disguise to conceal identity. location or victim was targeted previously. at least one accomplice was involved in the act.,5,1
FIR-00528,vandalism,public_transport,MP,night,none,none,public_space,46-60,1,1,1,0,night_operation|accomplice_involved|repeat_target,Crime was executed during nighttime hours. at least one accomplice was involved in the act. location or victim was targeted previously.,3,0
FIR-00529,fraud,rural_area,HR,afternoon,none,impersonation,government_property,46-60,0,1,0,1,night_operation|repeat_target|psychological_manipulation|use_of_technology|escape_vehicle_used,Crime was executed during nighttime hours. location or victim was targeted previously. victim was manipulated psychologically. digital tools or devices were used. suspect escaped using a vehicle.,6,0
FIR-00530,assault,commercial_zone,BR,evening,none,none,individual,26-35,0,1,1,0,opportunistic|repeat_target|psychological_manipulation|evidence_concealment|local_knowledge,Crime appears to be opportunistic in nature. location or victim was targeted previously. victim was manipulated psychologically. suspect attempted to conceal evidence. suspect demonstrated knowledge of the local area.,6,1
FIR-00531,vehicle_theft,educational_institution,MH,early_morning,improvised_tool,roof_access,vehicle,juvenile,0,0,1,0,lone_wolf|psychological_manipulation|use_of_disguise,Single offender acted alone. victim was manipulated psychologically. suspect used a disguise to conceal identity.,4,1
FIR-00532,murder,educational_institution,RJ,midnight,blunt_object,none,individual,juvenile,1,0,0,0,accomplice_involved|repeat_target,At least one accomplice was involved in the act. location or victim was targeted previously.,10,1
FIR-00533,cybercrime,public_transport,TS,evening,none,cyber_access,financial_institution,60+,1,3,1,1,night_operation|lone_wolf|repeat_target|multiple_offenders|physical_restraint,Crime was executed during nighttime hours. single offender acted alone. location or victim was targeted previously. multiple offenders participated. victim was physically restrained.,6,1
FIR-00534,vandalism,parking_lot,WB,night,improvised_tool,none,public_space,60+,0,2,1,0,multiple_offenders|accomplice_involved|use_of_disguise|use_of_technology|insider_help,Multiple offenders participated. at least one accomplice was involved in the act. suspect used a disguise to conceal identity. digital tools or devices were used. insider assistance may have been involved.,4,0
FIR-00535,fraud,commercial_zone,AP,afternoon,none,cyber_access,digital_asset,18-25,0,1,0,1,escape_vehicle_used|use_of_disguise|physical_restraint,Suspect escaped using a vehicle. suspect used a disguise to conceal identity. victim was physically restrained.,8,0
FIR-00536,kidnapping,rural_area,DL,evening,firearm,social_engineering,individual,46-60,0,0,0,0,psychological_manipulation|multiple_offenders|prior_surveillance|accomplice_involved|escape_vehicle_used,Victim was manipulated psychologically. multiple offenders participated. suspect conducted prior surveillance of the target. at least one accomplice was involved in the act. suspect escaped using a vehicle.,10,0
FIR-00537,drug_offense,residential_area,AP,early_morning,none,social_engineering,public_space,36-45,0,0,0,0,use_of_disguise|prior_surveillance,Suspect used a disguise to conceal identity. suspect conducted prior surveillance of the target.,4,1
FIR-00538,vehicle_theft,industrial_area,PB,night,none,cyber_access,vehicle,18-25,0,0,0,0,lone_wolf|multiple_offenders|psychological_manipulation|physical_restraint,Single offender acted alone. multiple offenders participated. victim was manipulated psychologically. victim was physically restrained.,3,1
FIR-00539,assault,parking_lot,GJ,midnight,knife,none,individual,36-45,0,0,0,0,local_knowledge|escape_vehicle_used|evidence_concealment|accomplice_involved|insider_help,Suspect demonstrated knowledge of the local area. suspect escaped using a vehicle. suspect attempted to conceal evidence. at least one accomplice was involved in the act. insider assistance may have been involved.,6,1
FIR-00540,cybercrime,industrial_area,BR,evening,none,cyber_access,financial_institution,36-45,0,0,1,1,prior_surveillance|use_of_disguise|opportunistic|use_of_technology,Suspect conducted prior surveillance of the target. suspect used a disguise to conceal identity. crime appears to be opportunistic in nature. digital tools or devices were used.,6,0
FIR-00541,drug_offense,educational_institution,KA,night,knife,none,individual,60+,0,0,1,0,evidence_concealment|planned_operation,Suspect attempted to conceal evidence. evidence of pre-planned operation.,6,0
FIR-00542,assault,industrial_area,DL,afternoon,knife,tunneling,individual,18-25,0,0,1,0,evidence_concealment|opportunistic|local_knowledge|night_operation|escape_vehicle_used,Suspect attempted to conceal evidence. crime appears to be opportunistic in nature. suspect demonstrated knowledge of the local area. crime was executed during nighttime hours. suspect escaped using a vehicle.,5,0
FIR-00543,kidnapping,parking_lot,PB,early_morning,chemical,none,individual,60+,1,0,0,0,psychological_manipulation|accomplice_involved|escape_vehicle_used,Victim was manipulated psychologically. at least one accomplice was involved in the act. suspect escaped using a vehicle.,8,1
FIR-00544,cybercrime,commercial_zone,MH,evening,rope,cyber_access,financial_institution,46-60,0,1,1,1,planned_operation|prior_surveillance,Evidence of pre-planned operation. suspect conducted prior surveillance of the target.,4,0
FIR-00545,vandalism,bank_premises,GJ,night,blunt_object,none,public_space,26-35,0,0,0,0,use_of_disguise|insider_help|planned_operation,Suspect used a disguise to conceal identity. insider assistance may have been involved. evidence of pre-planned operation.,2,0
FIR-00546,drug_offense,educational_institution,KL,night,knife,none,public_space,36-45,1,1,1,0,physical_restraint|accomplice_involved|use_of_technology,Victim was physically restrained. at least one accomplice was involved in the act. digital tools or devices were used.,6,1
FIR-00547,vandalism,public_transport,BR,night,blunt_object,none,public_space,26-35,0,0,0,0,planned_operation|use_of_technology|multiple_offenders,Evidence of pre-planned operation. digital tools or devices were used. multiple offenders participated.,4,0
FIR-00548,murder,parking_lot,BR,evening,knife,forced_entry,multiple,juvenile,0,0,1,0,use_of_technology|escape_vehicle_used|prior_surveillance,Digital tools or devices were used. suspect escaped using a vehicle. suspect conducted prior surveillance of the target.,10,1
FIR-00549,kidnapping,residential_area,WB,morning,firearm,none,individual,46-60,1,0,1,0,repeat_target|planned_operation|escape_vehicle_used|lone_wolf|use_of_technology,Location or victim was targeted previously. evidence of pre-planned operation. suspect escaped using a vehicle. single offender acted alone. digital tools or devices were used.,9,1
FIR-00550,fraud,bank_premises,MH,afternoon,none,none,financial_institution,46-60,0,1,1,1,insider_help|multiple_offenders,Insider assistance may have been involved. multiple offenders participated.,6,1
FIR-00551,assault,commercial_zone,DL,night,blunt_object,none,individual,60+,1,1,1,0,evidence_concealment|escape_vehicle_used|lone_wolf,Suspect attempted to conceal evidence. suspect escaped using a vehicle. single offender acted alone.,5,0
FIR-00552,fraud,bank_premises,MH,afternoon,none,none,financial_institution,juvenile,1,0,1,1,evidence_concealment|repeat_target|accomplice_involved|night_operation|use_of_disguise,Suspect attempted to conceal evidence. location or victim was targeted previously. at least one accomplice was involved in the act. crime was executed during nighttime hours. suspect used a disguise to conceal identity.,8,0
FIR-00553,drug_offense,commercial_zone,WB,midnight,none,social_engineering,public_space,juvenile,0,0,1,0,use_of_technology|physical_restraint|planned_operation|repeat_target,Digital tools or devices were used. victim was physically restrained. evidence of pre-planned operation. location or victim was targeted previously.,4,0
FIR-00554,vandalism,highway,MH,night,blunt_object,impersonation,government_property,46-60,0,1,1,0,escape_vehicle_used|lone_wolf,Suspect escaped using a vehicle. single offender acted alone.,4,1
FIR-00555,vandalism,highway,BR,night,knife,none,infrastructure,60+,0,3,0,0,multiple_offenders|physical_restraint|escape_vehicle_used|lone_wolf|use_of_technology,Multiple offenders participated. victim was physically restrained. suspect escaped using a vehicle. single offender acted alone. digital tools or devices were used.,3,1
FIR-00556,assault,rural_area,RJ,afternoon,blunt_object,window_break,government_property,46-60,1,0,0,0,escape_vehicle_used|repeat_target|psychological_manipulation|lone_wolf,Suspect escaped using a vehicle. location or victim was targeted previously. victim was manipulated psychologically. single offender acted alone.,7,0
FIR-00557,cybercrime,residential_area,WB,afternoon,none,social_engineering,financial_institution,26-35,0,4,1,1,multiple_offenders|prior_surveillance|physical_restraint,Multiple offenders participated. suspect conducted prior surveillance of the target. victim was physically restrained.,5,0
FIR-00558,robbery,industrial_area,TS,midnight,firearm,window_break,individual,46-60,1,1,0,0,accomplice_involved|use_of_disguise,At least one accomplice was involved in the act. suspect used a disguise to conceal identity.,8,0
FIR-00559,drug_offense,bank_premises,MH,early_morning,knife,window_break,public_space,60+,0,0,0,0,night_operation|accomplice_involved|use_of_technology|insider_help,Crime was executed during nighttime hours. at least one accomplice was involved in the act. digital tools or devices were used. insider assistance may have been involved.,4,1
FIR-00560,fraud,rural_area,RJ,afternoon,blunt_object,impersonation,financial_institution,26-35,0,1,0,1,evidence_concealment|repeat_target|physical_restraint|prior_surveillance,Suspect attempted to conceal evidence. location or victim was targeted previously. victim was physically restrained. suspect conducted prior surveillance of the target.,6,1
FIR-00561,vandalism,public_transport,PB,night,none,unlocked_door,vehicle,36-45,0,0,1,0,local_knowledge|evidence_concealment|psychological_manipulation,Suspect demonstrated knowledge of the local area. suspect attempted to conceal evidence. victim was manipulated psychologically.,2,1
FIR-00562,drug_offense,parking_lot,BR,night,knife,roof_access,individual,26-35,1,0,1,0,escape_vehicle_used|night_operation|insider_help,Suspect escaped using a vehicle. crime was executed during nighttime hours. insider assistance may have been involved.,4,1
FIR-00563,kidnapping,highway,AP,afternoon,improvised_tool,none,individual,18-25,0,0,1,0,insider_help|local_knowledge|planned_operation,Insider assistance may have been involved. suspect demonstrated knowledge of the local area. evidence of pre-planned operation.,10,0
FIR-00564,cybercrime,public_transport,BR,morning,none,cyber_access,individual,18-25,0,1,0,1,night_operation|planned_operation|repeat_target,Crime was executed during nighttime hours. evidence of pre-planned operation. location or victim was targeted previously.,6,0
FIR-00565,assault,highway,UP,evening,blunt_object,none,individual,26-35,1,0,0,0,physical_restraint|accomplice_involved|opportunistic,Victim was physically restrained. at least one accomplice was involved in the act. crime appears to be opportunistic in nature.,6,0
FIR-00566,robbery,marketplace,UP,afternoon,blunt_object,impersonation,government_property,60+,0,1,1,0,repeat_target|lone_wolf,Location or victim was targeted previously. single offender acted alone.,9,1
FIR-00567,kidnapping,rural_area,AP,morning,firearm,social_engineering,individual,juvenile,0,0,1,0,physical_restraint|opportunistic|planned_operation|lone_wolf|use_of_disguise,Victim was physically restrained. crime appears to be opportunistic in nature. evidence of pre-planned operation. single offender acted alone. suspect used a disguise to conceal identity.,8,0
FIR-00568,drug_offense,marketplace,BR,early_morning,none,none,public_space,18-25,1,0,0,0,night_operation|lone_wolf|evidence_concealment|psychological_manipulation,Crime was executed during nighttime hours. single offender acted alone. suspect attempted to conceal evidence. victim was manipulated psychologically.,4,1
FIR-00569,burglary,rural_area,KA,night,none,unlocked_door,household,18-25,0,0,1,0,lone_wolf|use_of_technology|use_of_disguise|insider_help|repeat_target,Single offender acted alone. digital tools or devices were used. suspect used a disguise to conceal identity. insider assistance may have been involved. location or victim was targeted previously.,7,0
FIR-00570,kidnapping,public_transport,DL,morning,firearm,window_break,household,60+,1,1,0,0,use_of_technology|insider_help|psychological_manipulation|escape_vehicle_used,Digital tools or devices were used. insider assistance may have been involved. victim was manipulated psychologically. suspect escaped using a vehicle.,8,0
FIR-00571,kidnapping,residential_area,UP,evening,chemical,tunneling,individual,18-25,0,1,1,0,planned_operation|repeat_target|insider_help,Evidence of pre-planned operation. location or victim was targeted previously. insider assistance may have been involved.,8,1
FIR-00572,assault,industrial_area,RJ,evening,blunt_object,none,individual,juvenile,0,1,0,0,insider_help|psychological_manipulation|opportunistic|evidence_concealment|use_of_technology,Insider assistance may have been involved. victim was manipulated psychologically. crime appears to be opportunistic in nature. suspect attempted to conceal evidence. digital tools or devices were used.,5,0
FIR-00573,cybercrime,commercial_zone,RJ,afternoon,none,impersonation,digital_asset,26-35,0,0,1,1,insider_help|psychological_manipulation|planned_operation|accomplice_involved,Insider assistance may have been involved. victim was manipulated psychologically. evidence of pre-planned operation. at least one accomplice was involved in the act.,5,1
FIR-00574,kidnapping,educational_institution,TN,evening,chemical,cyber_access,individual,46-60,0,1,1,0,accomplice_involved|use_of_technology|local_knowledge|opportunistic|repeat_target,At least one accomplice was involved in the act. digital tools or devices were used. suspect demonstrated knowledge of the local area. crime appears to be opportunistic in nature. location or victim was targeted previously.,9,0
FIR-00575,kidnapping,public_transport,BR,morning,firearm,none,individual,46-60,1,0,0,0,night_operation|physical_restraint|lone_wolf,Crime was executed during nighttime hours. victim was physically restrained. single offender acted alone.,10,1
FIR-00576,kidnapping,bank_premises,GJ,evening,none,social_engineering,individual,18-25,0,2,1,0,local_knowledge|multiple_offenders|escape_vehicle_used,Suspect demonstrated knowledge of the local area. multiple offenders participated. suspect escaped using a vehicle.,8,1
FIR-00577,kidnapping,commercial_zone,RJ,evening,firearm,none,infrastructure,46-60,0,0,0,0,opportunistic|repeat_target,Crime appears to be opportunistic in nature. location or victim was targeted previously.,8,0
FIR-00578,cybercrime,commercial_zone,KL,evening,chemical,cyber_access,household,46-60,0,1,0,1,prior_surveillance|evidence_concealment|escape_vehicle_used|use_of_technology|physical_restraint,Suspect conducted prior surveillance of the target. suspect attempted to conceal evidence. suspect escaped using a vehicle. digital tools or devices were used. victim was physically restrained.,4,0
FIR-00579,vandalism,parking_lot,RJ,afternoon,improvised_tool,none,public_space,36-45,1,1,0,0,insider_help|planned_operation,Insider assistance may have been involved. evidence of pre-planned operation.,3,1
FIR-00580,kidnapping,highway,WB,afternoon,firearm,tunneling,individual,18-25,1,0,0,0,physical_restraint|opportunistic,Victim was physically restrained. crime appears to be opportunistic in nature.,10,1
FIR-00581,drug_offense,residential_area,KA,midnight,knife,none,individual,36-45,1,0,1,0,repeat_target|prior_surveillance|opportunistic|escape_vehicle_used,Location or victim was targeted previously. suspect conducted prior surveillance of the target. crime appears to be opportunistic in nature. suspect escaped using a vehicle.,5,1
FIR-00582,vehicle_theft,bank_premises,PB,evening,none,unlocked_door,vehicle,46-60,0,0,0,0,night_operation|planned_operation,Crime was executed during nighttime hours. evidence of pre-planned operation.,4,0
FIR-00583,assault,marketplace,TS,evening,firearm,none,individual,18-25,0,0,1,0,repeat_target|escape_vehicle_used|multiple_offenders|use_of_technology|planned_operation,Location or victim was targeted previously. suspect escaped using a vehicle. multiple offenders participated. digital tools or devices were used. evidence of pre-planned operation.,6,1
FIR-00584,cybercrime,industrial_area,MP,midnight,none,cyber_access,digital_asset,26-35,0,0,0,1,use_of_technology|insider_help|lone_wolf|night_operation,Digital tools or devices were used. insider assistance may have been involved. single offender acted alone. crime was executed during nighttime hours.,6,0
FIR-00585,drug_offense,educational_institution,TN,evening,knife,none,individual,60+,1,1,0,0,lone_wolf|opportunistic,Single offender acted alone. crime appears to be opportunistic in nature.,6,1
FIR-00586,robbery,parking_lot,KA,evening,knife,tunneling,financial_institution,60+,1,0,0,0,use_of_technology|evidence_concealment|lone_wolf|psychological_manipulation|local_knowledge,Digital tools or devices were used. suspect attempted to conceal evidence. single offender acted alone. victim was manipulated psychologically. suspect demonstrated knowledge of the local area.,9,1
FIR-00587,vehicle_theft,rural_area,HR,midnight,none,lock_picking,vehicle,46-60,0,0,0,0,evidence_concealment|night_operation|use_of_disguise|prior_surveillance,Suspect attempted to conceal evidence. crime was executed during nighttime hours. suspect used a disguise to conceal identity. suspect conducted prior surveillance of the target.,3,0
FIR-00588,assault,rural_area,MP,evening,knife,none,individual,26-35,0,1,1,0,local_knowledge|planned_operation|evidence_concealment,Suspect demonstrated knowledge of the local area. evidence of pre-planned operation. suspect attempted to conceal evidence.,6,1
FIR-00589,drug_offense,bank_premises,WB,night,chemical,none,digital_asset,36-45,0,1,1,0,night_operation|use_of_technology|planned_operation|psychological_manipulation,Crime was executed during nighttime hours. digital tools or devices were used. evidence of pre-planned operation. victim was manipulated psychologically.,4,1
FIR-00590,fraud,public_transport,GJ,morning,none,social_engineering,individual,36-45,0,1,0,1,physical_restraint|opportunistic,Victim was physically restrained. crime appears to be opportunistic in nature.,7,1
FIR-00591,vandalism,residential_area,PB,midnight,chemical,none,government_property,46-60,1,0,0,0,lone_wolf|insider_help|use_of_disguise|evidence_concealment|escape_vehicle_used,Single offender acted alone. insider assistance may have been involved. suspect used a disguise to conceal identity. suspect attempted to conceal evidence. suspect escaped using a vehicle.,4,0
FIR-00592,fraud,residential_area,TS,morning,blunt_object,social_engineering,individual,36-45,0,4,0,1,night_operation|multiple_offenders|use_of_technology|repeat_target,Crime was executed during nighttime hours. multiple offenders participated. digital tools or devices were used. location or victim was targeted previously.,6,0
FIR-00593,fraud,bank_premises,TS,afternoon,none,social_engineering,vehicle,juvenile,1,0,1,1,use_of_disguise|night_operation,Suspect used a disguise to conceal identity. crime was executed during nighttime hours.,8,0
FIR-00594,robbery,educational_institution,MP,night,firearm,none,individual,26-35,1,0,0,0,lone_wolf|physical_restraint|multiple_offenders|escape_vehicle_used,Single offender acted alone. victim was physically restrained. multiple offenders participated. suspect escaped using a vehicle.,8,1
FIR-00595,robbery,marketplace,BR,night,knife,none,financial_institution,juvenile,0,1,1,0,physical_restraint|multiple_offenders|psychological_manipulation,Victim was physically restrained. multiple offenders participated. victim was manipulated psychologically.,7,0
FIR-00596,burglary,educational_institution,UP,midnight,blunt_object,forced_entry,household,18-25,0,1,1,0,lone_wolf|repeat_target|accomplice_involved|insider_help,Single offender acted alone. location or victim was targeted previously. at least one accomplice was involved in the act. insider assistance may have been involved.,6,1
FIR-00597,assault,public_transport,KL,afternoon,rope,none,individual,26-35,0,1,0,0,use_of_disguise|use_of_technology|local_knowledge|night_operation,Suspect used a disguise to conceal identity. digital tools or devices were used. suspect demonstrated knowledge of the local area. crime was executed during nighttime hours.,6,1
FIR-00598,robbery,parking_lot,GJ,evening,firearm,none,financial_institution,juvenile,0,0,0,0,prior_surveillance|use_of_disguise|planned_operation|insider_help,Suspect conducted prior surveillance of the target. suspect used a disguise to conceal identity. evidence of pre-planned operation. insider assistance may have been involved.,9,1
FIR-00599,fraud,highway,RJ,afternoon,none,social_engineering,financial_institution,60+,0,1,1,1,use_of_technology|escape_vehicle_used|opportunistic,Digital tools or devices were used. suspect escaped using a vehicle. crime appears to be opportunistic in nature.,7,0
FIR-00600,burglary,highway,MH,morning,blunt_object,unlocked_door,multiple,46-60,1,0,0,0,physical_restraint|lone_wolf|evidence_concealment,Victim was physically restrained. single offender acted alone. suspect attempted to conceal evidence.,7,0
FIR-00601,assault,highway,WB,evening,blunt_object,window_break,public_space,18-25,1,0,0,0,planned_operation|lone_wolf|use_of_disguise,Evidence of pre-planned operation. single offender acted alone. suspect used a disguise to conceal identity.,5,1
FIR-00602,vehicle_theft,bank_premises,RJ,early_morning,none,unlocked_door,vehicle,60+,0,3,0,0,local_knowledge|multiple_offenders|insider_help|escape_vehicle_used|night_operation,Suspect demonstrated knowledge of the local area. multiple offenders participated. insider assistance may have been involved. suspect escaped using a vehicle. crime was executed during nighttime hours.,3,0
FIR-00603,fraud,commercial_zone,WB,morning,rope,impersonation,financial_institution,26-35,0,1,1,1,insider_help|lone_wolf,Insider assistance may have been involved. single offender acted alone.,6,0
FIR-00604,fraud,residential_area,KA,morning,none,impersonation,individual,18-25,1,1,1,1,local_knowledge|psychological_manipulation|use_of_disguise|planned_operation,Suspect demonstrated knowledge of the local area. victim was manipulated psychologically. suspect used a disguise to conceal identity. evidence of pre-planned operation.,7,1
FIR-00605,burglary,rural_area,KL,midnight,none,lock_picking,household,60+,1,1,0,0,prior_surveillance|use_of_disguise|opportunistic|lone_wolf|physical_restraint,Suspect conducted prior surveillance of the target. suspect used a disguise to conceal identity. crime appears to be opportunistic in nature. single offender acted alone. victim was physically restrained.,7,1
FIR-00606,murder,parking_lot,MP,evening,firearm,none,household,36-45,1,4,1,0,psychological_manipulation|multiple_offenders|use_of_technology|opportunistic|accomplice_involved,Victim was manipulated psychologically. multiple offenders participated. digital tools or devices were used. crime appears to be opportunistic in nature. at least one accomplice was involved in the act.,10,0
FIR-00607,robbery,highway,WB,midnight,blunt_object,roof_access,public_space,juvenile,1,1,1,0,evidence_concealment|insider_help,Suspect attempted to conceal evidence. insider assistance may have been involved.,9,1
FIR-00608,kidnapping,residential_area,GJ,afternoon,firearm,forced_entry,individual,36-45,1,1,0,0,night_operation|opportunistic,Crime was executed during nighttime hours. crime appears to be opportunistic in nature.,10,0
FIR-00609,assault,marketplace,AP,evening,knife,none,vehicle,60+,1,0,1,0,accomplice_involved|evidence_concealment|opportunistic|multiple_offenders|prior_surveillance,At least one accomplice was involved in the act. suspect attempted to conceal evidence. crime appears to be opportunistic in nature. multiple offenders participated. suspect conducted prior surveillance of the target.,7,1
FIR-00610,drug_offense,commercial_zone,DL,early_morning,none,none,public_space,36-45,0,0,1,0,physical_restraint|evidence_concealment|use_of_technology|multiple_offenders,Victim was physically restrained. suspect attempted to conceal evidence. digital tools or devices were used. multiple offenders participated.,4,0
FIR-00611,vandalism,industrial_area,KA,midnight,chemical,none,public_space,60+,1,1,1,0,planned_operation|prior_surveillance|local_knowledge|evidence_concealment|psychological_manipulation,Evidence of pre-planned operation. suspect conducted prior surveillance of the target. suspect demonstrated knowledge of the local area. suspect attempted to conceal evidence. victim was manipulated psychologically.,3,1
FIR-00612,robbery,marketplace,RJ,night,firearm,none,multiple,46-60,0,1,1,0,local_knowledge|insider_help|use_of_technology|prior_surveillance,Suspect demonstrated knowledge of the local area. insider assistance may have been involved. digital tools or devices were used. suspect conducted prior surveillance of the target.,8,1
FIR-00613,assault,marketplace,GJ,afternoon,knife,none,individual,46-60,1,0,0,0,physical_restraint|repeat_target|local_knowledge|opportunistic,Victim was physically restrained. location or victim was targeted previously. suspect demonstrated knowledge of the local area. crime appears to be opportunistic in nature.,6,1
FIR-00614,vandalism,bank_premises,WB,midnight,knife,none,government_property,60+,0,0,1,0,repeat_target|planned_operation|physical_restraint|accomplice_involved|local_knowledge,Location or victim was targeted previously. evidence of pre-planned operation. victim was physically restrained. at least one accomplice was involved in the act. suspect demonstrated knowledge of the local area.,2,1
FIR-00615,assault,rural_area,TS,midnight,blunt_object,unlocked_door,individual,26-35,1,2,1,0,local_knowledge|night_operation|multiple_offenders|planned_operation,Suspect demonstrated knowledge of the local area. crime was executed during nighttime hours. multiple offenders participated. evidence of pre-planned operation.,6,1
FIR-00616,assault,commercial_zone,AP,morning,knife,none,commercial_establishment,36-45,0,4,0,0,multiple_offenders|night_operation|psychological_manipulation|prior_surveillance|physical_restraint,Multiple offenders participated. crime was executed during nighttime hours. victim was manipulated psychologically. suspect conducted prior surveillance of the target. victim was physically restrained.,7,1
FIR-00617,vandalism,commercial_zone,MH,midnight,blunt_object,tunneling,public_space,26-35,0,1,1,0,planned_operation|multiple_offenders|use_of_disguise|insider_help|opportunistic,Evidence of pre-planned operation. multiple offenders participated. suspect used a disguise to conceal identity. insider assistance may have been involved. crime appears to be opportunistic in nature.,2,0
FIR-00618,vehicle_theft,public_transport,WB,midnight,improvised_tool,lock_picking,vehicle,18-25,0,1,1,0,psychological_manipulation|multiple_offenders,Victim was manipulated psychologically. multiple offenders participated.,3,0
FIR-00619,robbery,highway,BR,night,improvised_tool,social_engineering,household,26-35,0,0,1,0,prior_surveillance|insider_help,Suspect conducted prior surveillance of the target. insider assistance may have been involved.,9,0
FIR-00620,kidnapping,highway,DL,midnight,chemical,tunneling,individual,juvenile,1,0,0,0,night_operation|escape_vehicle_used|use_of_disguise|opportunistic,Crime was executed during nighttime hours. suspect escaped using a vehicle. suspect used a disguise to conceal identity. crime appears to be opportunistic in nature.,9,1
FIR-00621,murder,educational_institution,KA,night,blunt_object,none,individual,26-35,0,0,0,0,lone_wolf|escape_vehicle_used|repeat_target|physical_restraint,Single offender acted alone. suspect escaped using a vehicle. location or victim was targeted previously. victim was physically restrained.,9,0
FIR-00622,drug_offense,parking_lot,KA,night,knife,roof_access,individual,60+,0,2,1,0,physical_restraint|use_of_disguise|escape_vehicle_used|local_knowledge|multiple_offenders,Victim was physically restrained. suspect used a disguise to conceal identity. suspect escaped using a vehicle. suspect demonstrated knowledge of the local area. multiple offenders participated.,6,1
FIR-00623,cybercrime,bank_premises,PB,morning,none,roof_access,individual,60+,0,1,1,1,evidence_concealment|physical_restraint|use_of_disguise|opportunistic|psychological_manipulation,Suspect attempted to conceal evidence. victim was physically restrained. suspect used a disguise to conceal identity. crime appears to be opportunistic in nature. victim was manipulated psychologically.,6,1
FIR-00624,kidnapping,rural_area,KA,evening,knife,social_engineering,individual,18-25,1,0,1,0,use_of_technology|physical_restraint|local_knowledge,Digital tools or devices were used. victim was physically restrained. suspect demonstrated knowledge of the local area.,8,0
FIR-00625,murder,highway,DL,evening,none,unlocked_door,individual,60+,0,0,0,0,use_of_technology|evidence_concealment,Digital tools or devices were used. suspect attempted to conceal evidence.,10,0
FIR-00626,murder,marketplace,MH,night,blunt_object,none,financial_institution,18-25,0,0,1,0,use_of_technology|accomplice_involved|escape_vehicle_used|night_operation,Digital tools or devices were used. at least one accomplice was involved in the act. suspect escaped using a vehicle. crime was executed during nighttime hours.,9,0
FIR-00627,burglary,rural_area,DL,night,none,window_break,household,60+,1,0,1,0,lone_wolf|accomplice_involved,Single offender acted alone. at least one accomplice was involved in the act.,5,1
FIR-00628,cybercrime,parking_lot,AP,evening,improvised_tool,cyber_access,financial_institution,60+,0,1,0,1,use_of_technology|local_knowledge,Digital tools or devices were used. suspect demonstrated knowledge of the local area.,5,0
FIR-00629,fraud,bank_premises,KA,afternoon,none,window_break,financial_institution,46-60,0,1,1,1,opportunistic|insider_help,Crime appears to be opportunistic in nature. insider assistance may have been involved.,8,1
FIR-00630,assault,public_transport,HR,night,improvised_tool,none,individual,juvenile,1,1,0,0,physical_restraint|opportunistic|local_knowledge|use_of_technology,Victim was physically restrained. crime appears to be opportunistic in nature. suspect demonstrated knowledge of the local area. digital tools or devices were used.,7,1
FIR-00631,vandalism,rural_area,WB,midnight,blunt_object,none,government_property,46-60,0,2,1,0,use_of_technology|night_operation|repeat_target|insider_help|multiple_offenders,Digital tools or devices were used. crime was executed during nighttime hours. location or victim was targeted previously. insider assistance may have been involved. multiple offenders participated.,3,1
FIR-00632,fraud,rural_area,HR,afternoon,none,impersonation,commercial_establishment,60+,1,2,1,1,use_of_technology|prior_surveillance|multiple_offenders|escape_vehicle_used|night_operation,Digital tools or devices were used. suspect conducted prior surveillance of the target. multiple offenders participated. suspect escaped using a vehicle. crime was executed during nighttime hours.,8,1
FIR-00633,fraud,bank_premises,PB,afternoon,none,tunneling,multiple,36-45,1,1,0,1,insider_help|use_of_disguise,Insider assistance may have been involved. suspect used a disguise to conceal identity.,7,1
FIR-00634,kidnapping,residential_area,GJ,evening,none,social_engineering,individual,60+,1,0,1,0,lone_wolf|evidence_concealment|repeat_target|accomplice_involved,Single offender acted alone. suspect attempted to conceal evidence. location or victim was targeted previously. at least one accomplice was involved in the act.,10,0
FIR-00635,kidnapping,bank_premises,PB,morning,knife,none,individual,46-60,1,1,1,0,repeat_target|local_knowledge,Location or victim was targeted previously. suspect demonstrated knowledge of the local area.,10,0
FIR-00636,murder,educational_institution,KL,morning,firearm,forced_entry,individual,46-60,0,0,0,0,night_operation|psychological_manipulation|planned_operation,Crime was executed during nighttime hours. victim was manipulated psychologically. evidence of pre-planned operation.,10,0
FIR-00637,drug_offense,educational_institution,GJ,early_morning,vehicle,none,public_space,46-60,0,0,0,0,use_of_disguise|use_of_technology,Suspect used a disguise to conceal identity. digital tools or devices were used.,6,0
FIR-00638,vandalism,marketplace,UP,night,rope,none,public_space,60+,0,1,0,0,opportunistic|psychological_manipulation,Crime appears to be opportunistic in nature. victim was manipulated psychologically.,3,0
FIR-00639,kidnapping,educational_institution,AP,morning,firearm,social_engineering,individual,18-25,0,1,0,0,lone_wolf|psychological_manipulation|evidence_concealment|night_operation,Single offender acted alone. victim was manipulated psychologically. suspect attempted to conceal evidence. crime was executed during nighttime hours.,10,0
FIR-00640,vehicle_theft,rural_area,GJ,morning,none,lock_picking,infrastructure,juvenile,0,0,0,0,planned_operation|night_operation|repeat_target,Evidence of pre-planned operation. crime was executed during nighttime hours. location or victim was targeted previously.,4,1
FIR-00641,fraud,marketplace,TN,afternoon,none,impersonation,commercial_establishment,36-45,1,0,0,1,night_operation|accomplice_involved|use_of_disguise|use_of_technology|physical_restraint,Crime was executed during nighttime hours. at least one accomplice was involved in the act. suspect used a disguise to conceal identity. digital tools or devices were used. victim was physically restrained.,6,0
FIR-00642,robbery,rural_area,KA,midnight,knife,social_engineering,infrastructure,36-45,0,2,1,0,prior_surveillance|evidence_concealment|planned_operation|local_knowledge|multiple_offenders,Suspect conducted prior surveillance of the target. suspect attempted to conceal evidence. evidence of pre-planned operation. suspect demonstrated knowledge of the local area. multiple offenders participated.,7,1
FIR-00643,cybercrime,marketplace,KA,evening,none,window_break,financial_institution,juvenile,0,1,0,1,accomplice_involved|use_of_disguise|multiple_offenders|night_operation,At least one accomplice was involved in the act. suspect used a disguise to conceal identity. multiple offenders participated. crime was executed during nighttime hours.,4,1
FIR-00644,assault,industrial_area,UP,evening,chemical,none,individual,36-45,1,1,0,0,opportunistic|evidence_concealment|accomplice_involved,Crime appears to be opportunistic in nature. suspect attempted to conceal evidence. at least one accomplice was involved in the act.,5,0
FIR-00645,cybercrime,residential_area,MH,afternoon,none,window_break,vehicle,36-45,0,4,0,1,multiple_offenders|prior_surveillance|use_of_technology,Multiple offenders participated. suspect conducted prior surveillance of the target. digital tools or devices were used.,6,0
FIR-00646,assault,marketplace,PB,night,blunt_object,lock_picking,individual,36-45,0,3,1,0,repeat_target|multiple_offenders|physical_restraint|local_knowledge|psychological_manipulation,Location or victim was targeted previously. multiple offenders participated. victim was physically restrained. suspect demonstrated knowledge of the local area. victim was manipulated psychologically.,6,1
FIR-00647,assault,public_transport,TN,afternoon,none,none,multiple,18-25,0,1,1,0,insider_help|psychological_manipulation|accomplice_involved,Insider assistance may have been involved. victim was manipulated psychologically. at least one accomplice was involved in the act.,7,0
FIR-00648,vandalism,bank_premises,BR,night,improvised_tool,none,commercial_establishment,46-60,1,0,1,0,psychological_manipulation|planned_operation|opportunistic,Victim was manipulated psychologically. evidence of pre-planned operation. crime appears to be opportunistic in nature.,4,1
FIR-00649,burglary,residential_area,WB,morning,none,window_break,commercial_establishment,46-60,0,3,1,0,planned_operation|psychological_manipulation|multiple_offenders|physical_restraint,Evidence of pre-planned operation. victim was manipulated psychologically. multiple offenders participated. victim was physically restrained.,5,1
FIR-00650,drug_offense,bank_premises,TS,early_morning,none,none,public_space,36-45,1,0,0,0,use_of_technology|accomplice_involved|local_knowledge|opportunistic,Digital tools or devices were used. at least one accomplice was involved in the act. suspect demonstrated knowledge of the local area. crime appears to be opportunistic in nature.,4,1
FIR-00651,vehicle_theft,bank_premises,PB,early_morning,improvised_tool,unlocked_door,vehicle,juvenile,0,1,0,0,local_knowledge|multiple_offenders|use_of_technology,Suspect demonstrated knowledge of the local area. multiple offenders participated. digital tools or devices were used.,5,1
FIR-00652,vehicle_theft,bank_premises,KL,afternoon,none,lock_picking,vehicle,18-25,0,0,0,0,escape_vehicle_used|use_of_disguise|accomplice_involved,Suspect escaped using a vehicle. suspect used a disguise to conceal identity. at least one accomplice was involved in the act.,5,0
FIR-00653,drug_offense,marketplace,GJ,night,knife,none,public_space,36-45,1,0,0,0,prior_surveillance|accomplice_involved|repeat_target|escape_vehicle_used,Suspect conducted prior surveillance of the target. at least one accomplice was involved in the act. location or victim was targeted previously. suspect escaped using a vehicle.,5,1
FIR-00654,burglary,highway,AP,morning,none,forced_entry,household,36-45,1,0,0,0,use_of_disguise|night_operation|repeat_target|evidence_concealment,Suspect used a disguise to conceal identity. crime was executed during nighttime hours. location or victim was targeted previously. suspect attempted to conceal evidence.,5,0
FIR-00655,murder,parking_lot,TN,midnight,blunt_object,forced_entry,individual,36-45,0,1,1,0,night_operation|use_of_technology|escape_vehicle_used|physical_restraint,Crime was executed during nighttime hours. digital tools or devices were used. suspect escaped using a vehicle. victim was physically restrained.,9,0
FIR-00656,burglary,educational_institution,MP,midnight,none,lock_picking,public_space,18-25,1,3,1,0,insider_help|multiple_offenders|lone_wolf|psychological_manipulation,Insider assistance may have been involved. multiple offenders participated. single offender acted alone. victim was manipulated psychologically.,7,1
FIR-00657,burglary,rural_area,MH,midnight,none,window_break,commercial_establishment,juvenile,1,0,1,0,insider_help|physical_restraint|evidence_concealment|night_operation|lone_wolf,Insider assistance may have been involved. victim was physically restrained. suspect attempted to conceal evidence. crime was executed during nighttime hours. single offender acted alone.,6,1
FIR-00658,drug_offense,parking_lot,DL,early_morning,none,none,individual,juvenile,0,1,1,0,escape_vehicle_used|physical_restraint|psychological_manipulation,Suspect escaped using a vehicle. victim was physically restrained. victim was manipulated psychologically.,6,0
FIR-00659,burglary,residential_area,AP,midnight,knife,roof_access,digital_asset,18-25,1,1,1,0,night_operation|repeat_target|planned_operation|local_knowledge,Crime was executed during nighttime hours. location or victim was targeted previously. evidence of pre-planned operation. suspect demonstrated knowledge of the local area.,6,1
FIR-00660,fraud,public_transport,HR,morning,none,social_engineering,commercial_establishment,46-60,0,0,1,1,local_knowledge|evidence_concealment|opportunistic|lone_wolf,Suspect demonstrated knowledge of the local area. suspect attempted to conceal evidence. crime appears to be opportunistic in nature. single offender acted alone.,7,0
FIR-00661,fraud,parking_lot,TS,morning,none,impersonation,commercial_establishment,36-45,1,2,0,1,planned_operation|repeat_target|multiple_offenders|escape_vehicle_used|insider_help,Evidence of pre-planned operation. location or victim was targeted previously. multiple offenders participated. suspect escaped using a vehicle. insider assistance may have been involved.,7,1
FIR-00662,assault,highway,KL,evening,none,none,individual,46-60,1,1,1,0,use_of_disguise|escape_vehicle_used,Suspect used a disguise to conceal identity. suspect escaped using a vehicle.,7,1
FIR-00663,assault,parking_lot,DL,night,firearm,none,government_property,46-60,1,2,0,0,lone_wolf|multiple_offenders|prior_surveillance,Single offender acted alone. multiple offenders participated. suspect conducted prior surveillance of the target.,5,1
FIR-00664,murder,industrial_area,KA,evening,improvised_tool,none,individual,juvenile,1,4,0,0,evidence_concealment|multiple_offenders,Suspect attempted to conceal evidence. multiple offenders participated.,10,0
FIR-00665,kidnapping,highway,GJ,evening,vehicle,social_engineering,government_property,26-35,0,0,1,0,psychological_manipulation|use_of_technology|opportunistic,Victim was manipulated psychologically. digital tools or devices were used. crime appears to be opportunistic in nature.,10,1
FIR-00666,vehicle_theft,public_transport,GJ,night,none,unlocked_door,multiple,60+,0,1,1,0,lone_wolf|repeat_target|physical_restraint,Single offender acted alone. location or victim was targeted previously. victim was physically restrained.,4,0
FIR-00667,vandalism,industrial_area,TS,night,blunt_object,none,public_space,juvenile,1,1,0,0,use_of_technology|lone_wolf|escape_vehicle_used|prior_surveillance,Digital tools or devices were used. single offender acted alone. suspect escaped using a vehicle. suspect conducted prior surveillance of the target.,3,0
FIR-00668,kidnapping,highway,HR,afternoon,chemical,social_engineering,infrastructure,18-25,0,0,0,0,prior_surveillance|physical_restraint|evidence_concealment|escape_vehicle_used,Suspect conducted prior surveillance of the target. victim was physically restrained. suspect attempted to conceal evidence. suspect escaped using a vehicle.,10,0
FIR-00669,vandalism,industrial_area,TS,midnight,chemical,none,commercial_establishment,juvenile,0,1,1,0,psychological_manipulation|accomplice_involved,Victim was manipulated psychologically. at least one accomplice was involved in the act.,3,1
FIR-00670,kidnapping,educational_institution,DL,morning,knife,social_engineering,individual,36-45,1,0,1,0,planned_operation|night_operation|opportunistic|psychological_manipulation|local_knowledge,Evidence of pre-planned operation. crime was executed during nighttime hours. crime appears to be opportunistic in nature. victim was manipulated psychologically. suspect demonstrated knowledge of the local area.,9,1
FIR-00671,burglary,residential_area,RJ,early_morning,none,forced_entry,household,26-35,1,0,1,0,use_of_disguise|evidence_concealment|night_operation|psychological_manipulation,Suspect used a disguise to conceal identity. suspect attempted to conceal evidence. crime was executed during nighttime hours. victim was manipulated psychologically.,5,1
FIR-00672,robbery,residential_area,MH,morning,blunt_object,none,financial_institution,46-60,0,0,0,0,physical_restraint|lone_wolf,Victim was physically restrained. single offender acted alone.,8,1
FIR-00673,robbery,commercial_zone,MP,evening,none,social_engineering,public_space,60+,1,0,1,0,escape_vehicle_used|use_of_disguise|night_operation,Suspect escaped using a vehicle. suspect used a disguise to conceal identity. crime was executed during nighttime hours.,8,0
FIR-00674,burglary,bank_premises,AP,midnight,none,roof_access,commercial_establishment,46-60,0,1,1,0,planned_operation|repeat_target|opportunistic|use_of_disguise|insider_help,Evidence of pre-planned operation. location or victim was targeted previously. crime appears to be opportunistic in nature. suspect used a disguise to conceal identity. insider assistance may have been involved.,6,0
FIR-00675,kidnapping,marketplace,HR,afternoon,knife,none,individual,26-35,0,0,1,0,accomplice_involved|night_operation,At least one accomplice was involved in the act. crime was executed during nighttime hours.,9,0
FIR-00676,burglary,bank_premises,PB,night,none,impersonation,digital_asset,46-60,1,0,1,0,accomplice_involved|lone_wolf|night_operation|evidence_concealment,At least one accomplice was involved in the act. single offender acted alone. crime was executed during nighttime hours. suspect attempted to conceal evidence.,5,1
FIR-00677,robbery,educational_institution,BR,evening,firearm,none,individual,juvenile,1,0,0,0,opportunistic|planned_operation|multiple_offenders|night_operation,Crime appears to be opportunistic in nature. evidence of pre-planned operation. multiple offenders participated. crime was executed during nighttime hours.,8,1
FIR-00678,assault,public_transport,KL,afternoon,none,none,government_property,60+,0,3,1,0,prior_surveillance|planned_operation|multiple_offenders|lone_wolf|local_knowledge,Suspect conducted prior surveillance of the target. evidence of pre-planned operation. multiple offenders participated. single offender acted alone. suspect demonstrated knowledge of the local area.,5,1
FIR-00679,vandalism,commercial_zone,UP,midnight,chemical,none,commercial_establishment,juvenile,0,1,1,0,use_of_disguise|evidence_concealment|use_of_technology|opportunistic|lone_wolf,Suspect used a disguise to conceal identity. suspect attempted to conceal evidence. digital tools or devices were used. crime appears to be opportunistic in nature. single offender acted alone.,3,0
FIR-00680,drug_offense,marketplace,UP,early_morning,none,none,infrastructure,18-25,0,0,1,0,evidence_concealment|insider_help,Suspect attempted to conceal evidence. insider assistance may have been involved.,4,1
FIR-00681,assault,marketplace,HR,afternoon,knife,none,individual,46-60,1,0,1,0,planned_operation|escape_vehicle_used|opportunistic,Evidence of pre-planned operation. suspect escaped using a vehicle. crime appears to be opportunistic in nature.,5,1
FIR-00682,cybercrime,commercial_zone,UP,afternoon,none,cyber_access,infrastructure,18-25,0,4,1,1,lone_wolf|prior_surveillance|multiple_offenders|insider_help,Single offender acted alone. suspect conducted prior surveillance of the target. multiple offenders participated. insider assistance may have been involved.,4,1
FIR-00683,drug_offense,parking_lot,UP,early_morning,none,forced_entry,individual,60+,0,1,0,0,escape_vehicle_used|prior_surveillance|use_of_disguise|accomplice_involved,Suspect escaped using a vehicle. suspect conducted prior surveillance of the target. suspect used a disguise to conceal identity. at least one accomplice was involved in the act.,4,0
FIR-00684,vandalism,residential_area,PB,midnight,knife,lock_picking,government_property,60+,0,1,1,0,physical_restraint|psychological_manipulation|evidence_concealment|planned_operation|insider_help,Victim was physically restrained. victim was manipulated psychologically. suspect attempted to conceal evidence. evidence of pre-planned operation. insider assistance may have been involved.,2,0
FIR-00685,fraud,industrial_area,KA,midnight,none,social_engineering,commercial_establishment,36-45,0,1,0,1,prior_surveillance|planned_operation|local_knowledge|repeat_target,Suspect conducted prior surveillance of the target. evidence of pre-planned operation. suspect demonstrated knowledge of the local area. location or victim was targeted previously.,7,1
FIR-00686,kidnapping,marketplace,WB,evening,knife,social_engineering,individual,36-45,1,0,0,0,local_knowledge|use_of_disguise|escape_vehicle_used|use_of_technology,Suspect demonstrated knowledge of the local area. suspect used a disguise to conceal identity. suspect escaped using a vehicle. digital tools or devices were used.,8,1
FIR-00687,vandalism,marketplace,MP,midnight,improvised_tool,none,government_property,juvenile,0,3,1,0,multiple_offenders|prior_surveillance|night_operation|evidence_concealment,Multiple offenders participated. suspect conducted prior surveillance of the target. crime was executed during nighttime hours. suspect attempted to conceal evidence.,2,1
FIR-00688,assault,highway,HR,early_morning,blunt_object,none,individual,46-60,0,1,1,0,multiple_offenders|opportunistic|insider_help,Multiple offenders participated. crime appears to be opportunistic in nature. insider assistance may have been involved.,7,1
FIR-00689,fraud,rural_area,GJ,morning,none,social_engineering,individual,juvenile,0,1,1,1,planned_operation|escape_vehicle_used|use_of_disguise|night_operation,Evidence of pre-planned operation. suspect escaped using a vehicle. suspect used a disguise to conceal identity. crime was executed during nighttime hours.,6,1
FIR-00690,vandalism,industrial_area,RJ,evening,blunt_object,none,commercial_establishment,18-25,1,0,0,0,opportunistic|use_of_technology|lone_wolf|psychological_manipulation|insider_help,Crime appears to be opportunistic in nature. digital tools or devices were used. single offender acted alone. victim was manipulated psychologically. insider assistance may have been involved.,3,1
FIR-00691,assault,residential_area,KL,early_morning,improvised_tool,social_engineering,individual,46-60,0,1,1,0,lone_wolf|physical_restraint|evidence_concealment|use_of_disguise,Single offender acted alone. victim was physically restrained. suspect attempted to conceal evidence. suspect used a disguise to conceal identity.,5,0
FIR-00692,fraud,public_transport,GJ,afternoon,none,social_engineering,household,60+,1,0,1,1,escape_vehicle_used|physical_restraint,Suspect escaped using a vehicle. victim was physically restrained.,7,0
FIR-00693,assault,residential_area,TN,night,knife,none,individual,60+,0,1,0,0,lone_wolf|planned_operation|opportunistic|prior_surveillance,Single offender acted alone. evidence of pre-planned operation. crime appears to be opportunistic in nature. suspect conducted prior surveillance of the target.,7,1
FIR-00694,fraud,marketplace,RJ,morning,none,roof_access,individual,36-45,1,1,1,1,local_knowledge|opportunistic|lone_wolf|evidence_concealment,Suspect demonstrated knowledge of the local area. crime appears to be opportunistic in nature. single offender acted alone. suspect attempted to conceal evidence.,7,1
FIR-00695,assault,commercial_zone,BR,midnight,knife,none,individual,60+,1,0,0,0,prior_surveillance|local_knowledge,Suspect conducted prior surveillance of the target. suspect demonstrated knowledge of the local area.,5,1
FIR-00696,assault,rural_area,DL,evening,firearm,none,individual,46-60,1,0,0,0,psychological_manipulation|local_knowledge|evidence_concealment|accomplice_involved|physical_restraint,Victim was manipulated psychologically. suspect demonstrated knowledge of the local area. suspect attempted to conceal evidence. at least one accomplice was involved in the act. victim was physically restrained.,7,1
FIR-00697,robbery,commercial_zone,GJ,evening,blunt_object,forced_entry,individual,36-45,0,4,0,0,evidence_concealment|multiple_offenders|night_operation,Suspect attempted to conceal evidence. multiple offenders participated. crime was executed during nighttime hours.,8,0
FIR-00698,murder,public_transport,UP,evening,blunt_object,none,individual,26-35,0,1,0,0,night_operation|escape_vehicle_used|local_knowledge,Crime was executed during nighttime hours. suspect escaped using a vehicle. suspect demonstrated knowledge of the local area.,9,1
FIR-00699,assault,rural_area,TN,afternoon,knife,none,individual,60+,0,1,0,0,physical_restraint|local_knowledge|use_of_disguise|accomplice_involved,Victim was physically restrained. suspect demonstrated knowledge of the local area. suspect used a disguise to conceal identity. at least one accomplice was involved in the act.,6,1
FIR-00700,vandalism,parking_lot,KL,evening,chemical,none,public_space,26-35,0,1,1,0,use_of_technology|escape_vehicle_used,Digital tools or devices were used. suspect escaped using a vehicle.,3,0
FIR-00701,fraud,highway,BR,afternoon,none,social_engineering,commercial_establishment,36-45,0,3,0,1,lone_wolf|multiple_offenders|insider_help|evidence_concealment|use_of_disguise,Single offender acted alone. multiple offenders participated. insider assistance may have been involved. suspect attempted to conceal evidence. suspect used a disguise to conceal identity.,7,1
FIR-00702,assault,industrial_area,UP,evening,blunt_object,social_engineering,individual,46-60,1,0,0,0,local_knowledge|insider_help,Suspect demonstrated knowledge of the local area. insider assistance may have been involved.,6,1
FIR-00703,murder,highway,PB,midnight,knife,unlocked_door,individual,36-45,1,1,1,0,escape_vehicle_used|accomplice_involved,Suspect escaped using a vehicle. at least one accomplice was involved in the act.,10,1
FIR-00704,assault,educational_institution,AP,night,knife,impersonation,individual,60+,1,1,0,0,repeat_target|use_of_technology,Location or victim was targeted previously. digital tools or devices were used.,7,1
FIR-00705,fraud,public_transport,TS,afternoon,none,impersonation,commercial_establishment,26-35,0,2,0,1,use_of_technology|evidence_concealment|opportunistic|physical_restraint|multiple_offenders,Digital tools or devices were used. suspect attempted to conceal evidence. crime appears to be opportunistic in nature. victim was physically restrained. multiple offenders participated.,6,0
FIR-00706,vandalism,highway,AP,night,vehicle,none,government_property,18-25,1,1,0,0,lone_wolf|physical_restraint|escape_vehicle_used|repeat_target|accomplice_involved,Single offender acted alone. victim was physically restrained. suspect escaped using a vehicle. location or victim was targeted previously. at least one accomplice was involved in the act.,2,1
FIR-00707,fraud,marketplace,UP,early_morning,none,social_engineering,financial_institution,46-60,0,0,0,1,evidence_concealment|opportunistic|physical_restraint|use_of_technology,Suspect attempted to conceal evidence. crime appears to be opportunistic in nature. victim was physically restrained. digital tools or devices were used.,8,1
FIR-00708,cybercrime,highway,PB,midnight,chemical,unlocked_door,financial_institution,60+,0,1,0,1,use_of_technology|night_operation|use_of_disguise|repeat_target,Digital tools or devices were used. crime was executed during nighttime hours. suspect used a disguise to conceal identity. location or victim was targeted previously.,6,1
FIR-00709,fraud,educational_institution,KA,morning,none,impersonation,household,36-45,1,0,1,1,physical_restraint|use_of_disguise|evidence_concealment|lone_wolf|opportunistic,Victim was physically restrained. suspect used a disguise to conceal identity. suspect attempted to conceal evidence. single offender acted alone. crime appears to be opportunistic in nature.,6,0
FIR-00710,drug_offense,industrial_area,AP,night,knife,none,public_space,26-35,0,0,0,0,physical_restraint|opportunistic,Victim was physically restrained. crime appears to be opportunistic in nature.,6,1
FIR-00711,assault,rural_area,DL,evening,none,none,individual,26-35,1,1,1,0,evidence_concealment|planned_operation,Suspect attempted to conceal evidence. evidence of pre-planned operation.,7,1
FIR-00712,assault,bank_premises,MH,evening,knife,cyber_access,individual,juvenile,0,0,0,0,evidence_concealment|prior_surveillance|lone_wolf,Suspect attempted to conceal evidence. suspect conducted prior surveillance of the target. single offender acted alone.,5,1
FIR-00713,drug_offense,bank_premises,MH,midnight,knife,impersonation,public_space,juvenile,1,1,0,0,planned_operation|night_operation,Evidence of pre-planned operation. crime was executed during nighttime hours.,4,1
FIR-00714,vandalism,parking_lot,KA,night,blunt_object,social_engineering,commercial_establishment,26-35,0,2,1,0,opportunistic|multiple_offenders|night_operation|local_knowledge|physical_restraint,Crime appears to be opportunistic in nature. multiple offenders participated. crime was executed during nighttime hours. suspect demonstrated knowledge of the local area. victim was physically restrained.,2,1
FIR-00715,kidnapping,public_transport,DL,afternoon,chemical,social_engineering,individual,18-25,1,1,0,0,planned_operation|night_operation,Evidence of pre-planned operation. crime was executed during nighttime hours.,10,0
FIR-00716,vandalism,educational_institution,TN,afternoon,improvised_tool,none,government_property,juvenile,0,1,0,0,planned_operation|insider_help|escape_vehicle_used|evidence_concealment,Evidence of pre-planned operation. insider assistance may have been involved. suspect escaped using a vehicle. suspect attempted to conceal evidence.,3,0
FIR-00717,murder,parking_lot,PB,evening,knife,none,individual,juvenile,1,0,0,0,prior_surveillance|repeat_target|insider_help|planned_operation,Suspect conducted prior surveillance of the target. location or victim was targeted previously. insider assistance may have been involved. evidence of pre-planned operation.,9,0
FIR-00718,fraud,residential_area,KA,morning,none,tunneling,commercial_establishment,juvenile,1,1,0,1,planned_operation|accomplice_involved|psychological_manipulation|escape_vehicle_used|multiple_offenders,Evidence of pre-planned operation. at least one accomplice was involved in the act. victim was manipulated psychologically. suspect escaped using a vehicle. multiple offenders participated.,7,0
FIR-00719,robbery,industrial_area,DL,night,blunt_object,social_engineering,individual,18-25,1,4,0,0,prior_surveillance|evidence_concealment|insider_help|planned_operation|multiple_offenders,Suspect conducted prior surveillance of the target. suspect attempted to conceal evidence. insider assistance may have been involved. evidence of pre-planned operation. multiple offenders participated.,7,1
FIR-00720,robbery,public_transport,KL,afternoon,firearm,cyber_access,financial_institution,18-25,1,4,1,0,accomplice_involved|multiple_offenders,At least one accomplice was involved in the act. multiple offenders participated.,8,1
FIR-00721,vehicle_theft,bank_premises,GJ,midnight,improvised_tool,unlocked_door,vehicle,18-25,0,1,1,0,repeat_target|opportunistic|escape_vehicle_used|psychological_manipulation,Location or victim was targeted previously. crime appears to be opportunistic in nature. suspect escaped using a vehicle. victim was manipulated psychologically.,3,1
FIR-00722,murder,commercial_zone,KA,afternoon,firearm,forced_entry,individual,46-60,0,1,0,0,escape_vehicle_used|psychological_manipulation|insider_help|multiple_offenders,Suspect escaped using a vehicle. victim was manipulated psychologically. insider assistance may have been involved. multiple offenders participated.,10,0
FIR-00723,fraud,highway,PB,morning,none,social_engineering,individual,juvenile,1,1,0,1,accomplice_involved|use_of_technology,At least one accomplice was involved in the act. digital tools or devices were used.,6,1
FIR-00724,vehicle_theft,bank_premises,PB,midnight,vehicle,unlocked_door,vehicle,60+,1,3,0,0,multiple_offenders|escape_vehicle_used|local_knowledge|accomplice_involved,Multiple offenders participated. suspect escaped using a vehicle. suspect demonstrated knowledge of the local area. at least one accomplice was involved in the act.,5,1
FIR-00725,vehicle_theft,public_transport,KA,night,none,cyber_access,vehicle,36-45,0,0,0,0,planned_operation|prior_surveillance,Evidence of pre-planned operation. suspect conducted prior surveillance of the target.,4,1
FIR-00726,assault,highway,KL,midnight,blunt_object,none,individual,juvenile,0,1,0,0,local_knowledge|opportunistic|night_operation|repeat_target,Suspect demonstrated knowledge of the local area. crime appears to be opportunistic in nature. crime was executed during nighttime hours. location or victim was targeted previously.,7,0
FIR-00727,murder,bank_premises,RJ,evening,firearm,none,digital_asset,juvenile,0,1,1,0,evidence_concealment|prior_surveillance|planned_operation|lone_wolf,Suspect attempted to conceal evidence. suspect conducted prior surveillance of the target. evidence of pre-planned operation. single offender acted alone.,9,0
FIR-00728,drug_offense,residential_area,KA,night,knife,lock_picking,public_space,26-35,0,0,1,0,planned_operation|physical_restraint|evidence_concealment|accomplice_involved|prior_surveillance,Evidence of pre-planned operation. victim was physically restrained. suspect attempted to conceal evidence. at least one accomplice was involved in the act. suspect conducted prior surveillance of the target.,6,0
FIR-00729,robbery,educational_institution,DL,midnight,none,social_engineering,individual,46-60,0,1,1,0,opportunistic|lone_wolf|insider_help|repeat_target|use_of_disguise,Crime appears to be opportunistic in nature. single offender acted alone. insider assistance may have been involved. location or victim was targeted previously. suspect used a disguise to conceal identity.,9,1
FIR-00730,robbery,highway,KA,night,firearm,social_engineering,commercial_establishment,juvenile,1,0,0,0,evidence_concealment|night_operation|escape_vehicle_used|insider_help,Suspect attempted to conceal evidence. crime was executed during nighttime hours. suspect escaped using a vehicle. insider assistance may have been involved.,7,0
FIR-00731,assault,bank_premises,RJ,afternoon,none,none,individual,juvenile,0,2,1,0,multiple_offenders|use_of_technology|escape_vehicle_used|planned_operation,Multiple offenders participated. digital tools or devices were used. suspect escaped using a vehicle. evidence of pre-planned operation.,5,1
FIR-00732,murder,public_transport,TS,night,knife,social_engineering,individual,36-45,0,1,0,0,use_of_technology|insider_help|accomplice_involved|local_knowledge,Digital tools or devices were used. insider assistance may have been involved. at least one accomplice was involved in the act. suspect demonstrated knowledge of the local area.,10,0
FIR-00733,drug_offense,bank_premises,DL,night,rope,none,individual,juvenile,0,1,0,0,prior_surveillance|repeat_target|local_knowledge|use_of_disguise,Suspect conducted prior surveillance of the target. location or victim was targeted previously. suspect demonstrated knowledge of the local area. suspect used a disguise to conceal identity.,4,1
FIR-00734,vehicle_theft,bank_premises,PB,midnight,none,lock_picking,vehicle,18-25,0,1,0,0,use_of_disguise|physical_restraint|evidence_concealment|night_operation|psychological_manipulation,Suspect used a disguise to conceal identity. victim was physically restrained. suspect attempted to conceal evidence. crime was executed during nighttime hours. victim was manipulated psychologically.,5,0
FIR-00735,cybercrime,rural_area,WB,afternoon,knife,cyber_access,individual,36-45,0,1,0,1,repeat_target|insider_help|physical_restraint,Location or victim was targeted previously. insider assistance may have been involved. victim was physically restrained.,6,0
FIR-00736,vehicle_theft,industrial_area,MH,midnight,none,lock_picking,vehicle,60+,1,1,1,0,use_of_technology|insider_help|psychological_manipulation|local_knowledge|opportunistic,Digital tools or devices were used. insider assistance may have been involved. victim was manipulated psychologically. suspect demonstrated knowledge of the local area. crime appears to be opportunistic in nature.,5,1
FIR-00737,murder,marketplace,DL,midnight,blunt_object,roof_access,individual,26-35,0,0,1,0,use_of_disguise|repeat_target|psychological_manipulation|lone_wolf,Suspect used a disguise to conceal identity. location or victim was targeted previously. victim was manipulated psychologically. single offender acted alone.,10,0
FIR-00738,fraud,educational_institution,AP,night,none,impersonation,commercial_establishment,26-35,1,1,1,1,repeat_target|local_knowledge|lone_wolf,Location or victim was targeted previously. suspect demonstrated knowledge of the local area. single offender acted alone.,6,0
FIR-00739,vehicle_theft,parking_lot,PB,night,chemical,lock_picking,vehicle,60+,1,1,1,0,escape_vehicle_used|night_operation|planned_operation|insider_help|evidence_concealment,Suspect escaped using a vehicle. crime was executed during nighttime hours. evidence of pre-planned operation. insider assistance may have been involved. suspect attempted to conceal evidence.,5,1
FIR-00740,assault,educational_institution,WB,evening,rope,none,individual,36-45,0,3,0,0,multiple_offenders|night_operation|repeat_target|prior_surveillance,Multiple offenders participated. crime was executed during nighttime hours. location or victim was targeted previously. suspect conducted prior surveillance of the target.,7,0
FIR-00741,murder,educational_institution,MP,midnight,knife,none,individual,juvenile,0,0,0,0,night_operation|lone_wolf|escape_vehicle_used,Crime was executed during nighttime hours. single offender acted alone. suspect escaped using a vehicle.,9,0
FIR-00742,burglary,public_transport,MH,midnight,blunt_object,forced_entry,vehicle,18-25,0,0,0,0,insider_help|use_of_disguise|local_knowledge|planned_operation,Insider assistance may have been involved. suspect used a disguise to conceal identity. suspect demonstrated knowledge of the local area. evidence of pre-planned operation.,7,1
FIR-00743,robbery,public_transport,WB,evening,firearm,window_break,financial_institution,18-25,0,1,1,0,insider_help|repeat_target|accomplice_involved,Insider assistance may have been involved. location or victim was targeted previously. at least one accomplice was involved in the act.,9,1
FIR-00744,vandalism,marketplace,KL,evening,blunt_object,none,public_space,18-25,0,1,1,0,prior_surveillance|use_of_technology|local_knowledge|repeat_target|night_operation,Suspect conducted prior surveillance of the target. digital tools or devices were used. suspect demonstrated knowledge of the local area. location or victim was targeted previously. crime was executed during nighttime hours.,3,0
FIR-00745,fraud,highway,HR,afternoon,none,roof_access,multiple,18-25,1,1,0,1,psychological_manipulation|opportunistic|planned_operation,Victim was manipulated psychologically. crime appears to be opportunistic in nature. evidence of pre-planned operation.,8,1
FIR-00746,kidnapping,highway,GJ,afternoon,chemical,roof_access,individual,46-60,1,0,1,0,evidence_concealment|planned_operation,Suspect attempted to conceal evidence. evidence of pre-planned operation.,9,0
FIR-00747,cybercrime,bank_premises,MP,afternoon,none,cyber_access,individual,46-60,0,0,0,1,local_knowledge|opportunistic,Suspect demonstrated knowledge of the local area. crime appears to be opportunistic in nature.,4,1
FIR-00748,robbery,industrial_area,KA,evening,firearm,none,financial_institution,36-45,0,0,0,0,insider_help|planned_operation|repeat_target,Insider assistance may have been involved. evidence of pre-planned operation. location or victim was targeted previously.,7,1
FIR-00749,vandalism,parking_lot,DL,night,blunt_object,none,government_property,60+,1,0,1,0,use_of_technology|multiple_offenders,Digital tools or devices were used. multiple offenders participated.,4,0
FIR-00750,drug_offense,educational_institution,PB,midnight,none,none,individual,46-60,1,0,0,0,local_knowledge|use_of_disguise,Suspect demonstrated knowledge of the local area. suspect used a disguise to conceal identity.,5,1
FIR-00751,vehicle_theft,public_transport,TS,afternoon,improvised_tool,unlocked_door,vehicle,18-25,0,1,1,0,use_of_disguise|planned_operation,Suspect used a disguise to conceal identity. evidence of pre-planned operation.,4,1
FIR-00752,kidnapping,educational_institution,BR,evening,none,social_engineering,individual,46-60,1,1,0,0,repeat_target|local_knowledge|prior_surveillance|night_operation|accomplice_involved,Location or victim was targeted previously. suspect demonstrated knowledge of the local area. suspect conducted prior surveillance of the target. crime was executed during nighttime hours. at least one accomplice was involved in the act.,9,0
FIR-00753,vandalism,public_transport,HR,evening,improvised_tool,none,government_property,36-45,0,1,1,0,lone_wolf|multiple_offenders|physical_restraint,Single offender acted alone. multiple offenders participated. victim was physically restrained.,4,0
FIR-00754,kidnapping,rural_area,WB,morning,knife,cyber_access,individual,18-25,1,1,1,0,insider_help|use_of_disguise,Insider assistance may have been involved. suspect used a disguise to conceal identity.,8,0
FIR-00755,burglary,residential_area,DL,midnight,blunt_object,impersonation,commercial_establishment,36-45,1,0,1,0,physical_restraint|lone_wolf|use_of_technology,Victim was physically restrained. single offender acted alone. digital tools or devices were used.,5,1
FIR-00756,burglary,rural_area,GJ,night,blunt_object,lock_picking,commercial_establishment,46-60,1,1,0,0,night_operation|lone_wolf,Crime was executed during nighttime hours. single offender acted alone.,6,1
FIR-00757,drug_offense,educational_institution,UP,night,rope,none,public_space,18-25,0,0,0,0,use_of_disguise|physical_restraint|planned_operation,Suspect used a disguise to conceal identity. victim was physically restrained. evidence of pre-planned operation.,4,1
FIR-00758,cybercrime,educational_institution,MH,morning,none,cyber_access,individual,18-25,0,0,1,1,accomplice_involved|repeat_target|escape_vehicle_used,At least one accomplice was involved in the act. location or victim was targeted previously. suspect escaped using a vehicle.,4,0
FIR-00759,assault,marketplace,AP,evening,vehicle,none,individual,26-35,0,1,0,0,psychological_manipulation|use_of_technology|use_of_disguise|evidence_concealment,Victim was manipulated psychologically. digital tools or devices were used. suspect used a disguise to conceal identity. suspect attempted to conceal evidence.,7,0
FIR-00760,vehicle_theft,residential_area,KA,evening,chemical,unlocked_door,vehicle,46-60,0,1,1,0,night_operation|multiple_offenders|use_of_disguise|use_of_technology,Crime was executed during nighttime hours. multiple offenders participated. suspect used a disguise to conceal identity. digital tools or devices were used.,3,1
FIR-00761,assault,educational_institution,TN,midnight,knife,none,individual,juvenile,1,0,1,0,use_of_disguise|local_knowledge|opportunistic|prior_surveillance|planned_operation,Suspect used a disguise to conceal identity. suspect demonstrated knowledge of the local area. crime appears to be opportunistic in nature. suspect conducted prior surveillance of the target. evidence of pre-planned operation.,6,1
FIR-00762,murder,highway,TN,afternoon,firearm,lock_picking,public_space,46-60,1,0,1,0,physical_restraint|night_operation|evidence_concealment,Victim was physically restrained. crime was executed during nighttime hours. suspect attempted to conceal evidence.,10,0
FIR-00763,vandalism,marketplace,BR,night,knife,none,public_space,juvenile,0,1,1,0,accomplice_involved|prior_surveillance|insider_help,At least one accomplice was involved in the act. suspect conducted prior surveillance of the target. insider assistance may have been involved.,2,1
FIR-00764,fraud,residential_area,MH,morning,none,impersonation,household,46-60,0,0,1,1,opportunistic|lone_wolf|planned_operation,Crime appears to be opportunistic in nature. single offender acted alone. evidence of pre-planned operation.,7,0
FIR-00765,vandalism,industrial_area,HR,night,improvised_tool,window_break,public_space,60+,0,0,1,0,evidence_concealment|physical_restraint,Suspect attempted to conceal evidence. victim was physically restrained.,3,1
FIR-00766,fraud,highway,HR,afternoon,chemical,tunneling,financial_institution,36-45,0,0,0,1,psychological_manipulation|night_operation|lone_wolf|insider_help,Victim was manipulated psychologically. crime was executed during nighttime hours. single offender acted alone. insider assistance may have been involved.,6,1
FIR-00767,burglary,rural_area,TN,night,none,lock_picking,commercial_establishment,46-60,0,2,0,0,multiple_offenders|accomplice_involved|psychological_manipulation|evidence_concealment|local_knowledge,Multiple offenders participated. at least one accomplice was involved in the act. victim was manipulated psychologically. suspect attempted to conceal evidence. suspect demonstrated knowledge of the local area.,7,0
FIR-00768,murder,highway,PB,midnight,knife,none,individual,18-25,0,1,0,0,psychological_manipulation|insider_help|use_of_disguise|opportunistic|escape_vehicle_used,Victim was manipulated psychologically. insider assistance may have been involved. suspect used a disguise to conceal identity. crime appears to be opportunistic in nature. suspect escaped using a vehicle.,10,0
FIR-00769,burglary,public_transport,AP,morning,blunt_object,impersonation,household,46-60,0,1,1,0,planned_operation|escape_vehicle_used|use_of_disguise|evidence_concealment,Evidence of pre-planned operation. suspect escaped using a vehicle. suspect used a disguise to conceal identity. suspect attempted to conceal evidence.,5,1
FIR-00770,vandalism,bank_premises,MP,night,improvised_tool,none,commercial_establishment,26-35,1,4,1,0,multiple_offenders|local_knowledge|escape_vehicle_used,Multiple offenders participated. suspect demonstrated knowledge of the local area. suspect escaped using a vehicle.,3,0
FIR-00771,drug_offense,marketplace,AP,evening,none,none,public_space,46-60,1,1,1,0,insider_help|evidence_concealment|repeat_target|multiple_offenders,Insider assistance may have been involved. suspect attempted to conceal evidence. location or victim was targeted previously. multiple offenders participated.,4,0
FIR-00772,kidnapping,highway,DL,evening,improvised_tool,none,individual,juvenile,0,2,0,0,multiple_offenders|prior_surveillance|use_of_technology|escape_vehicle_used,Multiple offenders participated. suspect conducted prior surveillance of the target. digital tools or devices were used. suspect escaped using a vehicle.,10,0
FIR-00773,murder,bank_premises,GJ,morning,none,forced_entry,digital_asset,60+,1,0,1,0,prior_surveillance|psychological_manipulation|planned_operation,Suspect conducted prior surveillance of the target. victim was manipulated psychologically. evidence of pre-planned operation.,10,1
FIR-00774,burglary,public_transport,UP,midnight,blunt_object,lock_picking,commercial_establishment,60+,1,0,0,0,physical_restraint|use_of_technology|escape_vehicle_used|lone_wolf,Victim was physically restrained. digital tools or devices were used. suspect escaped using a vehicle. single offender acted alone.,5,1
FIR-00775,burglary,commercial_zone,HR,early_morning,firearm,window_break,vehicle,46-60,0,0,1,0,night_operation|insider_help|psychological_manipulation|physical_restraint|repeat_target,Crime was executed during nighttime hours. insider assistance may have been involved. victim was manipulated psychologically. victim was physically restrained. location or victim was targeted previously.,6,0
FIR-00776,assault,commercial_zone,UP,evening,none,none,household,18-25,1,1,1,0,evidence_concealment|lone_wolf|local_knowledge,Suspect attempted to conceal evidence. single offender acted alone. suspect demonstrated knowledge of the local area.,5,0
FIR-00777,kidnapping,parking_lot,KL,evening,firearm,impersonation,individual,60+,1,1,0,0,evidence_concealment|use_of_technology|local_knowledge,Suspect attempted to conceal evidence. digital tools or devices were used. suspect demonstrated knowledge of the local area.,9,0
FIR-00778,burglary,residential_area,PB,night,blunt_object,lock_picking,commercial_establishment,26-35,0,0,1,0,night_operation|physical_restraint|use_of_technology,Crime was executed during nighttime hours. victim was physically restrained. digital tools or devices were used.,5,0
FIR-00779,murder,public_transport,MP,evening,knife,tunneling,vehicle,26-35,0,1,1,0,accomplice_involved|multiple_offenders|evidence_concealment|prior_surveillance,At least one accomplice was involved in the act. multiple offenders participated. suspect attempted to conceal evidence. suspect conducted prior surveillance of the target.,10,0
FIR-00780,kidnapping,educational_institution,KA,afternoon,none,social_engineering,individual,60+,1,0,0,0,physical_restraint|opportunistic,Victim was physically restrained. crime appears to be opportunistic in nature.,8,1
FIR-00781,fraud,commercial_zone,MH,afternoon,blunt_object,tunneling,financial_institution,18-25,1,0,1,1,physical_restraint|lone_wolf,Victim was physically restrained. single offender acted alone.,7,1
FIR-00782,burglary,parking_lot,DL,midnight,none,lock_picking,household,juvenile,0,0,1,0,evidence_concealment|local_knowledge,Suspect attempted to conceal evidence. suspect demonstrated knowledge of the local area.,7,1
FIR-00783,assault,residential_area,TN,afternoon,blunt_object,none,individual,36-45,0,1,1,0,opportunistic|escape_vehicle_used|multiple_offenders,Crime appears to be opportunistic in nature. suspect escaped using a vehicle. multiple offenders participated.,7,0
FIR-00784,burglary,residential_area,TN,midnight,none,window_break,household,36-45,0,3,1,0,planned_operation|multiple_offenders|use_of_technology|repeat_target|opportunistic,Evidence of pre-planned operation. multiple offenders participated. digital tools or devices were used. location or victim was targeted previously. crime appears to be opportunistic in nature.,7,1
FIR-00785,cybercrime,highway,TN,morning,none,window_break,digital_asset,46-60,0,1,0,1,opportunistic|multiple_offenders|psychological_manipulation,Crime appears to be opportunistic in nature. multiple offenders participated. victim was manipulated psychologically.,6,0
FIR-00786,burglary,commercial_zone,MH,night,none,lock_picking,government_property,46-60,0,1,0,0,prior_surveillance|planned_operation,Suspect conducted prior surveillance of the target. evidence of pre-planned operation.,5,1
FIR-00787,assault,marketplace,TN,early_morning,rope,tunneling,individual,60+,0,0,1,0,planned_operation|evidence_concealment|opportunistic,Evidence of pre-planned operation. suspect attempted to conceal evidence. crime appears to be opportunistic in nature.,7,1
FIR-00788,murder,marketplace,KA,evening,knife,none,individual,46-60,1,1,0,0,physical_restraint|use_of_disguise,Victim was physically restrained. suspect used a disguise to conceal identity.,9,1
FIR-00789,murder,educational_institution,RJ,night,blunt_object,forced_entry,individual,36-45,1,0,0,0,insider_help|evidence_concealment|use_of_disguise|prior_surveillance|night_operation,Insider assistance may have been involved. suspect attempted to conceal evidence. suspect used a disguise to conceal identity. suspect conducted prior surveillance of the target. crime was executed during nighttime hours.,10,0
FIR-00790,robbery,highway,DL,midnight,blunt_object,none,financial_institution,juvenile,0,0,1,0,insider_help|lone_wolf,Insider assistance may have been involved. single offender acted alone.,7,1
FIR-00791,drug_offense,commercial_zone,KA,night,none,none,individual,60+,0,1,0,0,use_of_technology|escape_vehicle_used|local_knowledge|repeat_target|physical_restraint,Digital tools or devices were used. suspect escaped using a vehicle. suspect demonstrated knowledge of the local area. location or victim was targeted previously. victim was physically restrained.,5,1
FIR-00792,kidnapping,bank_premises,WB,morning,knife,tunneling,individual,26-35,1,0,1,0,use_of_disguise|accomplice_involved,Suspect used a disguise to conceal identity. at least one accomplice was involved in the act.,8,0
FIR-00793,burglary,public_transport,GJ,midnight,blunt_object,window_break,financial_institution,18-25,1,1,0,0,prior_surveillance|lone_wolf|physical_restraint|planned_operation,Suspect conducted prior surveillance of the target. single offender acted alone. victim was physically restrained. evidence of pre-planned operation.,6,1
FIR-00794,robbery,residential_area,KL,night,none,none,individual,36-45,1,3,1,0,prior_surveillance|lone_wolf|multiple_offenders,Suspect conducted prior surveillance of the target. single offender acted alone. multiple offenders participated.,7,1
FIR-00795,robbery,marketplace,KL,evening,blunt_object,social_engineering,financial_institution,46-60,1,0,0,0,prior_surveillance|psychological_manipulation,Suspect conducted prior surveillance of the target. victim was manipulated psychologically.,7,1
FIR-00796,burglary,public_transport,UP,morning,blunt_object,none,commercial_establishment,46-60,1,1,0,0,escape_vehicle_used|psychological_manipulation|local_knowledge,Suspect escaped using a vehicle. victim was manipulated psychologically. suspect demonstrated knowledge of the local area.,6,0
FIR-00797,robbery,commercial_zone,HR,morning,knife,none,financial_institution,juvenile,1,0,1,0,repeat_target|planned_operation,Location or victim was targeted previously. evidence of pre-planned operation.,7,1
FIR-00798,drug_offense,bank_premises,AP,midnight,blunt_object,none,multiple,60+,1,4,0,0,multiple_offenders|use_of_disguise|physical_restraint|local_knowledge|insider_help,Multiple offenders participated. suspect used a disguise to conceal identity. victim was physically restrained. suspect demonstrated knowledge of the local area. insider assistance may have been involved.,5,1
FIR-00799,burglary,industrial_area,TN,midnight,none,window_break,household,juvenile,0,0,0,0,evidence_concealment|planned_operation,Suspect attempted to conceal evidence. evidence of pre-planned operation.,7,0
FIR-00800,drug_offense,commercial_zone,MP,night,none,none,infrastructure,18-25,0,0,1,0,use_of_disguise|repeat_target|lone_wolf|opportunistic,Suspect used a disguise to conceal identity. location or victim was targeted previously. single offender acted alone. crime appears to be opportunistic in nature.,4,1
FIR-00801,murder,commercial_zone,KL,morning,knife,none,individual,36-45,0,1,0,0,psychological_manipulation|insider_help,Victim was manipulated psychologically. insider assistance may have been involved.,10,0
FIR-00802,burglary,parking_lot,DL,early_morning,knife,forced_entry,household,juvenile,0,0,0,0,night_operation|insider_help|local_knowledge|use_of_technology|psychological_manipulation,Crime was executed during nighttime hours. insider assistance may have been involved. suspect demonstrated knowledge of the local area. digital tools or devices were used. victim was manipulated psychologically.,7,1
FIR-00803,fraud,bank_premises,AP,morning,none,unlocked_door,individual,18-25,0,0,1,1,physical_restraint|insider_help|use_of_technology|local_knowledge|accomplice_involved,Victim was physically restrained. insider assistance may have been involved. digital tools or devices were used. suspect demonstrated knowledge of the local area. at least one accomplice was involved in the act.,7,1
FIR-00804,kidnapping,public_transport,GJ,evening,firearm,none,individual,36-45,0,0,1,0,escape_vehicle_used|evidence_concealment,Suspect escaped using a vehicle. suspect attempted to conceal evidence.,10,0
FIR-00805,kidnapping,rural_area,PB,morning,knife,social_engineering,individual,26-35,1,0,0,0,accomplice_involved|use_of_technology|escape_vehicle_used|prior_surveillance|psychological_manipulation,At least one accomplice was involved in the act. digital tools or devices were used. suspect escaped using a vehicle. suspect conducted prior surveillance of the target. victim was manipulated psychologically.,9,0
FIR-00806,kidnapping,industrial_area,DL,evening,knife,social_engineering,infrastructure,18-25,1,0,0,0,night_operation|multiple_offenders,Crime was executed during nighttime hours. multiple offenders participated.,10,1
FIR-00807,cybercrime,bank_premises,RJ,afternoon,none,social_engineering,digital_asset,18-25,0,0,0,1,use_of_disguise|planned_operation|repeat_target,Suspect used a disguise to conceal identity. evidence of pre-planned operation. location or victim was targeted previously.,6,1
FIR-00808,kidnapping,highway,UP,afternoon,chemical,unlocked_door,individual,26-35,1,2,1,0,repeat_target|opportunistic|escape_vehicle_used|multiple_offenders|use_of_technology,Location or victim was targeted previously. crime appears to be opportunistic in nature. suspect escaped using a vehicle. multiple offenders participated. digital tools or devices were used.,8,1
FIR-00809,robbery,educational_institution,UP,night,rope,window_break,financial_institution,juvenile,1,0,0,0,escape_vehicle_used|opportunistic|use_of_technology,Suspect escaped using a vehicle. crime appears to be opportunistic in nature. digital tools or devices were used.,8,0
FIR-00810,robbery,public_transport,DL,midnight,none,social_engineering,individual,60+,1,0,1,0,use_of_technology|opportunistic|escape_vehicle_used,Digital tools or devices were used. crime appears to be opportunistic in nature. suspect escaped using a vehicle.,8,0
FIR-00811,burglary,public_transport,KA,night,none,window_break,commercial_establishment,46-60,0,0,0,0,local_knowledge|escape_vehicle_used,Suspect demonstrated knowledge of the local area. suspect escaped using a vehicle.,5,1
FIR-00812,robbery,parking_lot,TS,evening,blunt_object,none,financial_institution,juvenile,0,1,0,0,planned_operation|use_of_disguise|evidence_concealment|psychological_manipulation|opportunistic,Evidence of pre-planned operation. suspect used a disguise to conceal identity. suspect attempted to conceal evidence. victim was manipulated psychologically. crime appears to be opportunistic in nature.,7,0
FIR-00813,robbery,marketplace,PB,night,vehicle,cyber_access,household,46-60,1,0,0,0,prior_surveillance|lone_wolf,Suspect conducted prior surveillance of the target. single offender acted alone.,7,1
FIR-00814,fraud,marketplace,KL,early_morning,none,social_engineering,financial_institution,26-35,1,1,1,1,multiple_offenders|lone_wolf,Multiple offenders participated. single offender acted alone.,8,1
FIR-00815,fraud,parking_lot,DL,afternoon,none,social_engineering,infrastructure,26-35,0,0,1,1,insider_help|planned_operation|use_of_technology,Insider assistance may have been involved. evidence of pre-planned operation. digital tools or devices were used.,6,0
FIR-00816,vehicle_theft,educational_institution,GJ,early_morning,none,lock_picking,vehicle,26-35,1,1,0,0,use_of_technology|lone_wolf,Digital tools or devices were used. single offender acted alone.,5,1
FIR-00817,drug_offense,highway,HR,early_morning,knife,none,public_space,36-45,0,0,0,0,night_operation|escape_vehicle_used,Crime was executed during nighttime hours. suspect escaped using a vehicle.,4,1
FIR-00818,burglary,highway,TS,night,firearm,lock_picking,individual,18-25,0,1,0,0,planned_operation|accomplice_involved|use_of_disguise|local_knowledge,Evidence of pre-planned operation. at least one accomplice was involved in the act. suspect used a disguise to conceal identity. suspect demonstrated knowledge of the local area.,6,1
FIR-00819,kidnapping,parking_lot,MP,morning,knife,none,individual,18-25,0,1,0,0,accomplice_involved|evidence_concealment|night_operation|repeat_target,At least one accomplice was involved in the act. suspect attempted to conceal evidence. crime was executed during nighttime hours. location or victim was targeted previously.,8,0
FIR-00820,fraud,public_transport,TS,afternoon,none,unlocked_door,individual,18-25,1,0,0,1,accomplice_involved|evidence_concealment,At least one accomplice was involved in the act. suspect attempted to conceal evidence.,7,0
FIR-00821,drug_offense,marketplace,AP,early_morning,chemical,none,individual,26-35,0,2,1,0,multiple_offenders|local_knowledge|physical_restraint|evidence_concealment|planned_operation,Multiple offenders participated. suspect demonstrated knowledge of the local area. victim was physically restrained. suspect attempted to conceal evidence. evidence of pre-planned operation.,6,0
FIR-00822,robbery,industrial_area,AP,afternoon,blunt_object,social_engineering,financial_institution,26-35,1,0,0,0,physical_restraint|evidence_concealment,Victim was physically restrained. suspect attempted to conceal evidence.,7,1
FIR-00823,robbery,highway,KL,night,rope,none,individual,46-60,1,1,0,0,repeat_target|planned_operation|psychological_manipulation|accomplice_involved|insider_help,Location or victim was targeted previously. evidence of pre-planned operation. victim was manipulated psychologically. at least one accomplice was involved in the act. insider assistance may have been involved.,7,0
FIR-00824,vehicle_theft,bank_premises,PB,early_morning,improvised_tool,lock_picking,vehicle,juvenile,0,0,1,0,prior_surveillance|lone_wolf|opportunistic|planned_operation,Suspect conducted prior surveillance of the target. single offender acted alone. crime appears to be opportunistic in nature. evidence of pre-planned operation.,3,0
FIR-00825,fraud,commercial_zone,RJ,morning,none,impersonation,commercial_establishment,46-60,0,3,0,1,multiple_offenders|psychological_manipulation|accomplice_involved|night_operation,Multiple offenders participated. victim was manipulated psychologically. at least one accomplice was involved in the act. crime was executed during nighttime hours.,7,1
FIR-00826,assault,educational_institution,MP,night,firearm,none,individual,36-45,1,3,0,0,use_of_technology|psychological_manipulation|prior_surveillance|multiple_offenders,Digital tools or devices were used. victim was manipulated psychologically. suspect conducted prior surveillance of the target. multiple offenders participated.,5,0
FIR-00827,burglary,bank_premises,DL,midnight,none,lock_picking,commercial_establishment,18-25,1,0,1,0,psychological_manipulation|multiple_offenders|lone_wolf,Victim was manipulated psychologically. multiple offenders participated. single offender acted alone.,5,0
FIR-00828,drug_offense,residential_area,RJ,early_morning,none,none,vehicle,36-45,0,1,0,0,lone_wolf|psychological_manipulation|planned_operation,Single offender acted alone. victim was manipulated psychologically. evidence of pre-planned operation.,4,1
FIR-00829,cybercrime,industrial_area,RJ,afternoon,none,cyber_access,public_space,60+,0,1,1,1,repeat_target|physical_restraint|use_of_disguise|opportunistic|prior_surveillance,Location or victim was targeted previously. victim was physically restrained. suspect used a disguise to conceal identity. crime appears to be opportunistic in nature. suspect conducted prior surveillance of the target.,4,0
FIR-00830,kidnapping,commercial_zone,TN,morning,chemical,none,individual,18-25,1,1,0,0,use_of_disguise|lone_wolf|evidence_concealment,Suspect used a disguise to conceal identity. single offender acted alone. suspect attempted to conceal evidence.,9,0
FIR-00831,vehicle_theft,commercial_zone,AP,midnight,none,lock_picking,commercial_establishment,juvenile,1,1,0,0,night_operation|evidence_concealment|local_knowledge|planned_operation|lone_wolf,Crime was executed during nighttime hours. suspect attempted to conceal evidence. suspect demonstrated knowledge of the local area. evidence of pre-planned operation. single offender acted alone.,5,0
FIR-00832,murder,educational_institution,AP,evening,knife,impersonation,individual,26-35,1,0,0,0,psychological_manipulation|prior_surveillance|use_of_disguise,Victim was manipulated psychologically. suspect conducted prior surveillance of the target. suspect used a disguise to conceal identity.,10,0
FIR-00833,kidnapping,industrial_area,KL,morning,firearm,none,individual,36-45,0,0,1,0,opportunistic|accomplice_involved|prior_surveillance,Crime appears to be opportunistic in nature. at least one accomplice was involved in the act. suspect conducted prior surveillance of the target.,10,0
FIR-00834,vandalism,rural_area,PB,night,improvised_tool,none,commercial_establishment,60+,0,0,1,0,insider_help|local_knowledge|planned_operation|night_operation|use_of_technology,Insider assistance may have been involved. suspect demonstrated knowledge of the local area. evidence of pre-planned operation. crime was executed during nighttime hours. digital tools or devices were used.,2,1
FIR-00835,kidnapping,highway,BR,morning,knife,social_engineering,individual,60+,0,0,0,0,evidence_concealment|escape_vehicle_used|prior_surveillance|planned_operation|insider_help,Suspect attempted to conceal evidence. suspect escaped using a vehicle. suspect conducted prior surveillance of the target. evidence of pre-planned operation. insider assistance may have been involved.,9,1
FIR-00836,fraud,rural_area,TS,evening,none,social_engineering,financial_institution,26-35,1,1,1,1,escape_vehicle_used|prior_surveillance|local_knowledge|opportunistic|use_of_technology,Suspect escaped using a vehicle. suspect conducted prior surveillance of the target. suspect demonstrated knowledge of the local area. crime appears to be opportunistic in nature. digital tools or devices were used.,6,0
FIR-00837,vandalism,highway,HR,night,chemical,none,commercial_establishment,36-45,0,1,0,0,use_of_technology|night_operation,Digital tools or devices were used. crime was executed during nighttime hours.,4,1
FIR-00838,assault,parking_lot,KL,evening,none,forced_entry,individual,60+,1,0,0,0,repeat_target|evidence_concealment|physical_restraint|opportunistic,Location or victim was targeted previously. suspect attempted to conceal evidence. victim was physically restrained. crime appears to be opportunistic in nature.,7,0
FIR-00839,cybercrime,commercial_zone,BR,evening,knife,cyber_access,financial_institution,26-35,1,0,0,1,lone_wolf|planned_operation|insider_help|night_operation|use_of_technology,Single offender acted alone. evidence of pre-planned operation. insider assistance may have been involved. crime was executed during nighttime hours. digital tools or devices were used.,6,0
FIR-00840,vandalism,marketplace,MP,midnight,chemical,roof_access,public_space,46-60,0,1,1,0,multiple_offenders|use_of_technology|insider_help,Multiple offenders participated. digital tools or devices were used. insider assistance may have been involved.,2,0
FIR-00841,drug_offense,highway,UP,midnight,none,forced_entry,individual,60+,0,1,1,0,escape_vehicle_used|prior_surveillance|evidence_concealment,Suspect escaped using a vehicle. suspect conducted prior surveillance of the target. suspect attempted to conceal evidence.,4,1
FIR-00842,kidnapping,rural_area,KA,afternoon,firearm,none,individual,26-35,1,1,0,0,lone_wolf|physical_restraint|planned_operation|night_operation|use_of_disguise,Single offender acted alone. victim was physically restrained. evidence of pre-planned operation. crime was executed during nighttime hours. suspect used a disguise to conceal identity.,10,1
FIR-00843,vehicle_theft,bank_premises,BR,night,none,unlocked_door,financial_institution,46-60,1,1,1,0,opportunistic|repeat_target|accomplice_involved|psychological_manipulation|local_knowledge,Crime appears to be opportunistic in nature. location or victim was targeted previously. at least one accomplice was involved in the act. victim was manipulated psychologically. suspect demonstrated knowledge of the local area.,3,0
FIR-00844,assault,rural_area,AP,afternoon,none,none,individual,46-60,0,3,1,0,night_operation|evidence_concealment|multiple_offenders|use_of_technology,Crime was executed during nighttime hours. suspect attempted to conceal evidence. multiple offenders participated. digital tools or devices were used.,7,1
FIR-00845,fraud,rural_area,HR,afternoon,none,impersonation,financial_institution,36-45,0,0,0,1,insider_help|prior_surveillance|night_operation|repeat_target,Insider assistance may have been involved. suspect conducted prior surveillance of the target. crime was executed during nighttime hours. location or victim was targeted previously.,6,0
FIR-00846,murder,rural_area,RJ,night,firearm,forced_entry,household,18-25,1,0,0,0,physical_restraint|insider_help|accomplice_involved|opportunistic,Victim was physically restrained. insider assistance may have been involved. at least one accomplice was involved in the act. crime appears to be opportunistic in nature.,9,0
FIR-00847,assault,marketplace,MH,evening,none,cyber_access,individual,26-35,1,0,0,0,repeat_target|escape_vehicle_used|multiple_offenders|psychological_manipulation,Location or victim was targeted previously. suspect escaped using a vehicle. multiple offenders participated. victim was manipulated psychologically.,6,0
FIR-00848,fraud,industrial_area,MH,afternoon,none,social_engineering,financial_institution,36-45,1,3,0,1,insider_help|multiple_offenders|use_of_technology,Insider assistance may have been involved. multiple offenders participated. digital tools or devices were used.,7,1
FIR-00849,assault,bank_premises,HR,night,knife,impersonation,multiple,36-45,0,4,1,0,use_of_technology|repeat_target|multiple_offenders|use_of_disguise|local_knowledge,Digital tools or devices were used. location or victim was targeted previously. multiple offenders participated. suspect used a disguise to conceal identity. suspect demonstrated knowledge of the local area.,6,0
FIR-00850,cybercrime,educational_institution,MP,afternoon,vehicle,impersonation,multiple,18-25,1,0,0,1,use_of_disguise|local_knowledge,Suspect used a disguise to conceal identity. suspect demonstrated knowledge of the local area.,5,0
FIR-00851,burglary,commercial_zone,UP,early_morning,none,lock_picking,household,18-25,0,0,1,0,psychological_manipulation|multiple_offenders,Victim was manipulated psychologically. multiple offenders participated.,5,1
FIR-00852,fraud,educational_institution,PB,morning,none,impersonation,commercial_establishment,26-35,0,0,1,1,local_knowledge|physical_restraint|lone_wolf|escape_vehicle_used|insider_help,Suspect demonstrated knowledge of the local area. victim was physically restrained. single offender acted alone. suspect escaped using a vehicle. insider assistance may have been involved.,8,1
FIR-00853,murder,rural_area,KL,evening,knife,window_break,commercial_establishment,46-60,0,0,0,0,physical_restraint|night_operation|accomplice_involved|use_of_technology,Victim was physically restrained. crime was executed during nighttime hours. at least one accomplice was involved in the act. digital tools or devices were used.,9,0
FIR-00854,vehicle_theft,residential_area,KL,morning,knife,lock_picking,vehicle,36-45,1,0,1,0,insider_help|planned_operation,Insider assistance may have been involved. evidence of pre-planned operation.,3,1
FIR-00855,fraud,industrial_area,WB,morning,none,impersonation,individual,26-35,0,0,0,1,escape_vehicle_used|use_of_technology|psychological_manipulation|repeat_target,Suspect escaped using a vehicle. digital tools or devices were used. victim was manipulated psychologically. location or victim was targeted previously.,7,0
FIR-00856,fraud,residential_area,PB,morning,none,impersonation,digital_asset,46-60,1,0,1,1,night_operation|psychological_manipulation|insider_help|use_of_disguise|accomplice_involved,Crime was executed during nighttime hours. victim was manipulated psychologically. insider assistance may have been involved. suspect used a disguise to conceal identity. at least one accomplice was involved in the act.,6,1
FIR-00857,vehicle_theft,industrial_area,AP,midnight,knife,lock_picking,vehicle,46-60,0,3,1,0,multiple_offenders|lone_wolf|use_of_disguise,Multiple offenders participated. single offender acted alone. suspect used a disguise to conceal identity.,5,0
FIR-00858,vandalism,public_transport,PB,midnight,blunt_object,none,public_space,46-60,0,1,1,0,psychological_manipulation|use_of_technology|repeat_target,Victim was manipulated psychologically. digital tools or devices were used. location or victim was targeted previously.,2,1
FIR-00859,murder,marketplace,KL,midnight,firearm,none,multiple,46-60,0,3,0,0,lone_wolf|physical_restraint|multiple_offenders,Single offender acted alone. victim was physically restrained. multiple offenders participated.,10,0
FIR-00860,assault,bank_premises,KL,night,none,none,public_space,36-45,1,0,0,0,psychological_manipulation|use_of_disguise|physical_restraint|use_of_technology|local_knowledge,Victim was manipulated psychologically. suspect used a disguise to conceal identity. victim was physically restrained. digital tools or devices were used. suspect demonstrated knowledge of the local area.,5,1
FIR-00861,assault,educational_institution,WB,evening,blunt_object,forced_entry,individual,46-60,0,1,1,0,lone_wolf|opportunistic|psychological_manipulation|night_operation|escape_vehicle_used,Single offender acted alone. crime appears to be opportunistic in nature. victim was manipulated psychologically. crime was executed during nighttime hours. suspect escaped using a vehicle.,7,0
FIR-00862,assault,educational_institution,BR,afternoon,knife,none,individual,18-25,1,0,0,0,psychological_manipulation|accomplice_involved,Victim was manipulated psychologically. at least one accomplice was involved in the act.,6,1
FIR-00863,vandalism,rural_area,MH,early_morning,blunt_object,none,multiple,60+,1,0,0,0,evidence_concealment|repeat_target|psychological_manipulation,Suspect attempted to conceal evidence. location or victim was targeted previously. victim was manipulated psychologically.,4,0
FIR-00864,vandalism,parking_lot,UP,early_morning,chemical,none,government_property,juvenile,1,1,1,0,repeat_target|accomplice_involved|night_operation,Location or victim was targeted previously. at least one accomplice was involved in the act. crime was executed during nighttime hours.,4,1
FIR-00865,murder,industrial_area,DL,morning,firearm,none,individual,juvenile,0,1,0,0,lone_wolf|use_of_disguise,Single offender acted alone. suspect used a disguise to conceal identity.,10,0
FIR-00866,vehicle_theft,public_transport,MH,midnight,none,forced_entry,vehicle,46-60,0,0,0,0,physical_restraint|local_knowledge|use_of_technology|accomplice_involved|use_of_disguise,Victim was physically restrained. suspect demonstrated knowledge of the local area. digital tools or devices were used. at least one accomplice was involved in the act. suspect used a disguise to conceal identity.,4,0
FIR-00867,robbery,industrial_area,AP,evening,knife,none,financial_institution,18-25,1,2,1,0,prior_surveillance|multiple_offenders|lone_wolf,Suspect conducted prior surveillance of the target. multiple offenders participated. single offender acted alone.,9,1
FIR-00868,kidnapping,parking_lot,UP,early_morning,none,forced_entry,multiple,26-35,0,0,1,0,prior_surveillance|local_knowledge|accomplice_involved|night_operation|insider_help,Suspect conducted prior surveillance of the target. suspect demonstrated knowledge of the local area. at least one accomplice was involved in the act. crime was executed during nighttime hours. insider assistance may have been involved.,9,1
FIR-00869,fraud,industrial_area,UP,afternoon,none,social_engineering,individual,juvenile,0,3,0,1,multiple_offenders|accomplice_involved,Multiple offenders participated. at least one accomplice was involved in the act.,6,1
FIR-00870,drug_offense,highway,UP,night,none,none,individual,18-25,1,0,0,0,night_operation|opportunistic|lone_wolf|repeat_target,Crime was executed during nighttime hours. crime appears to be opportunistic in nature. single offender acted alone. location or victim was targeted previously.,4,0
FIR-00871,cybercrime,marketplace,RJ,morning,rope,cyber_access,multiple,26-35,0,1,1,1,use_of_disguise|opportunistic|insider_help|physical_restraint,Suspect used a disguise to conceal identity. crime appears to be opportunistic in nature. insider assistance may have been involved. victim was physically restrained.,5,0
FIR-00872,kidnapping,commercial_zone,MP,morning,knife,none,individual,juvenile,1,1,0,0,night_operation|prior_surveillance,Crime was executed during nighttime hours. suspect conducted prior surveillance of the target.,10,1
FIR-00873,robbery,bank_premises,HR,midnight,firearm,lock_picking,individual,juvenile,0,0,1,0,lone_wolf|accomplice_involved|use_of_disguise|physical_restraint,Single offender acted alone. at least one accomplice was involved in the act. suspect used a disguise to conceal identity. victim was physically restrained.,9,1
FIR-00874,burglary,rural_area,MH,night,none,lock_picking,household,juvenile,0,0,0,0,escape_vehicle_used|use_of_technology|repeat_target|insider_help,Suspect escaped using a vehicle. digital tools or devices were used. location or victim was targeted previously. insider assistance may have been involved.,6,1
FIR-00875,vehicle_theft,parking_lot,WB,early_morning,improvised_tool,unlocked_door,vehicle,26-35,1,0,1,0,prior_surveillance|opportunistic,Suspect conducted prior surveillance of the target. crime appears to be opportunistic in nature.,5,1
FIR-00876,assault,rural_area,DL,evening,rope,impersonation,household,46-60,0,1,1,0,evidence_concealment|prior_surveillance|lone_wolf,Suspect attempted to conceal evidence. suspect conducted prior surveillance of the target. single offender acted alone.,6,1
FIR-00877,kidnapping,marketplace,BR,afternoon,firearm,none,individual,juvenile,1,0,1,0,use_of_technology|physical_restraint,Digital tools or devices were used. victim was physically restrained.,10,1
FIR-00878,vandalism,parking_lot,MH,night,blunt_object,none,commercial_establishment,46-60,0,0,0,0,evidence_concealment|lone_wolf|planned_operation|local_knowledge,Suspect attempted to conceal evidence. single offender acted alone. evidence of pre-planned operation. suspect demonstrated knowledge of the local area.,3,0
FIR-00879,vehicle_theft,commercial_zone,TN,midnight,improvised_tool,unlocked_door,vehicle,18-25,0,0,0,0,evidence_concealment|insider_help,Suspect attempted to conceal evidence. insider assistance may have been involved.,3,1
FIR-00880,fraud,parking_lot,HR,morning,none,unlocked_door,individual,36-45,1,1,0,1,opportunistic|lone_wolf|planned_operation|psychological_manipulation,Crime appears to be opportunistic in nature. single offender acted alone. evidence of pre-planned operation. victim was manipulated psychologically.,6,1
FIR-00881,drug_offense,educational_institution,PB,early_morning,none,lock_picking,individual,juvenile,0,1,0,0,insider_help|opportunistic,Insider assistance may have been involved. crime appears to be opportunistic in nature.,6,0
FIR-00882,robbery,residential_area,MP,midnight,blunt_object,unlocked_door,infrastructure,juvenile,0,2,0,0,physical_restraint|use_of_technology|use_of_disguise|multiple_offenders,Victim was physically restrained. digital tools or devices were used. suspect used a disguise to conceal identity. multiple offenders participated.,8,0
FIR-00883,vandalism,bank_premises,RJ,night,blunt_object,none,government_property,juvenile,0,2,1,0,use_of_disguise|multiple_offenders|lone_wolf|evidence_concealment|night_operation,Suspect used a disguise to conceal identity. multiple offenders participated. single offender acted alone. suspect attempted to conceal evidence. crime was executed during nighttime hours.,2,1
FIR-00884,robbery,industrial_area,TS,midnight,firearm,none,financial_institution,46-60,1,1,0,0,lone_wolf|escape_vehicle_used|local_knowledge,Single offender acted alone. suspect escaped using a vehicle. suspect demonstrated knowledge of the local area.,9,1
FIR-00885,cybercrime,commercial_zone,RJ,afternoon,none,cyber_access,digital_asset,26-35,1,0,1,1,opportunistic|insider_help|repeat_target,Crime appears to be opportunistic in nature. insider assistance may have been involved. location or victim was targeted previously.,6,0
FIR-00886,kidnapping,educational_institution,RJ,afternoon,chemical,social_engineering,individual,46-60,1,1,1,0,use_of_technology|lone_wolf|physical_restraint,Digital tools or devices were used. single offender acted alone. victim was physically restrained.,9,1
FIR-00887,assault,parking_lot,PB,evening,blunt_object,none,individual,18-25,0,1,1,0,repeat_target|prior_surveillance|use_of_technology|physical_restraint,Location or victim was targeted previously. suspect conducted prior surveillance of the target. digital tools or devices were used. victim was physically restrained.,5,0
FIR-00888,drug_offense,bank_premises,AP,night,knife,none,individual,36-45,0,0,0,0,prior_surveillance|physical_restraint|multiple_offenders|accomplice_involved|local_knowledge,Suspect conducted prior surveillance of the target. victim was physically restrained. multiple offenders participated. at least one accomplice was involved in the act. suspect demonstrated knowledge of the local area.,4,1
FIR-00889,fraud,highway,GJ,morning,firearm,none,commercial_establishment,juvenile,1,0,1,1,accomplice_involved|lone_wolf|repeat_target,At least one accomplice was involved in the act. single offender acted alone. location or victim was targeted previously.,8,1
FIR-00890,fraud,industrial_area,DL,midnight,none,social_engineering,public_space,26-35,0,1,1,1,psychological_manipulation|evidence_concealment|prior_surveillance|night_operation|escape_vehicle_used,Victim was manipulated psychologically. suspect attempted to conceal evidence. suspect conducted prior surveillance of the target. crime was executed during nighttime hours. suspect escaped using a vehicle.,6,1
FIR-00891,robbery,bank_premises,HR,evening,blunt_object,none,multiple,46-60,0,1,0,0,prior_surveillance|multiple_offenders,Suspect conducted prior surveillance of the target. multiple offenders participated.,9,1
FIR-00892,cybercrime,highway,MP,afternoon,vehicle,cyber_access,financial_institution,26-35,1,1,1,1,local_knowledge|escape_vehicle_used|physical_restraint,Suspect demonstrated knowledge of the local area. suspect escaped using a vehicle. victim was physically restrained.,5,1
FIR-00893,robbery,parking_lot,UP,evening,knife,social_engineering,individual,60+,1,0,1,0,escape_vehicle_used|night_operation|evidence_concealment|planned_operation|multiple_offenders,Suspect escaped using a vehicle. crime was executed during nighttime hours. suspect attempted to conceal evidence. evidence of pre-planned operation. multiple offenders participated.,7,1
FIR-00894,robbery,commercial_zone,AP,evening,firearm,social_engineering,individual,46-60,1,1,0,0,accomplice_involved|planned_operation|insider_help|prior_surveillance,At least one accomplice was involved in the act. evidence of pre-planned operation. insider assistance may have been involved. suspect conducted prior surveillance of the target.,9,1
FIR-00895,cybercrime,bank_premises,RJ,evening,none,cyber_access,government_property,46-60,1,1,1,1,accomplice_involved|opportunistic|local_knowledge|planned_operation|repeat_target,At least one accomplice was involved in the act. crime appears to be opportunistic in nature. suspect demonstrated knowledge of the local area. evidence of pre-planned operation. location or victim was targeted previously.,5,1
FIR-00896,fraud,public_transport,HR,afternoon,none,social_engineering,financial_institution,46-60,0,3,0,1,repeat_target|night_operation|multiple_offenders|local_knowledge|opportunistic,Location or victim was targeted previously. crime was executed during nighttime hours. multiple offenders participated. suspect demonstrated knowledge of the local area. crime appears to be opportunistic in nature.,7,1
FIR-00897,assault,public_transport,MH,afternoon,none,forced_entry,individual,juvenile,0,3,1,0,opportunistic|multiple_offenders|use_of_disguise|accomplice_involved|lone_wolf,Crime appears to be opportunistic in nature. multiple offenders participated. suspect used a disguise to conceal identity. at least one accomplice was involved in the act. single offender acted alone.,5,1
FIR-00898,murder,commercial_zone,UP,midnight,none,none,individual,juvenile,1,1,1,0,use_of_disguise|opportunistic,Suspect used a disguise to conceal identity. crime appears to be opportunistic in nature.,10,0
FIR-00899,burglary,bank_premises,TN,night,blunt_object,window_break,commercial_establishment,18-25,0,1,0,0,escape_vehicle_used|insider_help|local_knowledge,Suspect escaped using a vehicle. insider assistance may have been involved. suspect demonstrated knowledge of the local area.,6,0
FIR-00900,kidnapping,residential_area,MP,morning,chemical,social_engineering,individual,18-25,1,0,1,0,psychological_manipulation|night_operation|planned_operation|opportunistic|escape_vehicle_used,Victim was manipulated psychologically. crime was executed during nighttime hours. evidence of pre-planned operation. crime appears to be opportunistic in nature. suspect escaped using a vehicle.,9,0
FIR-00901,drug_offense,bank_premises,HR,early_morning,blunt_object,none,individual,60+,1,0,0,0,use_of_technology|opportunistic|local_knowledge|multiple_offenders,Digital tools or devices were used. crime appears to be opportunistic in nature. suspect demonstrated knowledge of the local area. multiple offenders participated.,5,0
FIR-00902,kidnapping,commercial_zone,TN,evening,firearm,social_engineering,household,18-25,1,0,1,0,physical_restraint|local_knowledge|use_of_technology|evidence_concealment|escape_vehicle_used,Victim was physically restrained. suspect demonstrated knowledge of the local area. digital tools or devices were used. suspect attempted to conceal evidence. suspect escaped using a vehicle.,9,0
FIR-00903,murder,marketplace,MH,evening,blunt_object,none,individual,18-25,1,4,0,0,opportunistic|multiple_offenders|accomplice_involved|insider_help|evidence_concealment,Crime appears to be opportunistic in nature. multiple offenders participated. at least one accomplice was involved in the act. insider assistance may have been involved. suspect attempted to conceal evidence.,10,0
FIR-00904,robbery,highway,HR,midnight,blunt_object,forced_entry,individual,46-60,0,1,0,0,repeat_target|evidence_concealment|physical_restraint|night_operation,Location or victim was targeted previously. suspect attempted to conceal evidence. victim was physically restrained. crime was executed during nighttime hours.,7,1
FIR-00905,burglary,bank_premises,PB,midnight,blunt_object,lock_picking,commercial_establishment,juvenile,1,1,1,0,use_of_technology|repeat_target|lone_wolf,Digital tools or devices were used. location or victim was targeted previously. single offender acted alone.,6,0
FIR-00906,kidnapping,marketplace,HR,evening,knife,social_engineering,individual,60+,0,0,1,0,psychological_manipulation|night_operation,Victim was manipulated psychologically. crime was executed during nighttime hours.,8,0
FIR-00907,drug_offense,parking_lot,KA,midnight,none,impersonation,individual,juvenile,0,1,1,0,evidence_concealment|physical_restraint|escape_vehicle_used|use_of_disguise,Suspect attempted to conceal evidence. victim was physically restrained. suspect escaped using a vehicle. suspect used a disguise to conceal identity.,4,0
FIR-00908,assault,educational_institution,KA,evening,none,none,individual,18-25,1,0,0,0,insider_help|physical_restraint|evidence_concealment,Insider assistance may have been involved. victim was physically restrained. suspect attempted to conceal evidence.,5,1
FIR-00909,assault,public_transport,MP,midnight,blunt_object,none,multiple,18-25,0,0,0,0,planned_operation|use_of_disguise,Evidence of pre-planned operation. suspect used a disguise to conceal identity.,5,1
FIR-00910,assault,bank_premises,AP,evening,knife,none,individual,60+,0,1,1,0,local_knowledge|accomplice_involved|prior_surveillance|use_of_technology|lone_wolf,Suspect demonstrated knowledge of the local area. at least one accomplice was involved in the act. suspect conducted prior surveillance of the target. digital tools or devices were used. single offender acted alone.,5,0
FIR-00911,robbery,parking_lot,HR,evening,none,social_engineering,individual,46-60,1,2,1,0,use_of_technology|planned_operation|local_knowledge|multiple_offenders|evidence_concealment,Digital tools or devices were used. evidence of pre-planned operation. suspect demonstrated knowledge of the local area. multiple offenders participated. suspect attempted to conceal evidence.,7,1
FIR-00912,kidnapping,marketplace,BR,night,firearm,none,individual,36-45,1,1,0,0,use_of_technology|opportunistic|escape_vehicle_used|physical_restraint,Digital tools or devices were used. crime appears to be opportunistic in nature. suspect escaped using a vehicle. victim was physically restrained.,8,1
FIR-00913,burglary,commercial_zone,DL,midnight,blunt_object,forced_entry,government_property,60+,0,0,1,0,physical_restraint|prior_surveillance|local_knowledge,Victim was physically restrained. suspect conducted prior surveillance of the target. suspect demonstrated knowledge of the local area.,6,1
FIR-00914,vandalism,public_transport,RJ,night,chemical,none,commercial_establishment,36-45,0,1,0,0,repeat_target|planned_operation|use_of_technology|escape_vehicle_used,Location or victim was targeted previously. evidence of pre-planned operation. digital tools or devices were used. suspect escaped using a vehicle.,4,0
FIR-00915,kidnapping,commercial_zone,MP,morning,chemical,social_engineering,multiple,36-45,0,1,0,0,use_of_disguise|opportunistic|prior_surveillance|lone_wolf|physical_restraint,Suspect used a disguise to conceal identity. crime appears to be opportunistic in nature. suspect conducted prior surveillance of the target. single offender acted alone. victim was physically restrained.,9,0
FIR-00916,vandalism,rural_area,PB,midnight,blunt_object,none,commercial_establishment,36-45,0,0,1,0,local_knowledge|prior_surveillance|repeat_target,Suspect demonstrated knowledge of the local area. suspect conducted prior surveillance of the target. location or victim was targeted previously.,4,0
FIR-00917,assault,educational_institution,DL,evening,firearm,none,individual,60+,0,0,0,0,evidence_concealment|repeat_target|planned_operation,Suspect attempted to conceal evidence. location or victim was targeted previously. evidence of pre-planned operation.,5,0
FIR-00918,cybercrime,marketplace,MP,evening,none,cyber_access,individual,26-35,0,1,0,1,accomplice_involved|local_knowledge|escape_vehicle_used|repeat_target|multiple_offenders,At least one accomplice was involved in the act. suspect demonstrated knowledge of the local area. suspect escaped using a vehicle. location or victim was targeted previously. multiple offenders participated.,5,0
FIR-00919,drug_offense,industrial_area,WB,midnight,none,none,individual,26-35,0,1,1,0,accomplice_involved|evidence_concealment,At least one accomplice was involved in the act. suspect attempted to conceal evidence.,4,1
FIR-00920,cybercrime,industrial_area,AP,evening,none,cyber_access,infrastructure,46-60,1,0,0,1,prior_surveillance|evidence_concealment|accomplice_involved|insider_help,Suspect conducted prior surveillance of the target. suspect attempted to conceal evidence. at least one accomplice was involved in the act. insider assistance may have been involved.,6,1
FIR-00921,cybercrime,residential_area,MP,morning,none,cyber_access,digital_asset,26-35,0,0,1,1,use_of_disguise|accomplice_involved,Suspect used a disguise to conceal identity. at least one accomplice was involved in the act.,4,0
FIR-00922,robbery,public_transport,MH,midnight,blunt_object,none,vehicle,36-45,0,1,0,0,planned_operation|prior_surveillance|lone_wolf,Evidence of pre-planned operation. suspect conducted prior surveillance of the target. single offender acted alone.,8,1
FIR-00923,burglary,rural_area,KA,afternoon,none,lock_picking,infrastructure,60+,1,1,1,0,lone_wolf|planned_operation|physical_restraint,Single offender acted alone. evidence of pre-planned operation. victim was physically restrained.,5,1
FIR-00924,assault,marketplace,HR,night,none,lock_picking,individual,18-25,1,0,1,0,planned_operation|lone_wolf,Evidence of pre-planned operation. single offender acted alone.,5,0
FIR-00925,fraud,public_transport,GJ,afternoon,none,roof_access,commercial_establishment,60+,1,3,1,1,psychological_manipulation|multiple_offenders|use_of_disguise,Victim was manipulated psychologically. multiple offenders participated. suspect used a disguise to conceal identity.,6,1
FIR-00926,drug_offense,educational_institution,MP,early_morning,none,none,government_property,46-60,1,1,1,0,opportunistic|evidence_concealment|local_knowledge|night_operation,Crime appears to be opportunistic in nature. suspect attempted to conceal evidence. suspect demonstrated knowledge of the local area. crime was executed during nighttime hours.,6,1
FIR-00927,assault,rural_area,AP,night,chemical,none,digital_asset,36-45,1,0,0,0,escape_vehicle_used|planned_operation,Suspect escaped using a vehicle. evidence of pre-planned operation.,7,1
FIR-00928,vandalism,residential_area,AP,midnight,improvised_tool,tunneling,public_space,60+,1,1,0,0,night_operation|accomplice_involved|lone_wolf,Crime was executed during nighttime hours. at least one accomplice was involved in the act. single offender acted alone.,4,1
FIR-00929,vandalism,industrial_area,TS,early_morning,improvised_tool,none,government_property,18-25,1,1,0,0,insider_help|opportunistic|multiple_offenders|repeat_target,Insider assistance may have been involved. crime appears to be opportunistic in nature. multiple offenders participated. location or victim was targeted previously.,2,1
FIR-00930,robbery,residential_area,PB,night,none,social_engineering,individual,18-25,1,0,1,0,use_of_disguise|opportunistic,Suspect used a disguise to conceal identity. crime appears to be opportunistic in nature.,7,1
FIR-00931,vandalism,public_transport,WB,midnight,improvised_tool,none,public_space,18-25,0,1,0,0,escape_vehicle_used|evidence_concealment,Suspect escaped using a vehicle. suspect attempted to conceal evidence.,4,0
FIR-00932,vehicle_theft,public_transport,BR,night,none,unlocked_door,individual,60+,0,0,1,0,use_of_technology|opportunistic,Digital tools or devices were used. crime appears to be opportunistic in nature.,3,1
FIR-00933,burglary,parking_lot,BR,midnight,none,window_break,vehicle,46-60,1,1,0,0,escape_vehicle_used|local_knowledge|lone_wolf|night_operation,Suspect escaped using a vehicle. suspect demonstrated knowledge of the local area. single offender acted alone. crime was executed during nighttime hours.,7,0
FIR-00934,burglary,residential_area,AP,night,none,lock_picking,individual,36-45,1,1,1,0,use_of_disguise|use_of_technology,Suspect used a disguise to conceal identity. digital tools or devices were used.,6,1
FIR-00935,burglary,public_transport,PB,morning,none,unlocked_door,financial_institution,46-60,1,0,1,0,insider_help|prior_surveillance|lone_wolf|planned_operation,Insider assistance may have been involved. suspect conducted prior surveillance of the target. single offender acted alone. evidence of pre-planned operation.,6,1
FIR-00936,fraud,educational_institution,BR,morning,none,social_engineering,vehicle,18-25,1,0,0,1,night_operation|insider_help|use_of_technology|repeat_target,Crime was executed during nighttime hours. insider assistance may have been involved. digital tools or devices were used. location or victim was targeted previously.,6,1
FIR-00937,vehicle_theft,residential_area,TN,afternoon,none,lock_picking,vehicle,26-35,1,1,0,0,use_of_technology|night_operation|prior_surveillance|use_of_disguise|accomplice_involved,Digital tools or devices were used. crime was executed during nighttime hours. suspect conducted prior surveillance of the target. suspect used a disguise to conceal identity. at least one accomplice was involved in the act.,4,1
FIR-00938,assault,rural_area,PB,evening,improvised_tool,none,individual,46-60,1,1,1,0,multiple_offenders|repeat_target|use_of_disguise,Multiple offenders participated. location or victim was targeted previously. suspect used a disguise to conceal identity.,5,1
FIR-00939,assault,marketplace,KL,midnight,blunt_object,none,individual,juvenile,0,0,0,0,lone_wolf|accomplice_involved,Single offender acted alone. at least one accomplice was involved in the act.,6,1
FIR-00940,drug_offense,bank_premises,BR,night,none,none,individual,46-60,0,0,1,0,escape_vehicle_used|physical_restraint,Suspect escaped using a vehicle. victim was physically restrained.,4,1
FIR-00941,vehicle_theft,marketplace,KL,midnight,vehicle,lock_picking,vehicle,18-25,0,0,0,0,accomplice_involved|escape_vehicle_used|prior_surveillance|local_knowledge|opportunistic,At least one accomplice was involved in the act. suspect escaped using a vehicle. suspect conducted prior surveillance of the target. suspect demonstrated knowledge of the local area. crime appears to be opportunistic in nature.,4,0
FIR-00942,drug_offense,educational_institution,BR,night,improvised_tool,unlocked_door,infrastructure,26-35,1,1,0,0,night_operation|use_of_technology,Crime was executed during nighttime hours. digital tools or devices were used.,6,1
FIR-00943,burglary,residential_area,DL,night,none,window_break,household,26-35,1,0,0,0,use_of_technology|psychological_manipulation|night_operation|escape_vehicle_used|use_of_disguise,Digital tools or devices were used. victim was manipulated psychologically. crime was executed during nighttime hours. suspect escaped using a vehicle. suspect used a disguise to conceal identity.,7,0
FIR-00944,kidnapping,industrial_area,TS,afternoon,blunt_object,none,individual,juvenile,1,0,0,0,use_of_technology|lone_wolf,Digital tools or devices were used. single offender acted alone.,8,0
FIR-00945,assault,residential_area,MP,evening,blunt_object,none,individual,18-25,1,0,1,0,accomplice_involved|planned_operation|repeat_target|lone_wolf,At least one accomplice was involved in the act. evidence of pre-planned operation. location or victim was targeted previously. single offender acted alone.,7,1
FIR-00946,vandalism,public_transport,HR,midnight,chemical,none,commercial_establishment,18-25,1,0,1,0,opportunistic|physical_restraint,Crime appears to be opportunistic in nature. victim was physically restrained.,4,1
FIR-00947,cybercrime,educational_institution,PB,evening,none,cyber_access,digital_asset,18-25,0,0,0,1,use_of_disguise|physical_restraint|planned_operation|multiple_offenders,Suspect used a disguise to conceal identity. victim was physically restrained. evidence of pre-planned operation. multiple offenders participated.,6,1
FIR-00948,robbery,highway,HR,night,firearm,social_engineering,digital_asset,36-45,0,0,1,0,local_knowledge|night_operation,Suspect demonstrated knowledge of the local area. crime was executed during nighttime hours.,7,0
FIR-00949,fraud,highway,TS,afternoon,none,impersonation,commercial_establishment,18-25,1,1,0,1,insider_help|physical_restraint|planned_operation,Insider assistance may have been involved. victim was physically restrained. evidence of pre-planned operation.,7,1
FIR-00950,murder,educational_institution,HR,night,firearm,forced_entry,individual,18-25,1,0,0,0,psychological_manipulation|evidence_concealment|use_of_technology,Victim was manipulated psychologically. suspect attempted to conceal evidence. digital tools or devices were used.,10,0
FIR-00951,drug_offense,parking_lot,KL,midnight,knife,forced_entry,multiple,juvenile,0,0,1,0,repeat_target|psychological_manipulation|night_operation|escape_vehicle_used|evidence_concealment,Location or victim was targeted previously. victim was manipulated psychologically. crime was executed during nighttime hours. suspect escaped using a vehicle. suspect attempted to conceal evidence.,6,0
FIR-00952,cybercrime,rural_area,MH,evening,chemical,cyber_access,commercial_establishment,60+,1,0,0,1,insider_help|night_operation|repeat_target,Insider assistance may have been involved. crime was executed during nighttime hours. location or victim was targeted previously.,4,0
FIR-00953,robbery,rural_area,HR,afternoon,knife,unlocked_door,financial_institution,36-45,0,1,1,0,evidence_concealment|opportunistic|local_knowledge|insider_help,Suspect attempted to conceal evidence. crime appears to be opportunistic in nature. suspect demonstrated knowledge of the local area. insider assistance may have been involved.,9,1
FIR-00954,vehicle_theft,commercial_zone,TN,night,chemical,unlocked_door,vehicle,36-45,0,0,1,0,use_of_disguise|evidence_concealment|opportunistic,Suspect used a disguise to conceal identity. suspect attempted to conceal evidence. crime appears to be opportunistic in nature.,3,1
FIR-00955,vandalism,rural_area,RJ,afternoon,improvised_tool,none,public_space,46-60,1,1,0,0,opportunistic|accomplice_involved|multiple_offenders|night_operation|prior_surveillance,Crime appears to be opportunistic in nature. at least one accomplice was involved in the act. multiple offenders participated. crime was executed during nighttime hours. suspect conducted prior surveillance of the target.,3,1
FIR-00956,fraud,residential_area,KA,night,none,window_break,government_property,60+,0,1,1,1,insider_help|local_knowledge|use_of_disguise,Insider assistance may have been involved. suspect demonstrated knowledge of the local area. suspect used a disguise to conceal identity.,6,0
FIR-00957,cybercrime,residential_area,MP,morning,none,cyber_access,individual,juvenile,0,0,0,1,evidence_concealment|use_of_technology,Suspect attempted to conceal evidence. digital tools or devices were used.,4,0
FIR-00958,robbery,industrial_area,BR,evening,knife,social_engineering,financial_institution,36-45,0,0,0,0,use_of_technology|repeat_target|multiple_offenders|psychological_manipulation|local_knowledge,Digital tools or devices were used. location or victim was targeted previously. multiple offenders participated. victim was manipulated psychologically. suspect demonstrated knowledge of the local area.,8,0
FIR-00959,murder,public_transport,WB,night,firearm,forced_entry,commercial_establishment,36-45,0,0,1,0,local_knowledge|psychological_manipulation|opportunistic|planned_operation|night_operation,Suspect demonstrated knowledge of the local area. victim was manipulated psychologically. crime appears to be opportunistic in nature. evidence of pre-planned operation. crime was executed during nighttime hours.,9,0
FIR-00960,burglary,residential_area,GJ,night,improvised_tool,tunneling,household,26-35,0,0,0,0,accomplice_involved|prior_surveillance,At least one accomplice was involved in the act. suspect conducted prior surveillance of the target.,6,0
FIR-00961,robbery,parking_lot,HR,midnight,knife,none,individual,60+,1,1,0,0,local_knowledge|use_of_technology|evidence_concealment,Suspect demonstrated knowledge of the local area. digital tools or devices were used. suspect attempted to conceal evidence.,7,1
FIR-00962,burglary,industrial_area,MH,night,none,lock_picking,commercial_establishment,60+,0,1,1,0,evidence_concealment|local_knowledge|night_operation,Suspect attempted to conceal evidence. suspect demonstrated knowledge of the local area. crime was executed during nighttime hours.,7,1
FIR-00963,vehicle_theft,parking_lot,MH,morning,none,unlocked_door,multiple,18-25,1,0,1,0,insider_help|local_knowledge|opportunistic|night_operation|use_of_disguise,Insider assistance may have been involved. suspect demonstrated knowledge of the local area. crime appears to be opportunistic in nature. crime was executed during nighttime hours. suspect used a disguise to conceal identity.,4,1
FIR-00964,burglary,parking_lot,HR,night,knife,unlocked_door,commercial_establishment,36-45,0,0,0,0,planned_operation|evidence_concealment|prior_surveillance,Evidence of pre-planned operation. suspect attempted to conceal evidence. suspect conducted prior surveillance of the target.,6,1
FIR-00965,kidnapping,commercial_zone,TS,evening,chemical,unlocked_door,individual,36-45,0,3,1,0,use_of_technology|evidence_concealment|multiple_offenders|repeat_target|planned_operation,Digital tools or devices were used. suspect attempted to conceal evidence. multiple offenders participated. location or victim was targeted previously. evidence of pre-planned operation.,9,0
FIR-00966,assault,residential_area,DL,evening,blunt_object,social_engineering,infrastructure,60+,0,0,0,0,use_of_technology|use_of_disguise|opportunistic|evidence_concealment,Digital tools or devices were used. suspect used a disguise to conceal identity. crime appears to be opportunistic in nature. suspect attempted to conceal evidence.,7,0
FIR-00967,assault,public_transport,TS,afternoon,none,none,vehicle,26-35,1,0,0,0,insider_help|multiple_offenders|psychological_manipulation|local_knowledge|escape_vehicle_used,Insider assistance may have been involved. multiple offenders participated. victim was manipulated psychologically. suspect demonstrated knowledge of the local area. suspect escaped using a vehicle.,5,1
FIR-00968,drug_offense,public_transport,KA,midnight,none,none,public_space,46-60,0,0,1,0,repeat_target|prior_surveillance|psychological_manipulation|accomplice_involved,Location or victim was targeted previously. suspect conducted prior surveillance of the target. victim was manipulated psychologically. at least one accomplice was involved in the act.,5,1
FIR-00969,burglary,commercial_zone,KL,midnight,blunt_object,forced_entry,commercial_establishment,26-35,1,0,1,0,accomplice_involved|opportunistic|lone_wolf|repeat_target|physical_restraint,At least one accomplice was involved in the act. crime appears to be opportunistic in nature. single offender acted alone. location or victim was targeted previously. victim was physically restrained.,5,1
FIR-00970,robbery,educational_institution,AP,evening,blunt_object,none,financial_institution,juvenile,0,1,1,0,local_knowledge|physical_restraint,Suspect demonstrated knowledge of the local area. victim was physically restrained.,9,0
FIR-00971,drug_offense,industrial_area,MH,night,knife,none,public_space,60+,1,0,0,0,night_operation|use_of_disguise|escape_vehicle_used|psychological_manipulation|accomplice_involved,Crime was executed during nighttime hours. suspect used a disguise to conceal identity. suspect escaped using a vehicle. victim was manipulated psychologically. at least one accomplice was involved in the act.,4,1
FIR-00972,kidnapping,public_transport,UP,night,chemical,social_engineering,public_space,juvenile,1,1,0,0,insider_help|accomplice_involved|local_knowledge|physical_restraint|use_of_disguise,Insider assistance may have been involved. at least one accomplice was involved in the act. suspect demonstrated knowledge of the local area. victim was physically restrained. suspect used a disguise to conceal identity.,10,1
FIR-00973,murder,parking_lot,KL,midnight,firearm,forced_entry,individual,60+,1,1,0,0,use_of_disguise|psychological_manipulation,Suspect used a disguise to conceal identity. victim was manipulated psychologically.,10,0
FIR-00974,burglary,residential_area,DL,midnight,none,roof_access,household,18-25,0,1,1,0,prior_surveillance|local_knowledge|opportunistic|insider_help,Suspect conducted prior surveillance of the target. suspect demonstrated knowledge of the local area. crime appears to be opportunistic in nature. insider assistance may have been involved.,6,0
FIR-00975,cybercrime,bank_premises,HR,evening,none,cyber_access,financial_institution,60+,1,3,0,1,physical_restraint|evidence_concealment|insider_help|lone_wolf|multiple_offenders,Victim was physically restrained. suspect attempted to conceal evidence. insider assistance may have been involved. single offender acted alone. multiple offenders participated.,4,0
FIR-00976,kidnapping,public_transport,GJ,evening,knife,none,individual,26-35,0,1,0,0,planned_operation|prior_surveillance|physical_restraint|escape_vehicle_used|evidence_concealment,Evidence of pre-planned operation. suspect conducted prior surveillance of the target. victim was physically restrained. suspect escaped using a vehicle. suspect attempted to conceal evidence.,10,0
FIR-00977,murder,public_transport,TN,night,knife,roof_access,individual,26-35,1,0,0,0,lone_wolf|escape_vehicle_used|prior_surveillance|use_of_disguise,Single offender acted alone. suspect escaped using a vehicle. suspect conducted prior surveillance of the target. suspect used a disguise to conceal identity.,9,0
FIR-00978,murder,parking_lot,GJ,night,vehicle,none,individual,36-45,0,1,1,0,multiple_offenders|night_operation|repeat_target|opportunistic|evidence_concealment,Multiple offenders participated. crime was executed during nighttime hours. location or victim was targeted previously. crime appears to be opportunistic in nature. suspect attempted to conceal evidence.,10,0
FIR-00979,cybercrime,educational_institution,AP,afternoon,none,cyber_access,financial_institution,26-35,0,0,0,1,use_of_technology|lone_wolf|planned_operation,Digital tools or devices were used. single offender acted alone. evidence of pre-planned operation.,6,1
FIR-00980,vehicle_theft,parking_lot,PB,midnight,improvised_tool,lock_picking,financial_institution,60+,0,1,0,0,night_operation|evidence_concealment|use_of_disguise|accomplice_involved,Crime was executed during nighttime hours. suspect attempted to conceal evidence. suspect used a disguise to conceal identity. at least one accomplice was involved in the act.,5,0
FIR-00981,burglary,rural_area,KA,night,blunt_object,forced_entry,infrastructure,18-25,0,0,0,0,escape_vehicle_used|opportunistic|insider_help|local_knowledge|physical_restraint,Suspect escaped using a vehicle. crime appears to be opportunistic in nature. insider assistance may have been involved. suspect demonstrated knowledge of the local area. victim was physically restrained.,5,1
FIR-00982,burglary,parking_lot,PB,midnight,none,lock_picking,household,juvenile,1,1,1,0,night_operation|use_of_disguise|local_knowledge|accomplice_involved,Crime was executed during nighttime hours. suspect used a disguise to conceal identity. suspect demonstrated knowledge of the local area. at least one accomplice was involved in the act.,6,1
FIR-00983,fraud,highway,BR,afternoon,none,impersonation,infrastructure,juvenile,0,0,1,1,use_of_disguise|repeat_target|escape_vehicle_used,Suspect used a disguise to conceal identity. location or victim was targeted previously. suspect escaped using a vehicle.,7,1
FIR-00984,fraud,educational_institution,TN,morning,none,social_engineering,individual,18-25,0,3,1,1,repeat_target|prior_surveillance|multiple_offenders,Location or victim was targeted previously. suspect conducted prior surveillance of the target. multiple offenders participated.,7,1
FIR-00985,assault,bank_premises,KL,evening,none,none,individual,60+,0,0,1,0,prior_surveillance|evidence_concealment|use_of_technology|local_knowledge|psychological_manipulation,Suspect conducted prior surveillance of the target. suspect attempted to conceal evidence. digital tools or devices were used. suspect demonstrated knowledge of the local area. victim was manipulated psychologically.,7,1
FIR-00986,kidnapping,commercial_zone,KA,early_morning,knife,none,individual,36-45,1,0,0,0,physical_restraint|night_operation,Victim was physically restrained. crime was executed during nighttime hours.,8,0
FIR-00987,drug_offense,industrial_area,HR,afternoon,knife,social_engineering,public_space,36-45,1,0,0,0,planned_operation|night_operation|use_of_disguise,Evidence of pre-planned operation. crime was executed during nighttime hours. suspect used a disguise to conceal identity.,4,1
FIR-00988,assault,public_transport,RJ,night,blunt_object,none,individual,26-35,0,1,0,0,night_operation|psychological_manipulation,Crime was executed during nighttime hours. victim was manipulated psychologically.,6,0
FIR-00989,murder,industrial_area,TS,morning,firearm,roof_access,individual,26-35,1,1,1,0,use_of_disguise|lone_wolf,Suspect used a disguise to conceal identity. single offender acted alone.,9,1
FIR-00990,assault,parking_lot,HR,evening,none,none,individual,60+,0,0,1,0,use_of_disguise|insider_help,Suspect used a disguise to conceal identity. insider assistance may have been involved.,5,0
FIR-00991,burglary,commercial_zone,TS,early_morning,blunt_object,window_break,commercial_establishment,36-45,0,1,1,0,psychological_manipulation|multiple_offenders|repeat_target|planned_operation|accomplice_involved,Victim was manipulated psychologically. multiple offenders participated. location or victim was targeted previously. evidence of pre-planned operation. at least one accomplice was involved in the act.,7,0
FIR-00992,burglary,bank_premises,UP,night,blunt_object,lock_picking,commercial_establishment,juvenile,1,1,1,0,psychological_manipulation|planned_operation,Victim was manipulated psychologically. evidence of pre-planned operation.,7,1
FIR-00993,drug_offense,industrial_area,UP,morning,none,cyber_access,individual,juvenile,1,0,0,0,night_operation|use_of_technology,Crime was executed during nighttime hours. digital tools or devices were used.,6,1
FIR-00994,fraud,marketplace,KL,night,none,social_engineering,individual,26-35,1,1,1,1,repeat_target|opportunistic|accomplice_involved,Location or victim was targeted previously. crime appears to be opportunistic in nature. at least one accomplice was involved in the act.,8,0
FIR-00995,assault,highway,KA,afternoon,blunt_object,lock_picking,individual,60+,1,1,0,0,opportunistic|use_of_disguise|prior_surveillance|evidence_concealment|repeat_target,Crime appears to be opportunistic in nature. suspect used a disguise to conceal identity. suspect conducted prior surveillance of the target. suspect attempted to conceal evidence. location or victim was targeted previously.,5,1
FIR-00996,kidnapping,public_transport,KL,evening,rope,roof_access,financial_institution,60+,1,1,1,0,planned_operation|repeat_target|lone_wolf,Evidence of pre-planned operation. location or victim was targeted previously. single offender acted alone.,8,1
FIR-00997,drug_offense,parking_lot,RJ,midnight,none,none,public_space,60+,0,1,1,0,use_of_disguise|physical_restraint|local_knowledge|opportunistic,Suspect used a disguise to conceal identity. victim was physically restrained. suspect demonstrated knowledge of the local area. crime appears to be opportunistic in nature.,6,1
FIR-00998,cybercrime,industrial_area,BR,morning,none,cyber_access,financial_institution,36-45,0,0,1,1,opportunistic|use_of_disguise|evidence_concealment|physical_restraint,Crime appears to be opportunistic in nature. suspect used a disguise to conceal identity. suspect attempted to conceal evidence. victim was physically restrained.,5,1
FIR-00999,fraud,industrial_area,KA,morning,none,social_engineering,individual,46-60,1,4,1,1,multiple_offenders|night_operation|prior_surveillance|use_of_disguise,Multiple offenders participated. crime was executed during nighttime hours. suspect conducted prior surveillance of the target. suspect used a disguise to conceal identity.,7,0
FIR-01000,vehicle_theft,industrial_area,RJ,midnight,none,lock_picking,government_property,juvenile,1,1,0,0,use_of_technology|physical_restraint|evidence_concealment|prior_surveillance,Digital tools or devices were used. victim was physically restrained. suspect attempted to conceal evidence. suspect conducted prior surveillance of the target.,5,1
FIR-01001,vehicle_theft,commercial_zone,DL,night,none,lock_picking,commercial_establishment,60+,1,2,0,0,night_operation|multiple_offenders|use_of_disguise,Crime was executed during nighttime hours. multiple offenders participated. suspect used a disguise to conceal identity.,4,1
FIR-01002,fraud,parking_lot,MP,afternoon,chemical,impersonation,household,juvenile,1,0,0,1,local_knowledge|repeat_target,Suspect demonstrated knowledge of the local area. location or victim was targeted previously.,6,0
FIR-01003,kidnapping,bank_premises,HR,evening,chemical,cyber_access,individual,26-35,0,0,1,0,local_knowledge|repeat_target|multiple_offenders|planned_operation|escape_vehicle_used,Suspect demonstrated knowledge of the local area. location or victim was targeted previously. multiple offenders participated. evidence of pre-planned operation. suspect escaped using a vehicle.,10,0
FIR-01004,assault,commercial_zone,UP,afternoon,rope,none,commercial_establishment,18-25,1,0,0,0,accomplice_involved|repeat_target,At least one accomplice was involved in the act. location or victim was targeted previously.,6,1
FIR-01005,cybercrime,marketplace,PB,night,firearm,roof_access,individual,18-25,0,0,0,1,night_operation|psychological_manipulation|use_of_disguise|use_of_technology,Crime was executed during nighttime hours. victim was manipulated psychologically. suspect used a disguise to conceal identity. digital tools or devices were used.,4,0
FIR-01006,vehicle_theft,industrial_area,GJ,evening,knife,lock_picking,vehicle,46-60,1,1,1,0,planned_operation|multiple_offenders|accomplice_involved|prior_surveillance|opportunistic,Evidence of pre-planned operation. multiple offenders participated. at least one accomplice was involved in the act. suspect conducted prior surveillance of the target. crime appears to be opportunistic in nature.,4,1
FIR-01007,vehicle_theft,parking_lot,TS,morning,none,lock_picking,vehicle,18-25,0,1,0,0,accomplice_involved|insider_help,At least one accomplice was involved in the act. insider assistance may have been involved.,5,1
FIR-01008,murder,parking_lot,TS,morning,none,social_engineering,infrastructure,36-45,0,0,1,0,planned_operation|multiple_offenders|insider_help,Evidence of pre-planned operation. multiple offenders participated. insider assistance may have been involved.,10,0
FIR-01009,robbery,bank_premises,HR,night,firearm,impersonation,financial_institution,26-35,1,0,0,0,planned_operation|use_of_disguise,Evidence of pre-planned operation. suspect used a disguise to conceal identity.,7,1
FIR-01010,vandalism,bank_premises,GJ,night,chemical,none,household,36-45,0,0,0,0,local_knowledge|lone_wolf,Suspect demonstrated knowledge of the local area. single offender acted alone.,3,1
FIR-01011,kidnapping,public_transport,AP,midnight,chemical,none,individual,juvenile,1,3,0,0,multiple_offenders|accomplice_involved|insider_help|use_of_technology|escape_vehicle_used,Multiple offenders participated. at least one accomplice was involved in the act. insider assistance may have been involved. digital tools or devices were used. suspect escaped using a vehicle.,10,1
FIR-01012,drug_offense,highway,GJ,midnight,knife,none,commercial_establishment,36-45,0,0,1,0,local_knowledge|evidence_concealment|use_of_disguise|physical_restraint|opportunistic,Suspect demonstrated knowledge of the local area. suspect attempted to conceal evidence. suspect used a disguise to conceal identity. victim was physically restrained. crime appears to be opportunistic in nature.,4,1
FIR-01013,murder,residential_area,KL,evening,knife,none,individual,36-45,1,1,1,0,prior_surveillance|insider_help|repeat_target,Suspect conducted prior surveillance of the target. insider assistance may have been involved. location or victim was targeted previously.,9,0
FIR-01014,vandalism,residential_area,HR,afternoon,improvised_tool,none,commercial_establishment,46-60,0,1,1,0,evidence_concealment|repeat_target|use_of_technology|opportunistic,Suspect attempted to conceal evidence. location or victim was targeted previously. digital tools or devices were used. crime appears to be opportunistic in nature.,4,0
FIR-01015,cybercrime,bank_premises,GJ,evening,none,cyber_access,financial_institution,60+,1,0,1,1,local_knowledge|repeat_target,Suspect demonstrated knowledge of the local area. location or victim was targeted previously.,6,0
FIR-01016,cybercrime,residential_area,RJ,evening,vehicle,cyber_access,household,18-25,1,0,0,1,accomplice_involved|planned_operation|lone_wolf|repeat_target|use_of_technology,At least one accomplice was involved in the act. evidence of pre-planned operation. single offender acted alone. location or victim was targeted previously. digital tools or devices were used.,4,0
FIR-01017,cybercrime,parking_lot,TN,afternoon,knife,cyber_access,individual,46-60,0,0,1,1,psychological_manipulation|insider_help,Victim was manipulated psychologically. insider assistance may have been involved.,6,1
FIR-01018,cybercrime,rural_area,MH,midnight,none,unlocked_door,financial_institution,juvenile,1,1,0,1,escape_vehicle_used|evidence_concealment,Suspect escaped using a vehicle. suspect attempted to conceal evidence.,6,1
FIR-01019,vandalism,bank_premises,HR,night,improvised_tool,none,government_property,26-35,0,0,0,0,physical_restraint|planned_operation|insider_help|evidence_concealment|prior_surveillance,Victim was physically restrained. evidence of pre-planned operation. insider assistance may have been involved. suspect attempted to conceal evidence. suspect conducted prior surveillance of the target.,3,0
FIR-01020,drug_offense,residential_area,KA,midnight,none,forced_entry,individual,18-25,0,3,1,0,use_of_technology|use_of_disguise|physical_restraint|multiple_offenders,Digital tools or devices were used. suspect used a disguise to conceal identity. victim was physically restrained. multiple offenders participated.,5,0
FIR-01021,fraud,highway,HR,night,vehicle,impersonation,individual,18-25,0,1,1,1,psychological_manipulation|lone_wolf,Victim was manipulated psychologically. single offender acted alone.,8,1
FIR-01022,assault,rural_area,TN,night,blunt_object,social_engineering,individual,18-25,0,1,1,0,lone_wolf|local_knowledge|prior_surveillance|repeat_target,Single offender acted alone. suspect demonstrated knowledge of the local area. suspect conducted prior surveillance of the target. location or victim was targeted previously.,6,0
FIR-01023,drug_offense,bank_premises,GJ,midnight,knife,none,individual,18-25,1,0,0,0,repeat_target|evidence_concealment,Location or victim was targeted previously. suspect attempted to conceal evidence.,5,1
FIR-01024,assault,commercial_zone,HR,night,none,none,individual,60+,0,0,1,0,lone_wolf|insider_help|use_of_disguise,Single offender acted alone. insider assistance may have been involved. suspect used a disguise to conceal identity.,6,0
FIR-01025,drug_offense,industrial_area,PB,early_morning,knife,none,public_space,60+,1,0,0,0,night_operation|use_of_technology|opportunistic|insider_help|multiple_offenders,Crime was executed during nighttime hours. digital tools or devices were used. crime appears to be opportunistic in nature. insider assistance may have been involved. multiple offenders participated.,5,1
FIR-01026,fraud,educational_institution,WB,night,none,forced_entry,commercial_establishment,26-35,1,1,0,1,planned_operation|opportunistic|local_knowledge|use_of_disguise,Evidence of pre-planned operation. crime appears to be opportunistic in nature. suspect demonstrated knowledge of the local area. suspect used a disguise to conceal identity.,8,1
FIR-01027,murder,public_transport,GJ,evening,firearm,forced_entry,multiple,juvenile,1,1,0,0,insider_help|night_operation,Insider assistance may have been involved. crime was executed during nighttime hours.,9,1
FIR-01028,robbery,bank_premises,MP,night,blunt_object,unlocked_door,individual,36-45,0,1,0,0,use_of_disguise|opportunistic|local_knowledge,Suspect used a disguise to conceal identity. crime appears to be opportunistic in nature. suspect demonstrated knowledge of the local area.,9,1
FIR-01029,burglary,highway,PB,midnight,none,window_break,commercial_establishment,26-35,0,0,0,0,insider_help|evidence_concealment|local_knowledge|multiple_offenders,Insider assistance may have been involved. suspect attempted to conceal evidence. suspect demonstrated knowledge of the local area. multiple offenders participated.,5,0
FIR-01030,fraud,marketplace,RJ,afternoon,improvised_tool,impersonation,commercial_establishment,60+,0,4,1,1,use_of_disguise|repeat_target|night_operation|multiple_offenders|planned_operation,Suspect used a disguise to conceal identity. location or victim was targeted previously. crime was executed during nighttime hours. multiple offenders participated. evidence of pre-planned operation.,8,1
FIR-01031,kidnapping,residential_area,MH,afternoon,chemical,social_engineering,individual,juvenile,0,1,0,0,evidence_concealment|night_operation|physical_restraint|prior_surveillance,Suspect attempted to conceal evidence. crime was executed during nighttime hours. victim was physically restrained. suspect conducted prior surveillance of the target.,8,0
FIR-01032,robbery,educational_institution,MP,night,blunt_object,social_engineering,financial_institution,60+,0,1,1,0,lone_wolf|physical_restraint|opportunistic|insider_help,Single offender acted alone. victim was physically restrained. crime appears to be opportunistic in nature. insider assistance may have been involved.,8,1
FIR-01033,vandalism,marketplace,AP,night,knife,lock_picking,government_property,60+,0,1,0,0,repeat_target|evidence_concealment,Location or victim was targeted previously. suspect attempted to conceal evidence.,2,0
FIR-01034,murder,educational_institution,RJ,midnight,firearm,unlocked_door,household,18-25,0,0,0,0,local_knowledge|use_of_technology|accomplice_involved,Suspect demonstrated knowledge of the local area. digital tools or devices were used. at least one accomplice was involved in the act.,10,1
FIR-01035,vehicle_theft,bank_premises,KA,midnight,none,unlocked_door,vehicle,juvenile,0,4,0,0,prior_surveillance|lone_wolf|multiple_offenders|evidence_concealment,Suspect conducted prior surveillance of the target. single offender acted alone. multiple offenders participated. suspect attempted to conceal evidence.,5,0
FIR-01036,robbery,public_transport,PB,evening,firearm,social_engineering,multiple,18-25,0,1,0,0,psychological_manipulation|escape_vehicle_used,Victim was manipulated psychologically. suspect escaped using a vehicle.,7,0
FIR-01037,fraud,residential_area,PB,afternoon,none,social_engineering,household,18-25,0,1,0,1,physical_restraint|use_of_disguise|psychological_manipulation|opportunistic|local_knowledge,Victim was physically restrained. suspect used a disguise to conceal identity. victim was manipulated psychologically. crime appears to be opportunistic in nature. suspect demonstrated knowledge of the local area.,8,1
FIR-01038,vandalism,residential_area,KA,midnight,firearm,lock_picking,public_space,18-25,1,1,0,0,planned_operation|evidence_concealment|accomplice_involved|opportunistic|escape_vehicle_used,Evidence of pre-planned operation. suspect attempted to conceal evidence. at least one accomplice was involved in the act. crime appears to be opportunistic in nature. suspect escaped using a vehicle.,4,0
FIR-01039,kidnapping,parking_lot,TN,morning,knife,lock_picking,individual,18-25,1,1,0,0,prior_surveillance|psychological_manipulation,Suspect conducted prior surveillance of the target. victim was manipulated psychologically.,9,1
FIR-01040,fraud,public_transport,WB,afternoon,none,social_engineering,digital_asset,46-60,0,3,0,1,escape_vehicle_used|local_knowledge|accomplice_involved|multiple_offenders,Suspect escaped using a vehicle. suspect demonstrated knowledge of the local area. at least one accomplice was involved in the act. multiple offenders participated.,6,1
FIR-01041,assault,highway,MH,morning,blunt_object,none,individual,36-45,1,1,0,0,physical_restraint|use_of_disguise|use_of_technology,Victim was physically restrained. suspect used a disguise to conceal identity. digital tools or devices were used.,6,1
FIR-01042,kidnapping,rural_area,PB,morning,vehicle,social_engineering,individual,46-60,0,0,0,0,multiple_offenders|evidence_concealment|repeat_target|prior_surveillance,Multiple offenders participated. suspect attempted to conceal evidence. location or victim was targeted previously. suspect conducted prior surveillance of the target.,8,0
FIR-01043,drug_offense,highway,BR,night,none,none,individual,18-25,0,1,0,0,use_of_technology|psychological_manipulation,Digital tools or devices were used. victim was manipulated psychologically.,5,1
FIR-01044,drug_offense,highway,RJ,morning,none,none,individual,36-45,1,1,1,0,opportunistic|use_of_disguise,Crime appears to be opportunistic in nature. suspect used a disguise to conceal identity.,5,1
FIR-01045,fraud,industrial_area,DL,afternoon,vehicle,social_engineering,commercial_establishment,36-45,0,0,0,1,prior_surveillance|psychological_manipulation|planned_operation,Suspect conducted prior surveillance of the target. victim was manipulated psychologically. evidence of pre-planned operation.,8,0
FIR-01046,kidnapping,bank_premises,TN,afternoon,firearm,forced_entry,individual,36-45,0,3,1,0,escape_vehicle_used|use_of_technology|night_operation|evidence_concealment|multiple_offenders,Suspect escaped using a vehicle. digital tools or devices were used. crime was executed during nighttime hours. suspect attempted to conceal evidence. multiple offenders participated.,9,1
FIR-01047,burglary,public_transport,PB,early_morning,none,forced_entry,vehicle,46-60,0,0,0,0,prior_surveillance|use_of_disguise|use_of_technology|lone_wolf|planned_operation,Suspect conducted prior surveillance of the target. suspect used a disguise to conceal identity. digital tools or devices were used. single offender acted alone. evidence of pre-planned operation.,6,1
FIR-01048,cybercrime,rural_area,WB,morning,none,none,individual,36-45,1,4,1,1,use_of_technology|accomplice_involved|prior_surveillance|multiple_offenders,Digital tools or devices were used. at least one accomplice was involved in the act. suspect conducted prior surveillance of the target. multiple offenders participated.,5,0
FIR-01049,robbery,parking_lot,DL,night,firearm,none,financial_institution,26-35,0,0,1,0,repeat_target|local_knowledge|evidence_concealment,Location or victim was targeted previously. suspect demonstrated knowledge of the local area. suspect attempted to conceal evidence.,8,0
FIR-01050,assault,marketplace,HR,afternoon,blunt_object,roof_access,individual,26-35,1,1,1,0,prior_surveillance|repeat_target|multiple_offenders|escape_vehicle_used,Suspect conducted prior surveillance of the target. location or victim was targeted previously. multiple offenders participated. suspect escaped using a vehicle.,5,0
FIR-01051,robbery,public_transport,WB,evening,blunt_object,none,financial_institution,juvenile,1,0,0,0,lone_wolf|escape_vehicle_used|psychological_manipulation|use_of_disguise|prior_surveillance,Single offender acted alone. suspect escaped using a vehicle. victim was manipulated psychologically. suspect used a disguise to conceal identity. suspect conducted prior surveillance of the target.,7,0
FIR-01052,vandalism,highway,AP,night,firearm,none,government_property,46-60,1,1,0,0,lone_wolf|insider_help|physical_restraint|opportunistic,Single offender acted alone. insider assistance may have been involved. victim was physically restrained. crime appears to be opportunistic in nature.,2,1
FIR-01053,assault,public_transport,TS,afternoon,none,forced_entry,individual,juvenile,0,0,1,0,use_of_disguise|accomplice_involved|night_operation,Suspect used a disguise to conceal identity. at least one accomplice was involved in the act. crime was executed during nighttime hours.,6,0
FIR-01054,robbery,highway,WB,midnight,firearm,none,financial_institution,juvenile,1,2,0,0,use_of_disguise|insider_help|multiple_offenders,Suspect used a disguise to conceal identity. insider assistance may have been involved. multiple offenders participated.,8,1
FIR-01055,kidnapping,commercial_zone,RJ,morning,firearm,window_break,individual,60+,1,0,1,0,opportunistic|night_operation|physical_restraint|repeat_target,Crime appears to be opportunistic in nature. crime was executed during nighttime hours. victim was physically restrained. location or victim was targeted previously.,8,0
FIR-01056,cybercrime,industrial_area,TS,evening,rope,cyber_access,digital_asset,36-45,0,1,1,1,night_operation|evidence_concealment|use_of_disguise|insider_help,Crime was executed during nighttime hours. suspect attempted to conceal evidence. suspect used a disguise to conceal identity. insider assistance may have been involved.,6,0
FIR-01057,drug_offense,commercial_zone,MH,early_morning,vehicle,none,public_space,36-45,1,0,0,0,night_operation|opportunistic,Crime was executed during nighttime hours. crime appears to be opportunistic in nature.,6,0
FIR-01058,kidnapping,marketplace,RJ,afternoon,none,window_break,government_property,46-60,0,1,1,0,repeat_target|night_operation|insider_help|planned_operation|prior_surveillance,Location or victim was targeted previously. crime was executed during nighttime hours. insider assistance may have been involved. evidence of pre-planned operation. suspect conducted prior surveillance of the target.,10,0
FIR-01059,murder,commercial_zone,MH,evening,none,cyber_access,multiple,46-60,0,0,1,0,use_of_disguise|planned_operation|repeat_target,Suspect used a disguise to conceal identity. evidence of pre-planned operation. location or victim was targeted previously.,10,1
FIR-01060,vandalism,bank_premises,KA,midnight,none,none,public_space,36-45,1,1,1,0,opportunistic|accomplice_involved,Crime appears to be opportunistic in nature. at least one accomplice was involved in the act.,4,1
FIR-01061,cybercrime,marketplace,KL,morning,none,forced_entry,individual,60+,1,0,0,1,escape_vehicle_used|lone_wolf,Suspect escaped using a vehicle. single offender acted alone.,4,1
FIR-01062,burglary,parking_lot,MH,midnight,rope,lock_picking,household,juvenile,0,0,0,0,night_operation|repeat_target,Crime was executed during nighttime hours. location or victim was targeted previously.,5,1
FIR-01063,kidnapping,parking_lot,MP,evening,knife,none,individual,60+,0,0,1,0,accomplice_involved|planned_operation|prior_surveillance|use_of_technology|escape_vehicle_used,At least one accomplice was involved in the act. evidence of pre-planned operation. suspect conducted prior surveillance of the target. digital tools or devices were used. suspect escaped using a vehicle.,10,0
FIR-01064,murder,bank_premises,TS,evening,blunt_object,none,multiple,26-35,1,0,0,0,night_operation|lone_wolf|accomplice_involved|escape_vehicle_used|evidence_concealment,Crime was executed during nighttime hours. single offender acted alone. at least one accomplice was involved in the act. suspect escaped using a vehicle. suspect attempted to conceal evidence.,9,0
FIR-01065,fraud,public_transport,KA,afternoon,none,impersonation,individual,60+,0,1,1,1,use_of_disguise|opportunistic,Suspect used a disguise to conceal identity. crime appears to be opportunistic in nature.,6,1
FIR-01066,kidnapping,highway,UP,afternoon,chemical,social_engineering,individual,36-45,0,0,0,0,accomplice_involved|use_of_technology,At least one accomplice was involved in the act. digital tools or devices were used.,10,1
FIR-01067,drug_offense,residential_area,BR,midnight,knife,none,public_space,18-25,1,1,1,0,escape_vehicle_used|use_of_technology,Suspect escaped using a vehicle. digital tools or devices were used.,5,0
FIR-01068,assault,rural_area,MH,night,blunt_object,none,financial_institution,36-45,1,0,1,0,opportunistic|physical_restraint,Crime appears to be opportunistic in nature. victim was physically restrained.,7,1
FIR-01069,robbery,parking_lot,KA,evening,blunt_object,none,vehicle,juvenile,0,0,1,0,night_operation|lone_wolf|prior_surveillance|multiple_offenders|insider_help,Crime was executed during nighttime hours. single offender acted alone. suspect conducted prior surveillance of the target. multiple offenders participated. insider assistance may have been involved.,7,0
FIR-01070,kidnapping,industrial_area,BR,morning,knife,none,individual,18-25,1,1,0,0,use_of_disguise|opportunistic|accomplice_involved|evidence_concealment|prior_surveillance,Suspect used a disguise to conceal identity. crime appears to be opportunistic in nature. at least one accomplice was involved in the act. suspect attempted to conceal evidence. suspect conducted prior surveillance of the target.,9,0
FIR-01071,murder,educational_institution,UP,evening,chemical,none,individual,60+,0,0,0,0,multiple_offenders|night_operation|evidence_concealment|psychological_manipulation|repeat_target,Multiple offenders participated. crime was executed during nighttime hours. suspect attempted to conceal evidence. victim was manipulated psychologically. location or victim was targeted previously.,9,0
FIR-01072,fraud,educational_institution,GJ,afternoon,chemical,social_engineering,individual,18-25,0,0,0,1,use_of_disguise|insider_help|planned_operation|use_of_technology|evidence_concealment,Suspect used a disguise to conceal identity. insider assistance may have been involved. evidence of pre-planned operation. digital tools or devices were used. suspect attempted to conceal evidence.,7,1
FIR-01073,murder,rural_area,HR,night,firearm,none,digital_asset,60+,1,1,1,0,repeat_target|evidence_concealment|accomplice_involved,Location or victim was targeted previously. suspect attempted to conceal evidence. at least one accomplice was involved in the act.,10,0
FIR-01074,drug_offense,public_transport,MH,midnight,none,window_break,individual,26-35,1,0,0,0,physical_restraint|use_of_technology,Victim was physically restrained. digital tools or devices were used.,5,1
FIR-01075,vehicle_theft,bank_premises,DL,midnight,improvised_tool,window_break,digital_asset,18-25,1,1,1,0,multiple_offenders|evidence_concealment|repeat_target|physical_restraint,Multiple offenders participated. suspect attempted to conceal evidence. location or victim was targeted previously. victim was physically restrained.,4,1
FIR-01076,cybercrime,commercial_zone,TS,morning,none,cyber_access,household,juvenile,0,0,1,1,planned_operation|use_of_technology|lone_wolf|accomplice_involved|multiple_offenders,Evidence of pre-planned operation. digital tools or devices were used. single offender acted alone. at least one accomplice was involved in the act. multiple offenders participated.,4,1
FIR-01077,vehicle_theft,bank_premises,AP,midnight,none,unlocked_door,infrastructure,26-35,0,1,0,0,local_knowledge|planned_operation,Suspect demonstrated knowledge of the local area. evidence of pre-planned operation.,3,1
FIR-01078,robbery,industrial_area,PB,morning,blunt_object,social_engineering,household,18-25,1,1,0,0,accomplice_involved|repeat_target|physical_restraint|escape_vehicle_used|use_of_technology,At least one accomplice was involved in the act. location or victim was targeted previously. victim was physically restrained. suspect escaped using a vehicle. digital tools or devices were used.,7,1
FIR-01079,robbery,public_transport,AP,midnight,knife,impersonation,individual,juvenile,1,0,0,0,use_of_disguise|accomplice_involved,Suspect used a disguise to conceal identity. at least one accomplice was involved in the act.,7,0
FIR-01080,cybercrime,marketplace,MP,evening,none,none,multiple,60+,1,0,1,1,local_knowledge|lone_wolf,Suspect demonstrated knowledge of the local area. single offender acted alone.,5,0
FIR-01081,robbery,commercial_zone,TN,midnight,vehicle,cyber_access,individual,juvenile,0,1,0,0,insider_help|opportunistic|use_of_technology|use_of_disguise,Insider assistance may have been involved. crime appears to be opportunistic in nature. digital tools or devices were used. suspect used a disguise to conceal identity.,7,0
FIR-01082,drug_offense,public_transport,DL,midnight,knife,none,individual,36-45,0,0,1,0,multiple_offenders|prior_surveillance,Multiple offenders participated. suspect conducted prior surveillance of the target.,6,1
FIR-01083,assault,public_transport,GJ,evening,knife,none,infrastructure,36-45,0,0,0,0,lone_wolf|evidence_concealment,Single offender acted alone. suspect attempted to conceal evidence.,5,1
FIR-01084,cybercrime,residential_area,UP,evening,none,unlocked_door,individual,juvenile,0,0,0,1,planned_operation|local_knowledge|lone_wolf|use_of_disguise,Evidence of pre-planned operation. suspect demonstrated knowledge of the local area. single offender acted alone. suspect used a disguise to conceal identity.,5,1
FIR-01085,robbery,educational_institution,TS,night,firearm,impersonation,financial_institution,36-45,0,0,0,0,lone_wolf|psychological_manipulation|evidence_concealment|opportunistic|accomplice_involved,Single offender acted alone. victim was manipulated psychologically. suspect attempted to conceal evidence. crime appears to be opportunistic in nature. at least one accomplice was involved in the act.,9,1
FIR-01086,vandalism,educational_institution,RJ,afternoon,blunt_object,none,digital_asset,18-25,1,1,0,0,prior_surveillance|night_operation|lone_wolf|opportunistic|evidence_concealment,Suspect conducted prior surveillance of the target. crime was executed during nighttime hours. single offender acted alone. crime appears to be opportunistic in nature. suspect attempted to conceal evidence.,4,0
FIR-01087,cybercrime,bank_premises,MP,midnight,none,lock_picking,financial_institution,26-35,1,1,0,1,prior_surveillance|repeat_target,Suspect conducted prior surveillance of the target. location or victim was targeted previously.,6,0
FIR-01088,burglary,bank_premises,KL,night,none,forced_entry,commercial_establishment,36-45,1,1,1,0,insider_help|psychological_manipulation|multiple_offenders,Insider assistance may have been involved. victim was manipulated psychologically. multiple offenders participated.,6,0
FIR-01089,drug_offense,educational_institution,WB,night,chemical,none,digital_asset,18-25,0,0,0,0,night_operation|opportunistic|insider_help|evidence_concealment|use_of_technology,Crime was executed during nighttime hours. crime appears to be opportunistic in nature. insider assistance may have been involved. suspect attempted to conceal evidence. digital tools or devices were used.,6,1
FIR-01090,drug_offense,parking_lot,MP,evening,blunt_object,tunneling,public_space,36-45,1,1,0,0,use_of_technology|use_of_disguise|planned_operation|psychological_manipulation,Digital tools or devices were used. suspect used a disguise to conceal identity. evidence of pre-planned operation. victim was manipulated psychologically.,6,1
FIR-01091,vehicle_theft,marketplace,UP,early_morning,improvised_tool,unlocked_door,digital_asset,36-45,1,0,1,0,lone_wolf|accomplice_involved,Single offender acted alone. at least one accomplice was involved in the act.,3,1
FIR-01092,robbery,residential_area,DL,midnight,blunt_object,cyber_access,public_space,18-25,0,1,0,0,insider_help|use_of_technology|prior_surveillance|local_knowledge,Insider assistance may have been involved. digital tools or devices were used. suspect conducted prior surveillance of the target. suspect demonstrated knowledge of the local area.,8,1
FIR-01093,cybercrime,educational_institution,TS,afternoon,none,social_engineering,financial_institution,36-45,0,0,1,1,lone_wolf|use_of_disguise|use_of_technology,Single offender acted alone. suspect used a disguise to conceal identity. digital tools or devices were used.,5,0
FIR-01094,kidnapping,public_transport,TN,morning,firearm,social_engineering,individual,26-35,0,1,1,0,evidence_concealment|planned_operation|escape_vehicle_used|use_of_disguise|opportunistic,Suspect attempted to conceal evidence. evidence of pre-planned operation. suspect escaped using a vehicle. suspect used a disguise to conceal identity. crime appears to be opportunistic in nature.,8,0
FIR-01095,vandalism,public_transport,MH,night,none,unlocked_door,multiple,18-25,0,0,1,0,insider_help|repeat_target|prior_surveillance|opportunistic,Insider assistance may have been involved. location or victim was targeted previously. suspect conducted prior surveillance of the target. crime appears to be opportunistic in nature.,4,0
FIR-01096,vehicle_theft,residential_area,TN,early_morning,improvised_tool,unlocked_door,vehicle,26-35,0,3,1,0,multiple_offenders|insider_help|prior_surveillance|escape_vehicle_used,Multiple offenders participated. insider assistance may have been involved. suspect conducted prior surveillance of the target. suspect escaped using a vehicle.,5,1
FIR-01097,fraud,educational_institution,PB,morning,none,social_engineering,financial_institution,18-25,1,1,0,1,local_knowledge|escape_vehicle_used|multiple_offenders,Suspect demonstrated knowledge of the local area. suspect escaped using a vehicle. multiple offenders participated.,8,1
FIR-01098,burglary,rural_area,BR,morning,none,social_engineering,public_space,60+,0,1,0,0,evidence_concealment|accomplice_involved,Suspect attempted to conceal evidence. at least one accomplice was involved in the act.,5,1
FIR-01099,vandalism,residential_area,UP,afternoon,rope,none,government_property,26-35,0,1,0,0,prior_surveillance|night_operation|physical_restraint|local_knowledge|use_of_disguise,Suspect conducted prior surveillance of the target. crime was executed during nighttime hours. victim was physically restrained. suspect demonstrated knowledge of the local area. suspect used a disguise to conceal identity.,2,1
FIR-01100,robbery,commercial_zone,WB,afternoon,knife,social_engineering,individual,36-45,0,0,1,0,planned_operation|local_knowledge,Evidence of pre-planned operation. suspect demonstrated knowledge of the local area.,8,0
FIR-01101,burglary,marketplace,KA,midnight,none,forced_entry,commercial_establishment,18-25,0,3,1,0,insider_help|multiple_offenders|accomplice_involved|local_knowledge|evidence_concealment,Insider assistance may have been involved. multiple offenders participated. at least one accomplice was involved in the act. suspect demonstrated knowledge of the local area. suspect attempted to conceal evidence.,6,1
FIR-01102,vehicle_theft,rural_area,KL,early_morning,vehicle,lock_picking,vehicle,46-60,0,0,1,0,night_operation|escape_vehicle_used|physical_restraint|evidence_concealment,Crime was executed during nighttime hours. suspect escaped using a vehicle. victim was physically restrained. suspect attempted to conceal evidence.,3,0
FIR-01103,assault,public_transport,TS,evening,none,none,individual,26-35,1,2,0,0,accomplice_involved|use_of_disguise|multiple_offenders|planned_operation|escape_vehicle_used,At least one accomplice was involved in the act. suspect used a disguise to conceal identity. multiple offenders participated. evidence of pre-planned operation. suspect escaped using a vehicle.,6,1
FIR-01104,murder,residential_area,KL,night,none,forced_entry,individual,36-45,1,3,0,0,physical_restraint|multiple_offenders|prior_surveillance|planned_operation|escape_vehicle_used,Victim was physically restrained. multiple offenders participated. suspect conducted prior surveillance of the target. evidence of pre-planned operation. suspect escaped using a vehicle.,10,0
FIR-01105,assault,industrial_area,BR,evening,blunt_object,none,individual,juvenile,1,0,0,0,insider_help|physical_restraint|prior_surveillance|repeat_target,Insider assistance may have been involved. victim was physically restrained. suspect conducted prior surveillance of the target. location or victim was targeted previously.,7,1
FIR-01106,assault,rural_area,MH,afternoon,blunt_object,none,financial_institution,juvenile,1,1,1,0,psychological_manipulation|opportunistic|multiple_offenders|prior_surveillance,Victim was manipulated psychologically. crime appears to be opportunistic in nature. multiple offenders participated. suspect conducted prior surveillance of the target.,7,1
FIR-01107,cybercrime,bank_premises,KL,evening,none,cyber_access,individual,26-35,0,1,0,1,insider_help|night_operation|use_of_disguise,Insider assistance may have been involved. crime was executed during nighttime hours. suspect used a disguise to conceal identity.,4,1
FIR-01108,vandalism,commercial_zone,PB,night,chemical,forced_entry,financial_institution,18-25,0,1,1,0,use_of_technology|accomplice_involved|use_of_disguise|physical_restraint,Digital tools or devices were used. at least one accomplice was involved in the act. suspect used a disguise to conceal identity. victim was physically restrained.,3,1
FIR-01109,vandalism,marketplace,KA,night,improvised_tool,lock_picking,government_property,36-45,0,0,0,0,opportunistic|accomplice_involved|prior_surveillance|planned_operation,Crime appears to be opportunistic in nature. at least one accomplice was involved in the act. suspect conducted prior surveillance of the target. evidence of pre-planned operation.,3,1
FIR-01110,murder,marketplace,TN,night,knife,none,household,26-35,0,4,1,0,multiple_offenders|evidence_concealment|repeat_target,Multiple offenders participated. suspect attempted to conceal evidence. location or victim was targeted previously.,9,0
FIR-01111,cybercrime,residential_area,AP,morning,none,roof_access,financial_institution,juvenile,0,0,0,1,psychological_manipulation|multiple_offenders|use_of_disguise|repeat_target,Victim was manipulated psychologically. multiple offenders participated. suspect used a disguise to conceal identity. location or victim was targeted previously.,4,1
FIR-01112,fraud,commercial_zone,TS,afternoon,none,impersonation,commercial_establishment,46-60,1,3,0,1,accomplice_involved|use_of_technology|multiple_offenders,At least one accomplice was involved in the act. digital tools or devices were used. multiple offenders participated.,8,1
FIR-01113,cybercrime,bank_premises,KL,morning,blunt_object,cyber_access,infrastructure,18-25,0,1,1,1,night_operation|physical_restraint|use_of_disguise|escape_vehicle_used,Crime was executed during nighttime hours. victim was physically restrained. suspect used a disguise to conceal identity. suspect escaped using a vehicle.,4,0
FIR-01114,murder,parking_lot,RJ,midnight,none,none,multiple,46-60,1,1,1,0,accomplice_involved|use_of_disguise|opportunistic|insider_help,At least one accomplice was involved in the act. suspect used a disguise to conceal identity. crime appears to be opportunistic in nature. insider assistance may have been involved.,10,0
FIR-01115,cybercrime,bank_premises,HR,evening,none,cyber_access,individual,18-25,1,1,1,1,evidence_concealment|use_of_disguise|planned_operation|local_knowledge|lone_wolf,Suspect attempted to conceal evidence. suspect used a disguise to conceal identity. evidence of pre-planned operation. suspect demonstrated knowledge of the local area. single offender acted alone.,6,1
FIR-01116,murder,rural_area,HR,evening,knife,tunneling,vehicle,juvenile,0,0,0,0,opportunistic|use_of_disguise|lone_wolf,Crime appears to be opportunistic in nature. suspect used a disguise to conceal identity. single offender acted alone.,9,0
FIR-01117,fraud,highway,AP,midnight,none,impersonation,financial_institution,18-25,0,1,1,1,prior_surveillance|accomplice_involved|multiple_offenders,Suspect conducted prior surveillance of the target. at least one accomplice was involved in the act. multiple offenders participated.,6,0
FIR-01118,robbery,highway,PB,evening,none,none,digital_asset,18-25,0,1,0,0,repeat_target|planned_operation,Location or victim was targeted previously. evidence of pre-planned operation.,8,1
FIR-01119,vandalism,parking_lot,MH,night,knife,none,government_property,juvenile,0,0,0,0,insider_help|night_operation,Insider assistance may have been involved. crime was executed during nighttime hours.,2,1
FIR-01120,assault,residential_area,UP,night,blunt_object,none,individual,46-60,0,1,0,0,psychological_manipulation|planned_operation,Victim was manipulated psychologically. evidence of pre-planned operation.,5,1
FIR-01121,murder,public_transport,UP,morning,vehicle,none,individual,36-45,1,0,0,0,use_of_disguise|insider_help|multiple_offenders|planned_operation|psychological_manipulation,Suspect used a disguise to conceal identity. insider assistance may have been involved. multiple offenders participated. evidence of pre-planned operation. victim was manipulated psychologically.,9,1
FIR-01122,vehicle_theft,industrial_area,KL,early_morning,none,unlocked_door,government_property,18-25,1,1,1,0,use_of_technology|lone_wolf|multiple_offenders|repeat_target,Digital tools or devices were used. single offender acted alone. multiple offenders participated. location or victim was targeted previously.,5,1
FIR-01123,assault,highway,TN,afternoon,knife,unlocked_door,individual,60+,0,1,1,0,opportunistic|physical_restraint|prior_surveillance|repeat_target,Crime appears to be opportunistic in nature. victim was physically restrained. suspect conducted prior surveillance of the target. location or victim was targeted previously.,5,0
FIR-01124,fraud,public_transport,KA,afternoon,improvised_tool,social_engineering,financial_institution,18-25,0,1,1,1,opportunistic|repeat_target,Crime appears to be opportunistic in nature. location or victim was targeted previously.,7,0
FIR-01125,cybercrime,highway,KA,afternoon,none,cyber_access,infrastructure,46-60,1,1,0,1,opportunistic|evidence_concealment,Crime appears to be opportunistic in nature. suspect attempted to conceal evidence.,6,0
FIR-01126,kidnapping,educational_institution,TS,morning,knife,none,individual,juvenile,1,1,1,0,psychological_manipulation|night_operation,Victim was manipulated psychologically. crime was executed during nighttime hours.,9,0
FIR-01127,cybercrime,parking_lot,WB,afternoon,none,none,individual,18-25,0,3,0,1,multiple_offenders|prior_surveillance|repeat_target|insider_help,Multiple offenders participated. suspect conducted prior surveillance of the target. location or victim was targeted previously. insider assistance may have been involved.,6,0
FIR-01128,cybercrime,highway,MP,evening,none,unlocked_door,financial_institution,juvenile,0,1,1,1,multiple_offenders|repeat_target|planned_operation|insider_help,Multiple offenders participated. location or victim was targeted previously. evidence of pre-planned operation. insider assistance may have been involved.,5,1
FIR-01129,drug_offense,residential_area,WB,early_morning,firearm,none,individual,18-25,0,0,1,0,night_operation|prior_surveillance|local_knowledge,Crime was executed during nighttime hours. suspect conducted prior surveillance of the target. suspect demonstrated knowledge of the local area.,5,1
FIR-01130,drug_offense,public_transport,TN,midnight,knife,tunneling,individual,60+,1,0,0,0,insider_help|night_operation|prior_surveillance|planned_operation|evidence_concealment,Insider assistance may have been involved. crime was executed during nighttime hours. suspect conducted prior surveillance of the target. evidence of pre-planned operation. suspect attempted to conceal evidence.,6,1
FIR-01131,kidnapping,parking_lot,KA,morning,firearm,none,individual,60+,0,1,0,0,lone_wolf|use_of_technology,Single offender acted alone. digital tools or devices were used.,9,0
FIR-01132,drug_offense,educational_institution,PB,midnight,none,none,individual,60+,1,1,0,0,local_knowledge|prior_surveillance|escape_vehicle_used|opportunistic|psychological_manipulation,Suspect demonstrated knowledge of the local area. suspect conducted prior surveillance of the target. suspect escaped using a vehicle. crime appears to be opportunistic in nature. victim was manipulated psychologically.,4,1
FIR-01133,assault,bank_premises,TS,midnight,none,none,individual,36-45,0,0,1,0,multiple_offenders|planned_operation,Multiple offenders participated. evidence of pre-planned operation.,5,1
FIR-01134,assault,parking_lot,BR,afternoon,none,forced_entry,individual,46-60,1,0,1,0,repeat_target|planned_operation,Location or victim was targeted previously. evidence of pre-planned operation.,5,0
FIR-01135,robbery,industrial_area,TN,night,knife,social_engineering,financial_institution,juvenile,0,1,0,0,use_of_disguise|psychological_manipulation|local_knowledge,Suspect used a disguise to conceal identity. victim was manipulated psychologically. suspect demonstrated knowledge of the local area.,8,1
FIR-01136,robbery,parking_lot,PB,evening,firearm,social_engineering,individual,26-35,0,0,1,0,prior_surveillance|opportunistic|repeat_target,Suspect conducted prior surveillance of the target. crime appears to be opportunistic in nature. location or victim was targeted previously.,9,0
FIR-01137,vehicle_theft,commercial_zone,KL,early_morning,none,window_break,commercial_establishment,36-45,0,2,0,0,evidence_concealment|use_of_technology|multiple_offenders|prior_surveillance|planned_operation,Suspect attempted to conceal evidence. digital tools or devices were used. multiple offenders participated. suspect conducted prior surveillance of the target. evidence of pre-planned operation.,5,0
FIR-01138,robbery,industrial_area,MP,evening,blunt_object,none,multiple,60+,1,1,0,0,planned_operation|insider_help,Evidence of pre-planned operation. insider assistance may have been involved.,7,0
FIR-01139,vandalism,bank_premises,MP,evening,blunt_object,none,commercial_establishment,juvenile,0,0,1,0,lone_wolf|use_of_disguise,Single offender acted alone. suspect used a disguise to conceal identity.,4,1
FIR-01140,drug_offense,marketplace,MP,midnight,none,unlocked_door,individual,18-25,0,0,1,0,opportunistic|psychological_manipulation|lone_wolf|insider_help,Crime appears to be opportunistic in nature. victim was manipulated psychologically. single offender acted alone. insider assistance may have been involved.,4,1
FIR-01141,drug_offense,highway,MH,early_morning,blunt_object,none,digital_asset,18-25,0,0,1,0,prior_surveillance|night_operation|physical_restraint,Suspect conducted prior surveillance of the target. crime was executed during nighttime hours. victim was physically restrained.,4,1
FIR-01142,vehicle_theft,educational_institution,MP,midnight,improvised_tool,lock_picking,vehicle,26-35,0,0,1,0,prior_surveillance|accomplice_involved|use_of_disguise|evidence_concealment|escape_vehicle_used,Suspect conducted prior surveillance of the target. at least one accomplice was involved in the act. suspect used a disguise to conceal identity. suspect attempted to conceal evidence. suspect escaped using a vehicle.,5,0
FIR-01143,assault,rural_area,MH,night,blunt_object,none,public_space,18-25,1,3,1,0,lone_wolf|planned_operation|multiple_offenders|escape_vehicle_used,Single offender acted alone. evidence of pre-planned operation. multiple offenders participated. suspect escaped using a vehicle.,7,1
FIR-01144,burglary,public_transport,HR,midnight,blunt_object,lock_picking,commercial_establishment,60+,1,0,0,0,lone_wolf|local_knowledge,Single offender acted alone. suspect demonstrated knowledge of the local area.,6,1
FIR-01145,kidnapping,marketplace,MP,afternoon,firearm,unlocked_door,individual,18-25,1,3,1,0,multiple_offenders|use_of_disguise|night_operation|lone_wolf|evidence_concealment,Multiple offenders participated. suspect used a disguise to conceal identity. crime was executed during nighttime hours. single offender acted alone. suspect attempted to conceal evidence.,9,1
FIR-01146,vandalism,industrial_area,KL,night,chemical,none,public_space,18-25,1,0,0,0,opportunistic|physical_restraint|use_of_technology|planned_operation,Crime appears to be opportunistic in nature. victim was physically restrained. digital tools or devices were used. evidence of pre-planned operation.,3,1
FIR-01147,kidnapping,highway,AP,morning,firearm,roof_access,individual,46-60,0,1,1,0,insider_help|night_operation|opportunistic,Insider assistance may have been involved. crime was executed during nighttime hours. crime appears to be opportunistic in nature.,10,0
FIR-01148,drug_offense,public_transport,MP,early_morning,knife,none,individual,26-35,1,0,0,0,insider_help|accomplice_involved|opportunistic|night_operation,Insider assistance may have been involved. at least one accomplice was involved in the act. crime appears to be opportunistic in nature. crime was executed during nighttime hours.,6,1
FIR-01149,assault,highway,PB,evening,chemical,none,individual,18-25,0,0,1,0,physical_restraint|escape_vehicle_used,Victim was physically restrained. suspect escaped using a vehicle.,5,0
FIR-01150,vandalism,bank_premises,UP,midnight,chemical,none,government_property,36-45,1,1,1,0,psychological_manipulation|multiple_offenders|evidence_concealment|planned_operation|repeat_target,Victim was manipulated psychologically. multiple offenders participated. suspect attempted to conceal evidence. evidence of pre-planned operation. location or victim was targeted previously.,4,1
FIR-01151,burglary,highway,AP,night,none,forced_entry,commercial_establishment,36-45,0,0,0,0,use_of_technology|evidence_concealment,Digital tools or devices were used. suspect attempted to conceal evidence.,6,0
FIR-01152,fraud,marketplace,RJ,morning,none,lock_picking,individual,46-60,1,1,0,1,psychological_manipulation|insider_help|use_of_disguise|local_knowledge|evidence_concealment,Victim was manipulated psychologically. insider assistance may have been involved. suspect used a disguise to conceal identity. suspect demonstrated knowledge of the local area. suspect attempted to conceal evidence.,8,0
FIR-01153,cybercrime,public_transport,TS,afternoon,vehicle,cyber_access,digital_asset,36-45,0,0,0,1,night_operation|prior_surveillance|lone_wolf|insider_help|local_knowledge,Crime was executed during nighttime hours. suspect conducted prior surveillance of the target. single offender acted alone. insider assistance may have been involved. suspect demonstrated knowledge of the local area.,6,0
FIR-01154,murder,residential_area,KL,afternoon,blunt_object,forced_entry,commercial_establishment,18-25,1,1,0,0,planned_operation|use_of_technology,Evidence of pre-planned operation. digital tools or devices were used.,9,0
FIR-01155,vehicle_theft,educational_institution,RJ,night,improvised_tool,window_break,vehicle,36-45,1,1,1,0,repeat_target|local_knowledge|night_operation|opportunistic|accomplice_involved,Location or victim was targeted previously. suspect demonstrated knowledge of the local area. crime was executed during nighttime hours. crime appears to be opportunistic in nature. at least one accomplice was involved in the act.,3,0
FIR-01156,fraud,commercial_zone,KL,morning,none,forced_entry,vehicle,36-45,1,1,0,1,escape_vehicle_used|accomplice_involved|repeat_target,Suspect escaped using a vehicle. at least one accomplice was involved in the act. location or victim was targeted previously.,6,1
FIR-01157,vandalism,commercial_zone,BR,night,improvised_tool,unlocked_door,government_property,26-35,0,0,0,0,use_of_technology|escape_vehicle_used|local_knowledge|physical_restraint,Digital tools or devices were used. suspect escaped using a vehicle. suspect demonstrated knowledge of the local area. victim was physically restrained.,3,1
FIR-01158,kidnapping,educational_institution,BR,afternoon,firearm,forced_entry,individual,26-35,1,0,0,0,prior_surveillance|local_knowledge|night_operation|physical_restraint,Suspect conducted prior surveillance of the target. suspect demonstrated knowledge of the local area. crime was executed during nighttime hours. victim was physically restrained.,10,0
FIR-01159,robbery,public_transport,GJ,early_morning,knife,social_engineering,individual,46-60,0,4,0,0,use_of_technology|psychological_manipulation|escape_vehicle_used|multiple_offenders|prior_surveillance,Digital tools or devices were used. victim was manipulated psychologically. suspect escaped using a vehicle. multiple offenders participated. suspect conducted prior surveillance of the target.,9,0
FIR-01160,assault,parking_lot,PB,evening,knife,none,individual,18-25,1,0,1,0,psychological_manipulation|escape_vehicle_used|planned_operation,Victim was manipulated psychologically. suspect escaped using a vehicle. evidence of pre-planned operation.,5,1
FIR-01161,cybercrime,parking_lot,WB,morning,rope,cyber_access,individual,46-60,0,0,0,1,opportunistic|prior_surveillance,Crime appears to be opportunistic in nature. suspect conducted prior surveillance of the target.,6,0
FIR-01162,drug_offense,highway,DL,midnight,firearm,none,individual,36-45,1,0,0,0,psychological_manipulation|use_of_technology|prior_surveillance|opportunistic,Victim was manipulated psychologically. digital tools or devices were used. suspect conducted prior surveillance of the target. crime appears to be opportunistic in nature.,5,1
FIR-01163,robbery,public_transport,BR,evening,blunt_object,social_engineering,financial_institution,46-60,0,1,1,0,evidence_concealment|insider_help,Suspect attempted to conceal evidence. insider assistance may have been involved.,8,0
FIR-01164,murder,educational_institution,KL,early_morning,none,social_engineering,individual,36-45,1,1,1,0,insider_help|physical_restraint|repeat_target|planned_operation,Insider assistance may have been involved. victim was physically restrained. location or victim was targeted previously. evidence of pre-planned operation.,10,0
FIR-01165,assault,industrial_area,RJ,morning,vehicle,none,individual,60+,1,0,0,0,prior_surveillance|use_of_disguise|opportunistic|insider_help,Suspect conducted prior surveillance of the target. suspect used a disguise to conceal identity. crime appears to be opportunistic in nature. insider assistance may have been involved.,6,0
FIR-01166,kidnapping,highway,GJ,morning,firearm,none,individual,juvenile,1,4,0,0,multiple_offenders|repeat_target,Multiple offenders participated. location or victim was targeted previously.,10,0
FIR-01167,burglary,residential_area,GJ,night,knife,forced_entry,financial_institution,18-25,1,1,1,0,psychological_manipulation|use_of_disguise|escape_vehicle_used|night_operation,Victim was manipulated psychologically. suspect used a disguise to conceal identity. suspect escaped using a vehicle. crime was executed during nighttime hours.,6,0
FIR-01168,vandalism,bank_premises,MH,night,knife,none,commercial_establishment,36-45,1,2,0,0,escape_vehicle_used|lone_wolf|multiple_offenders|insider_help|repeat_target,Suspect escaped using a vehicle. single offender acted alone. multiple offenders participated. insider assistance may have been involved. location or victim was targeted previously.,3,1
FIR-01169,burglary,bank_premises,KL,midnight,none,lock_picking,household,juvenile,0,1,1,0,escape_vehicle_used|psychological_manipulation|opportunistic|use_of_technology|night_operation,Suspect escaped using a vehicle. victim was manipulated psychologically. crime appears to be opportunistic in nature. digital tools or devices were used. crime was executed during nighttime hours.,6,1
FIR-01170,kidnapping,rural_area,RJ,morning,knife,social_engineering,individual,60+,1,2,1,0,multiple_offenders|accomplice_involved|local_knowledge,Multiple offenders participated. at least one accomplice was involved in the act. suspect demonstrated knowledge of the local area.,8,1
FIR-01171,burglary,residential_area,TN,midnight,blunt_object,window_break,digital_asset,18-25,1,1,0,0,escape_vehicle_used|use_of_technology,Suspect escaped using a vehicle. digital tools or devices were used.,5,1
FIR-01172,burglary,rural_area,MH,night,rope,window_break,household,36-45,1,1,1,0,accomplice_involved|opportunistic|use_of_disguise|multiple_offenders|repeat_target,At least one accomplice was involved in the act. crime appears to be opportunistic in nature. suspect used a disguise to conceal identity. multiple offenders participated. location or victim was targeted previously.,5,1
FIR-01173,cybercrime,rural_area,BR,afternoon,vehicle,cyber_access,individual,60+,0,0,1,1,psychological_manipulation|escape_vehicle_used,Victim was manipulated psychologically. suspect escaped using a vehicle.,6,0
FIR-01174,kidnapping,bank_premises,TN,afternoon,knife,impersonation,individual,18-25,0,1,1,0,use_of_technology|psychological_manipulation|lone_wolf|evidence_concealment|insider_help,Digital tools or devices were used. victim was manipulated psychologically. single offender acted alone. suspect attempted to conceal evidence. insider assistance may have been involved.,8,0
FIR-01175,burglary,residential_area,DL,morning,firearm,cyber_access,household,60+,0,0,0,0,prior_surveillance|physical_restraint|opportunistic,Suspect conducted prior surveillance of the target. victim was physically restrained. crime appears to be opportunistic in nature.,5,1
FIR-01176,assault,educational_institution,MH,afternoon,blunt_object,none,individual,26-35,1,1,1,0,psychological_manipulation|night_operation|local_knowledge,Victim was manipulated psychologically. crime was executed during nighttime hours. suspect demonstrated knowledge of the local area.,6,1
FIR-01177,vandalism,industrial_area,KL,midnight,blunt_object,none,commercial_establishment,18-25,0,0,1,0,repeat_target|prior_surveillance|use_of_disguise|night_operation,Location or victim was targeted previously. suspect conducted prior surveillance of the target. suspect used a disguise to conceal identity. crime was executed during nighttime hours.,2,0
FIR-01178,burglary,marketplace,DL,night,blunt_object,forced_entry,commercial_establishment,60+,0,0,1,0,prior_surveillance|local_knowledge|psychological_manipulation,Suspect conducted prior surveillance of the target. suspect demonstrated knowledge of the local area. victim was manipulated psychologically.,6,1
FIR-01179,cybercrime,parking_lot,DL,morning,improvised_tool,forced_entry,individual,46-60,1,1,0,1,night_operation|prior_surveillance|lone_wolf,Crime was executed during nighttime hours. suspect conducted prior surveillance of the target. single offender acted alone.,5,0
FIR-01180,vehicle_theft,marketplace,WB,night,blunt_object,impersonation,public_space,36-45,1,0,1,0,multiple_offenders|lone_wolf,Multiple offenders participated. single offender acted alone.,5,1
FIR-01181,kidnapping,highway,GJ,midnight,chemical,social_engineering,individual,juvenile,0,0,1,0,physical_restraint|use_of_disguise|psychological_manipulation,Victim was physically restrained. suspect used a disguise to conceal identity. victim was manipulated psychologically.,10,0
FIR-01182,cybercrime,bank_premises,RJ,morning,none,window_break,financial_institution,18-25,0,0,0,1,escape_vehicle_used|physical_restraint|prior_surveillance,Suspect escaped using a vehicle. victim was physically restrained. suspect conducted prior surveillance of the target.,5,0
FIR-01183,burglary,educational_institution,KL,midnight,blunt_object,window_break,commercial_establishment,36-45,1,0,1,0,use_of_technology|opportunistic|physical_restraint|insider_help|psychological_manipulation,Digital tools or devices were used. crime appears to be opportunistic in nature. victim was physically restrained. insider assistance may have been involved. victim was manipulated psychologically.,5,1
FIR-01184,vandalism,parking_lot,AP,midnight,chemical,none,government_property,60+,0,1,0,0,prior_surveillance|multiple_offenders|repeat_target|physical_restraint,Suspect conducted prior surveillance of the target. multiple offenders participated. location or victim was targeted previously. victim was physically restrained.,4,0
FIR-01185,kidnapping,highway,UP,evening,firearm,none,government_property,juvenile,1,1,0,0,night_operation|opportunistic,Crime was executed during nighttime hours. crime appears to be opportunistic in nature.,10,0
FIR-01186,cybercrime,parking_lot,KL,evening,none,cyber_access,digital_asset,46-60,0,3,1,1,physical_restraint|use_of_disguise|multiple_offenders|psychological_manipulation|lone_wolf,Victim was physically restrained. suspect used a disguise to conceal identity. multiple offenders participated. victim was manipulated psychologically. single offender acted alone.,6,1
FIR-01187,robbery,residential_area,TS,night,blunt_object,none,financial_institution,26-35,0,0,1,0,use_of_disguise|planned_operation|use_of_technology|prior_surveillance,Suspect used a disguise to conceal identity. evidence of pre-planned operation. digital tools or devices were used. suspect conducted prior surveillance of the target.,7,1
FIR-01188,vandalism,marketplace,KA,midnight,chemical,none,public_space,46-60,0,1,0,0,planned_operation|lone_wolf|psychological_manipulation|use_of_technology|night_operation,Evidence of pre-planned operation. single offender acted alone. victim was manipulated psychologically. digital tools or devices were used. crime was executed during nighttime hours.,4,0
FIR-01189,vehicle_theft,highway,MH,night,none,lock_picking,vehicle,18-25,1,1,1,0,escape_vehicle_used|lone_wolf|opportunistic|evidence_concealment,Suspect escaped using a vehicle. single offender acted alone. crime appears to be opportunistic in nature. suspect attempted to conceal evidence.,5,1
FIR-01190,fraud,educational_institution,RJ,afternoon,vehicle,impersonation,individual,36-45,1,1,0,1,accomplice_involved|planned_operation,At least one accomplice was involved in the act. evidence of pre-planned operation.,7,1
FIR-01191,cybercrime,educational_institution,KA,afternoon,none,cyber_access,digital_asset,26-35,1,1,0,1,physical_restraint|prior_surveillance|use_of_disguise|local_knowledge|night_operation,Victim was physically restrained. suspect conducted prior surveillance of the target. suspect used a disguise to conceal identity. suspect demonstrated knowledge of the local area. crime was executed during nighttime hours.,5,1
FIR-01192,drug_offense,highway,MH,afternoon,improvised_tool,forced_entry,individual,18-25,0,0,0,0,use_of_technology|use_of_disguise|night_operation|evidence_concealment,Digital tools or devices were used. suspect used a disguise to conceal identity. crime was executed during nighttime hours. suspect attempted to conceal evidence.,4,1
FIR-01193,fraud,educational_institution,AP,night,none,social_engineering,financial_institution,60+,1,3,0,1,use_of_disguise|multiple_offenders|physical_restraint|insider_help|lone_wolf,Suspect used a disguise to conceal identity. multiple offenders participated. victim was physically restrained. insider assistance may have been involved. single offender acted alone.,8,1
FIR-01194,cybercrime,residential_area,GJ,morning,none,cyber_access,individual,26-35,0,2,0,1,planned_operation|opportunistic|local_knowledge|multiple_offenders|evidence_concealment,Evidence of pre-planned operation. crime appears to be opportunistic in nature. suspect demonstrated knowledge of the local area. multiple offenders participated. suspect attempted to conceal evidence.,5,0
FIR-01195,vandalism,residential_area,TS,night,none,none,infrastructure,18-25,0,0,0,0,opportunistic|escape_vehicle_used,Crime appears to be opportunistic in nature. suspect escaped using a vehicle.,3,0
FIR-01196,vehicle_theft,parking_lot,WB,afternoon,blunt_object,roof_access,vehicle,juvenile,1,1,1,0,repeat_target|prior_surveillance|night_operation|accomplice_involved,Location or victim was targeted previously. suspect conducted prior surveillance of the target. crime was executed during nighttime hours. at least one accomplice was involved in the act.,4,1
FIR-01197,cybercrime,bank_premises,KL,afternoon,firearm,cyber_access,digital_asset,36-45,1,0,1,1,planned_operation|prior_surveillance|use_of_technology,Evidence of pre-planned operation. suspect conducted prior surveillance of the target. digital tools or devices were used.,6,1
FIR-01198,drug_offense,industrial_area,MH,midnight,knife,none,individual,36-45,0,1,1,0,local_knowledge|escape_vehicle_used|physical_restraint|evidence_concealment,Suspect demonstrated knowledge of the local area. suspect escaped using a vehicle. victim was physically restrained. suspect attempted to conceal evidence.,5,1
FIR-01199,cybercrime,parking_lot,TS,morning,none,cyber_access,digital_asset,18-25,0,0,1,1,escape_vehicle_used|accomplice_involved,Suspect escaped using a vehicle. at least one accomplice was involved in the act.,6,0
FIR-01200,drug_offense,parking_lot,AP,midnight,vehicle,impersonation,public_space,46-60,0,1,0,0,repeat_target|night_operation|use_of_disguise|insider_help|escape_vehicle_used,Location or victim was targeted previously. crime was executed during nighttime hours. suspect used a disguise to conceal identity. insider assistance may have been involved. suspect escaped using a vehicle.,6,1
FIR-01201,murder,residential_area,PB,evening,none,none,individual,60+,0,3,0,0,psychological_manipulation|multiple_offenders|repeat_target|local_knowledge|escape_vehicle_used,Victim was manipulated psychologically. multiple offenders participated. location or victim was targeted previously. suspect demonstrated knowledge of the local area. suspect escaped using a vehicle.,10,0
FIR-01202,drug_offense,highway,GJ,midnight,knife,roof_access,public_space,36-45,1,3,0,0,accomplice_involved|multiple_offenders,At least one accomplice was involved in the act. multiple offenders participated.,4,1
FIR-01203,fraud,highway,RJ,afternoon,none,social_engineering,financial_institution,18-25,0,0,0,1,use_of_technology|evidence_concealment|lone_wolf,Digital tools or devices were used. suspect attempted to conceal evidence. single offender acted alone.,6,0
FIR-01204,burglary,rural_area,DL,midnight,none,forced_entry,household,60+,0,1,0,0,repeat_target|lone_wolf,Location or victim was targeted previously. single offender acted alone.,7,0
FIR-01205,drug_offense,commercial_zone,WB,early_morning,knife,none,individual,juvenile,0,1,0,0,evidence_concealment|local_knowledge|use_of_disguise,Suspect attempted to conceal evidence. suspect demonstrated knowledge of the local area. suspect used a disguise to conceal identity.,4,1
FIR-01206,vehicle_theft,rural_area,RJ,early_morning,improvised_tool,unlocked_door,financial_institution,juvenile,0,2,1,0,multiple_offenders|evidence_concealment|use_of_technology|local_knowledge|escape_vehicle_used,Multiple offenders participated. suspect attempted to conceal evidence. digital tools or devices were used. suspect demonstrated knowledge of the local area. suspect escaped using a vehicle.,3,0
FIR-01207,murder,rural_area,MH,midnight,none,none,individual,60+,0,1,0,0,lone_wolf|psychological_manipulation|prior_surveillance|opportunistic,Single offender acted alone. victim was manipulated psychologically. suspect conducted prior surveillance of the target. crime appears to be opportunistic in nature.,9,1
FIR-01208,drug_offense,educational_institution,KA,midnight,none,none,individual,juvenile,0,1,0,0,night_operation|local_knowledge,Crime was executed during nighttime hours. suspect demonstrated knowledge of the local area.,4,1
FIR-01209,vehicle_theft,parking_lot,WB,midnight,none,unlocked_door,vehicle,60+,0,1,1,0,lone_wolf|use_of_technology|prior_surveillance|use_of_disguise|night_operation,Single offender acted alone. digital tools or devices were used. suspect conducted prior surveillance of the target. suspect used a disguise to conceal identity. crime was executed during nighttime hours.,4,0
FIR-01210,kidnapping,highway,PB,afternoon,knife,social_engineering,individual,60+,1,1,1,0,prior_surveillance|accomplice_involved|planned_operation|night_operation,Suspect conducted prior surveillance of the target. at least one accomplice was involved in the act. evidence of pre-planned operation. crime was executed during nighttime hours.,10,0
FIR-01211,vehicle_theft,parking_lot,TS,night,improvised_tool,lock_picking,vehicle,60+,1,0,0,0,insider_help|accomplice_involved|use_of_technology|planned_operation|multiple_offenders,Insider assistance may have been involved. at least one accomplice was involved in the act. digital tools or devices were used. evidence of pre-planned operation. multiple offenders participated.,3,1
FIR-01212,vandalism,commercial_zone,PB,afternoon,blunt_object,none,public_space,36-45,0,0,1,0,use_of_disguise|use_of_technology|opportunistic|psychological_manipulation,Suspect used a disguise to conceal identity. digital tools or devices were used. crime appears to be opportunistic in nature. victim was manipulated psychologically.,4,0
FIR-01213,kidnapping,highway,KL,afternoon,knife,window_break,government_property,18-25,1,0,1,0,physical_restraint|psychological_manipulation|accomplice_involved|lone_wolf,Victim was physically restrained. victim was manipulated psychologically. at least one accomplice was involved in the act. single offender acted alone.,10,0
FIR-01214,robbery,highway,MP,midnight,firearm,none,individual,46-60,1,3,1,0,night_operation|evidence_concealment|local_knowledge|multiple_offenders,Crime was executed during nighttime hours. suspect attempted to conceal evidence. suspect demonstrated knowledge of the local area. multiple offenders participated.,8,1
FIR-01215,burglary,parking_lot,PB,afternoon,blunt_object,none,household,60+,1,0,1,0,physical_restraint|psychological_manipulation|lone_wolf|night_operation|local_knowledge,Victim was physically restrained. victim was manipulated psychologically. single offender acted alone. crime was executed during nighttime hours. suspect demonstrated knowledge of the local area.,5,0
FIR-01216,fraud,highway,WB,midnight,blunt_object,impersonation,individual,36-45,0,3,0,1,multiple_offenders|planned_operation|lone_wolf|accomplice_involved|prior_surveillance,Multiple offenders participated. evidence of pre-planned operation. single offender acted alone. at least one accomplice was involved in the act. suspect conducted prior surveillance of the target.,7,1
FIR-01217,cybercrime,bank_premises,DL,morning,none,cyber_access,individual,juvenile,0,1,1,1,lone_wolf|planned_operation|use_of_technology,Single offender acted alone. evidence of pre-planned operation. digital tools or devices were used.,5,1
FIR-01218,vandalism,educational_institution,DL,early_morning,improvised_tool,none,public_space,36-45,1,0,1,0,opportunistic|night_operation,Crime appears to be opportunistic in nature. crime was executed during nighttime hours.,3,1
FIR-01219,cybercrime,bank_premises,TN,afternoon,none,cyber_access,household,36-45,0,1,1,1,local_knowledge|night_operation|accomplice_involved,Suspect demonstrated knowledge of the local area. crime was executed during nighttime hours. at least one accomplice was involved in the act.,5,0
FIR-01220,fraud,commercial_zone,AP,morning,none,impersonation,government_property,26-35,1,1,0,1,psychological_manipulation|prior_surveillance|use_of_disguise,Victim was manipulated psychologically. suspect conducted prior surveillance of the target. suspect used a disguise to conceal identity.,7,0
FIR-01221,vehicle_theft,bank_premises,TN,afternoon,rope,window_break,vehicle,46-60,0,2,1,0,evidence_concealment|local_knowledge|night_operation|multiple_offenders,Suspect attempted to conceal evidence. suspect demonstrated knowledge of the local area. crime was executed during nighttime hours. multiple offenders participated.,4,1
FIR-01222,robbery,bank_premises,WB,midnight,knife,none,financial_institution,46-60,0,1,1,0,planned_operation|accomplice_involved|use_of_disguise|escape_vehicle_used,Evidence of pre-planned operation. at least one accomplice was involved in the act. suspect used a disguise to conceal identity. suspect escaped using a vehicle.,7,1
FIR-01223,vehicle_theft,bank_premises,MH,early_morning,none,lock_picking,vehicle,juvenile,1,0,1,0,insider_help|accomplice_involved|repeat_target|night_operation|physical_restraint,Insider assistance may have been involved. at least one accomplice was involved in the act. location or victim was targeted previously. crime was executed during nighttime hours. victim was physically restrained.,3,1
FIR-01224,vehicle_theft,bank_premises,DL,early_morning,knife,lock_picking,vehicle,36-45,1,1,0,0,psychological_manipulation|planned_operation|repeat_target|use_of_disguise|opportunistic,Victim was manipulated psychologically. evidence of pre-planned operation. location or victim was targeted previously. suspect used a disguise to conceal identity. crime appears to be opportunistic in nature.,3,1
FIR-01225,assault,industrial_area,KL,night,firearm,none,individual,60+,1,1,1,0,accomplice_involved|prior_surveillance|use_of_disguise|night_operation|lone_wolf,At least one accomplice was involved in the act. suspect conducted prior surveillance of the target. suspect used a disguise to conceal identity. crime was executed during nighttime hours. single offender acted alone.,7,1
FIR-01226,fraud,residential_area,RJ,early_morning,none,social_engineering,individual,36-45,0,0,0,1,psychological_manipulation|accomplice_involved,Victim was manipulated psychologically. at least one accomplice was involved in the act.,8,1
FIR-01227,robbery,industrial_area,KA,evening,blunt_object,none,individual,18-25,1,0,1,0,insider_help|multiple_offenders|physical_restraint|use_of_disguise,Insider assistance may have been involved. multiple offenders participated. victim was physically restrained. suspect used a disguise to conceal identity.,7,1
FIR-01228,kidnapping,bank_premises,TN,morning,firearm,none,government_property,26-35,1,0,1,0,planned_operation|night_operation,Evidence of pre-planned operation. crime was executed during nighttime hours.,9,0
FIR-01229,robbery,industrial_area,KA,morning,firearm,social_engineering,financial_institution,18-25,1,0,1,0,physical_restraint|local_knowledge|lone_wolf|repeat_target|evidence_concealment,Victim was physically restrained. suspect demonstrated knowledge of the local area. single offender acted alone. location or victim was targeted previously. suspect attempted to conceal evidence.,7,1
FIR-01230,vandalism,highway,TS,midnight,none,none,financial_institution,36-45,0,1,0,0,use_of_technology|psychological_manipulation|physical_restraint,Digital tools or devices were used. victim was manipulated psychologically. victim was physically restrained.,4,0
FIR-01231,vandalism,rural_area,AP,night,blunt_object,none,digital_asset,26-35,0,0,1,0,evidence_concealment|local_knowledge|planned_operation|use_of_disguise,Suspect attempted to conceal evidence. suspect demonstrated knowledge of the local area. evidence of pre-planned operation. suspect used a disguise to conceal identity.,2,1
FIR-01232,kidnapping,industrial_area,BR,afternoon,knife,social_engineering,vehicle,26-35,1,0,1,0,local_knowledge|planned_operation|escape_vehicle_used|opportunistic,Suspect demonstrated knowledge of the local area. evidence of pre-planned operation. suspect escaped using a vehicle. crime appears to be opportunistic in nature.,9,0
FIR-01233,assault,marketplace,UP,night,blunt_object,none,individual,46-60,1,1,0,0,evidence_concealment|accomplice_involved|use_of_disguise|psychological_manipulation,Suspect attempted to conceal evidence. at least one accomplice was involved in the act. suspect used a disguise to conceal identity. victim was manipulated psychologically.,7,1
FIR-01234,drug_offense,public_transport,AP,afternoon,knife,none,public_space,60+,1,1,0,0,local_knowledge|escape_vehicle_used,Suspect demonstrated knowledge of the local area. suspect escaped using a vehicle.,5,1
FIR-01235,vandalism,bank_premises,TN,night,none,none,public_space,60+,0,1,0,0,prior_surveillance|night_operation,Suspect conducted prior surveillance of the target. crime was executed during nighttime hours.,2,1
FIR-01236,kidnapping,marketplace,BR,evening,chemical,none,individual,46-60,0,0,0,0,local_knowledge|escape_vehicle_used|repeat_target,Suspect demonstrated knowledge of the local area. suspect escaped using a vehicle. location or victim was targeted previously.,8,0
FIR-01237,cybercrime,educational_institution,KL,morning,improvised_tool,cyber_access,financial_institution,18-25,0,1,0,1,local_knowledge|multiple_offenders|escape_vehicle_used,Suspect demonstrated knowledge of the local area. multiple offenders participated. suspect escaped using a vehicle.,5,1
FIR-01238,vandalism,residential_area,RJ,night,none,roof_access,public_space,18-25,0,1,1,0,use_of_disguise|psychological_manipulation|accomplice_involved|evidence_concealment,Suspect used a disguise to conceal identity. victim was manipulated psychologically. at least one accomplice was involved in the act. suspect attempted to conceal evidence.,4,0
FIR-01239,vandalism,public_transport,DL,midnight,chemical,none,public_space,46-60,1,0,1,0,night_operation|use_of_disguise|opportunistic|local_knowledge|physical_restraint,Crime was executed during nighttime hours. suspect used a disguise to conceal identity. crime appears to be opportunistic in nature. suspect demonstrated knowledge of the local area. victim was physically restrained.,3,1
FIR-01240,vandalism,highway,TS,night,improvised_tool,none,commercial_establishment,36-45,0,1,0,0,night_operation|repeat_target|prior_surveillance|physical_restraint,Crime was executed during nighttime hours. location or victim was targeted previously. suspect conducted prior surveillance of the target. victim was physically restrained.,4,0
FIR-01241,burglary,commercial_zone,MH,evening,blunt_object,forced_entry,household,36-45,0,0,0,0,prior_surveillance|evidence_concealment,Suspect conducted prior surveillance of the target. suspect attempted to conceal evidence.,7,0
FIR-01242,assault,parking_lot,MH,night,none,lock_picking,household,46-60,1,2,1,0,night_operation|multiple_offenders|local_knowledge,Crime was executed during nighttime hours. multiple offenders participated. suspect demonstrated knowledge of the local area.,7,1
FIR-01243,drug_offense,parking_lot,DL,night,none,none,public_space,60+,0,0,1,0,planned_operation|lone_wolf,Evidence of pre-planned operation. single offender acted alone.,4,1
FIR-01244,murder,parking_lot,KA,evening,knife,cyber_access,household,60+,0,0,0,0,repeat_target|evidence_concealment,Location or victim was targeted previously. suspect attempted to conceal evidence.,10,0
FIR-01245,drug_offense,rural_area,BR,early_morning,knife,none,government_property,18-25,0,1,1,0,planned_operation|evidence_concealment,Evidence of pre-planned operation. suspect attempted to conceal evidence.,6,1
FIR-01246,kidnapping,educational_institution,DL,afternoon,firearm,none,individual,46-60,0,0,1,0,night_operation|local_knowledge|physical_restraint|repeat_target|use_of_disguise,Crime was executed during nighttime hours. suspect demonstrated knowledge of the local area. victim was physically restrained. location or victim was targeted previously. suspect used a disguise to conceal identity.,8,1
FIR-01247,cybercrime,parking_lot,RJ,early_morning,none,lock_picking,financial_institution,60+,0,1,0,1,local_knowledge|accomplice_involved|planned_operation,Suspect demonstrated knowledge of the local area. at least one accomplice was involved in the act. evidence of pre-planned operation.,5,0
FIR-01248,fraud,commercial_zone,WB,afternoon,none,lock_picking,financial_institution,60+,0,0,0,1,escape_vehicle_used|planned_operation|lone_wolf|physical_restraint,Suspect escaped using a vehicle. evidence of pre-planned operation. single offender acted alone. victim was physically restrained.,8,1
FIR-01249,burglary,bank_premises,BR,midnight,rope,lock_picking,commercial_establishment,26-35,1,1,1,0,lone_wolf|psychological_manipulation|escape_vehicle_used,Single offender acted alone. victim was manipulated psychologically. suspect escaped using a vehicle.,5,1
FIR-01250,assault,commercial_zone,PB,afternoon,blunt_object,none,individual,26-35,0,4,1,0,night_operation|multiple_offenders|evidence_concealment|prior_surveillance,Crime was executed during nighttime hours. multiple offenders participated. suspect attempted to conceal evidence. suspect conducted prior surveillance of the target.,6,0
FIR-01251,assault,highway,AP,afternoon,knife,none,digital_asset,46-60,1,1,0,0,night_operation|insider_help|use_of_disguise|use_of_technology,Crime was executed during nighttime hours. insider assistance may have been involved. suspect used a disguise to conceal identity. digital tools or devices were used.,6,1
FIR-01252,vehicle_theft,industrial_area,UP,night,none,lock_picking,vehicle,46-60,1,4,1,0,evidence_concealment|opportunistic|multiple_offenders|use_of_disguise,Suspect attempted to conceal evidence. crime appears to be opportunistic in nature. multiple offenders participated. suspect used a disguise to conceal identity.,4,1
FIR-01253,burglary,commercial_zone,GJ,night,none,window_break,household,18-25,0,0,0,0,planned_operation|opportunistic|local_knowledge|insider_help,Evidence of pre-planned operation. crime appears to be opportunistic in nature. suspect demonstrated knowledge of the local area. insider assistance may have been involved.,5,0
FIR-01254,kidnapping,marketplace,TN,evening,none,tunneling,multiple,46-60,1,1,1,0,use_of_disguise|prior_surveillance,Suspect used a disguise to conceal identity. suspect conducted prior surveillance of the target.,8,0
FIR-01255,vehicle_theft,educational_institution,WB,early_morning,none,lock_picking,household,26-35,0,0,0,0,physical_restraint|escape_vehicle_used|psychological_manipulation|use_of_disguise|use_of_technology,Victim was physically restrained. suspect escaped using a vehicle. victim was manipulated psychologically. suspect used a disguise to conceal identity. digital tools or devices were used.,3,1
FIR-01256,kidnapping,industrial_area,TN,afternoon,firearm,none,individual,juvenile,0,1,1,0,use_of_technology|lone_wolf|night_operation|escape_vehicle_used|planned_operation,Digital tools or devices were used. single offender acted alone. crime was executed during nighttime hours. suspect escaped using a vehicle. evidence of pre-planned operation.,8,0
FIR-01257,drug_offense,bank_premises,UP,midnight,knife,tunneling,individual,26-35,0,0,1,0,multiple_offenders|physical_restraint,Multiple offenders participated. victim was physically restrained.,6,0
FIR-01258,fraud,rural_area,WB,night,none,impersonation,digital_asset,36-45,1,1,1,1,use_of_technology|opportunistic|insider_help|prior_surveillance|accomplice_involved,Digital tools or devices were used. crime appears to be opportunistic in nature. insider assistance may have been involved. suspect conducted prior surveillance of the target. at least one accomplice was involved in the act.,6,1
FIR-01259,robbery,public_transport,MH,evening,blunt_object,none,financial_institution,60+,0,1,1,0,evidence_concealment|escape_vehicle_used|planned_operation,Suspect attempted to conceal evidence. suspect escaped using a vehicle. evidence of pre-planned operation.,7,0
FIR-01260,cybercrime,industrial_area,KL,afternoon,none,social_engineering,individual,18-25,1,1,0,1,opportunistic|night_operation|repeat_target|use_of_technology,Crime appears to be opportunistic in nature. crime was executed during nighttime hours. location or victim was targeted previously. digital tools or devices were used.,4,1
FIR-01261,murder,bank_premises,GJ,afternoon,firearm,forced_entry,individual,26-35,0,1,0,0,local_knowledge|use_of_disguise,Suspect demonstrated knowledge of the local area. suspect used a disguise to conceal identity.,10,0
FIR-01262,assault,parking_lot,TS,night,none,none,individual,26-35,0,0,1,0,opportunistic|lone_wolf|night_operation|accomplice_involved,Crime appears to be opportunistic in nature. single offender acted alone. crime was executed during nighttime hours. at least one accomplice was involved in the act.,7,1
FIR-01263,vehicle_theft,marketplace,DL,night,improvised_tool,social_engineering,vehicle,18-25,0,3,1,0,repeat_target|multiple_offenders|use_of_disguise,Location or victim was targeted previously. multiple offenders participated. suspect used a disguise to conceal identity.,3,1
FIR-01264,drug_offense,parking_lot,WB,morning,none,tunneling,digital_asset,18-25,0,0,0,0,local_knowledge|night_operation,Suspect demonstrated knowledge of the local area. crime was executed during nighttime hours.,5,0
FIR-01265,robbery,residential_area,DL,night,firearm,none,individual,36-45,0,0,1,0,night_operation|physical_restraint,Crime was executed during nighttime hours. victim was physically restrained.,7,1
FIR-01266,vandalism,parking_lot,GJ,midnight,chemical,none,commercial_establishment,60+,1,2,1,0,repeat_target|use_of_disguise|multiple_offenders|opportunistic|planned_operation,Location or victim was targeted previously. suspect used a disguise to conceal identity. multiple offenders participated. crime appears to be opportunistic in nature. evidence of pre-planned operation.,4,0
FIR-01267,robbery,public_transport,KA,midnight,firearm,social_engineering,individual,juvenile,0,1,1,0,planned_operation|use_of_disguise|escape_vehicle_used|night_operation,Evidence of pre-planned operation. suspect used a disguise to conceal identity. suspect escaped using a vehicle. crime was executed during nighttime hours.,8,1
FIR-01268,drug_offense,residential_area,DL,afternoon,knife,none,public_space,60+,0,1,1,0,planned_operation|psychological_manipulation|physical_restraint|escape_vehicle_used,Evidence of pre-planned operation. victim was manipulated psychologically. victim was physically restrained. suspect escaped using a vehicle.,4,0
FIR-01269,kidnapping,commercial_zone,MH,midnight,chemical,none,individual,18-25,0,4,0,0,use_of_disguise|multiple_offenders|escape_vehicle_used,Suspect used a disguise to conceal identity. multiple offenders participated. suspect escaped using a vehicle.,9,0
FIR-01270,kidnapping,marketplace,MP,evening,firearm,none,individual,60+,0,1,0,0,prior_surveillance|planned_operation|psychological_manipulation|insider_help|multiple_offenders,Suspect conducted prior surveillance of the target. evidence of pre-planned operation. victim was manipulated psychologically. insider assistance may have been involved. multiple offenders participated.,9,0
FIR-01271,assault,bank_premises,KA,night,blunt_object,none,digital_asset,60+,0,4,1,0,multiple_offenders|night_operation|insider_help|accomplice_involved,Multiple offenders participated. crime was executed during nighttime hours. insider assistance may have been involved. at least one accomplice was involved in the act.,5,1
FIR-01272,vehicle_theft,parking_lot,AP,night,improvised_tool,none,financial_institution,46-60,0,1,1,0,insider_help|escape_vehicle_used|lone_wolf,Insider assistance may have been involved. suspect escaped using a vehicle. single offender acted alone.,3,1
FIR-01273,fraud,educational_institution,WB,afternoon,none,social_engineering,infrastructure,juvenile,0,0,0,1,evidence_concealment|planned_operation|opportunistic,Suspect attempted to conceal evidence. evidence of pre-planned operation. crime appears to be opportunistic in nature.,7,0
FIR-01274,burglary,highway,UP,midnight,vehicle,forced_entry,commercial_establishment,26-35,1,1,1,0,escape_vehicle_used|accomplice_involved|local_knowledge,Suspect escaped using a vehicle. at least one accomplice was involved in the act. suspect demonstrated knowledge of the local area.,5,1
FIR-01275,fraud,parking_lot,RJ,morning,none,impersonation,digital_asset,36-45,1,1,1,1,physical_restraint|evidence_concealment|planned_operation|use_of_disguise|local_knowledge,Victim was physically restrained. suspect attempted to conceal evidence. evidence of pre-planned operation. suspect used a disguise to conceal identity. suspect demonstrated knowledge of the local area.,8,1
FIR-01276,robbery,rural_area,MP,midnight,firearm,social_engineering,financial_institution,36-45,0,1,1,0,repeat_target|multiple_offenders,Location or victim was targeted previously. multiple offenders participated.,8,0
FIR-01277,kidnapping,educational_institution,BR,morning,knife,none,individual,60+,1,1,0,0,use_of_disguise|evidence_concealment|physical_restraint,Suspect used a disguise to conceal identity. suspect attempted to conceal evidence. victim was physically restrained.,9,1
FIR-01278,assault,educational_institution,WB,evening,none,none,individual,26-35,0,1,0,0,repeat_target|opportunistic|accomplice_involved|use_of_technology|evidence_concealment,Location or victim was targeted previously. crime appears to be opportunistic in nature. at least one accomplice was involved in the act. digital tools or devices were used. suspect attempted to conceal evidence.,5,0
FIR-01279,vehicle_theft,marketplace,KL,early_morning,none,lock_picking,financial_institution,60+,0,1,1,0,use_of_technology|opportunistic,Digital tools or devices were used. crime appears to be opportunistic in nature.,4,1
FIR-01280,murder,commercial_zone,UP,night,blunt_object,none,individual,juvenile,0,4,1,0,prior_surveillance|multiple_offenders|lone_wolf,Suspect conducted prior surveillance of the target. multiple offenders participated. single offender acted alone.,10,1
FIR-01281,drug_offense,highway,TS,morning,none,none,individual,36-45,0,1,0,0,opportunistic|escape_vehicle_used,Crime appears to be opportunistic in nature. suspect escaped using a vehicle.,5,1
FIR-01282,vehicle_theft,industrial_area,MP,midnight,improvised_tool,unlocked_door,multiple,juvenile,0,1,1,0,use_of_technology|physical_restraint|escape_vehicle_used|prior_surveillance|accomplice_involved,Digital tools or devices were used. victim was physically restrained. suspect escaped using a vehicle. suspect conducted prior surveillance of the target. at least one accomplice was involved in the act.,3,0
FIR-01283,robbery,marketplace,HR,morning,firearm,none,individual,26-35,0,0,1,0,accomplice_involved|night_operation,At least one accomplice was involved in the act. crime was executed during nighttime hours.,9,0
FIR-01284,cybercrime,rural_area,TS,morning,none,cyber_access,individual,juvenile,1,1,1,1,planned_operation|use_of_technology|psychological_manipulation|multiple_offenders,Evidence of pre-planned operation. digital tools or devices were used. victim was manipulated psychologically. multiple offenders participated.,6,1
FIR-01285,cybercrime,bank_premises,RJ,afternoon,none,cyber_access,financial_institution,26-35,1,2,0,1,evidence_concealment|multiple_offenders,Suspect attempted to conceal evidence. multiple offenders participated.,6,0
FIR-01286,robbery,marketplace,DL,night,firearm,social_engineering,individual,60+,1,1,0,0,escape_vehicle_used|use_of_technology,Suspect escaped using a vehicle. digital tools or devices were used.,8,0
FIR-01287,robbery,public_transport,TN,midnight,blunt_object,impersonation,infrastructure,60+,1,0,1,0,evidence_concealment|multiple_offenders,Suspect attempted to conceal evidence. multiple offenders participated.,8,1
FIR-01288,drug_offense,bank_premises,TN,night,knife,none,individual,26-35,1,0,1,0,insider_help|physical_restraint|psychological_manipulation,Insider assistance may have been involved. victim was physically restrained. victim was manipulated psychologically.,6,1
FIR-01289,assault,commercial_zone,GJ,afternoon,improvised_tool,none,individual,60+,0,0,0,0,multiple_offenders|planned_operation|use_of_technology|insider_help,Multiple offenders participated. evidence of pre-planned operation. digital tools or devices were used. insider assistance may have been involved.,5,0
FIR-01290,burglary,educational_institution,DL,midnight,blunt_object,lock_picking,household,26-35,0,1,1,0,opportunistic|evidence_concealment,Crime appears to be opportunistic in nature. suspect attempted to conceal evidence.,7,1
FIR-01291,kidnapping,industrial_area,PB,morning,knife,social_engineering,individual,60+,1,3,1,0,insider_help|use_of_technology|multiple_offenders|escape_vehicle_used|use_of_disguise,Insider assistance may have been involved. digital tools or devices were used. multiple offenders participated. suspect escaped using a vehicle. suspect used a disguise to conceal identity.,9,0
FIR-01292,robbery,public_transport,HR,evening,blunt_object,social_engineering,financial_institution,juvenile,0,0,0,0,lone_wolf|evidence_concealment,Single offender acted alone. suspect attempted to conceal evidence.,7,1
FIR-01293,cybercrime,marketplace,TS,afternoon,none,cyber_access,individual,60+,1,1,0,1,night_operation|local_knowledge|physical_restraint|lone_wolf|escape_vehicle_used,Crime was executed during nighttime hours. suspect demonstrated knowledge of the local area. victim was physically restrained. single offender acted alone. suspect escaped using a vehicle.,4,0
FIR-01294,kidnapping,parking_lot,KL,evening,knife,social_engineering,individual,46-60,0,1,0,0,planned_operation|repeat_target|local_knowledge,Evidence of pre-planned operation. location or victim was targeted previously. suspect demonstrated knowledge of the local area.,8,0
FIR-01295,assault,parking_lot,KL,afternoon,knife,impersonation,individual,18-25,1,0,1,0,use_of_disguise|local_knowledge,Suspect used a disguise to conceal identity. suspect demonstrated knowledge of the local area.,7,1
FIR-01296,burglary,commercial_zone,MH,midnight,none,forced_entry,household,26-35,0,1,0,0,accomplice_involved|evidence_concealment,At least one accomplice was involved in the act. suspect attempted to conceal evidence.,5,1
FIR-01297,burglary,rural_area,WB,night,none,window_break,commercial_establishment,46-60,0,0,1,0,insider_help|opportunistic|repeat_target,Insider assistance may have been involved. crime appears to be opportunistic in nature. location or victim was targeted previously.,7,1
FIR-01298,murder,highway,BR,night,firearm,forced_entry,individual,18-25,0,1,0,0,local_knowledge|multiple_offenders|repeat_target|psychological_manipulation|night_operation,Suspect demonstrated knowledge of the local area. multiple offenders participated. location or victim was targeted previously. victim was manipulated psychologically. crime was executed during nighttime hours.,9,0
FIR-01299,murder,bank_premises,KA,evening,blunt_object,forced_entry,individual,26-35,0,0,0,0,evidence_concealment|psychological_manipulation|use_of_disguise,Suspect attempted to conceal evidence. victim was manipulated psychologically. suspect used a disguise to conceal identity.,9,0
FIR-01300,burglary,bank_premises,KA,night,knife,window_break,household,26-35,1,0,0,0,evidence_concealment|lone_wolf|accomplice_involved,Suspect attempted to conceal evidence. single offender acted alone. at least one accomplice was involved in the act.,7,1
FIR-01301,vehicle_theft,residential_area,KL,afternoon,none,none,household,juvenile,1,0,0,0,insider_help|accomplice_involved,Insider assistance may have been involved. at least one accomplice was involved in the act.,5,1
FIR-01302,cybercrime,commercial_zone,MP,night,none,social_engineering,financial_institution,26-35,0,0,1,1,accomplice_involved|physical_restraint|escape_vehicle_used,At least one accomplice was involved in the act. victim was physically restrained. suspect escaped using a vehicle.,5,1
FIR-01303,kidnapping,industrial_area,TS,morning,chemical,impersonation,individual,18-25,0,2,1,0,escape_vehicle_used|multiple_offenders,Suspect escaped using a vehicle. multiple offenders participated.,10,0
FIR-01304,cybercrime,bank_premises,TS,early_morning,none,none,financial_institution,18-25,0,4,1,1,prior_surveillance|multiple_offenders|physical_restraint,Suspect conducted prior surveillance of the target. multiple offenders participated. victim was physically restrained.,4,0
FIR-01305,vandalism,public_transport,RJ,night,blunt_object,none,commercial_establishment,36-45,0,1,1,0,prior_surveillance|local_knowledge|escape_vehicle_used|accomplice_involved,Suspect conducted prior surveillance of the target. suspect demonstrated knowledge of the local area. suspect escaped using a vehicle. at least one accomplice was involved in the act.,3,1
FIR-01306,robbery,highway,RJ,midnight,blunt_object,none,financial_institution,18-25,0,0,1,0,prior_surveillance|accomplice_involved|escape_vehicle_used|psychological_manipulation,Suspect conducted prior surveillance of the target. at least one accomplice was involved in the act. suspect escaped using a vehicle. victim was manipulated psychologically.,9,1
FIR-01307,kidnapping,residential_area,KL,morning,chemical,social_engineering,infrastructure,46-60,0,0,1,0,local_knowledge|accomplice_involved|planned_operation|opportunistic|use_of_disguise,Suspect demonstrated knowledge of the local area. at least one accomplice was involved in the act. evidence of pre-planned operation. crime appears to be opportunistic in nature. suspect used a disguise to conceal identity.,10,1
FIR-01308,cybercrime,marketplace,WB,morning,none,roof_access,individual,36-45,1,1,0,1,evidence_concealment|planned_operation|repeat_target|prior_surveillance,Suspect attempted to conceal evidence. evidence of pre-planned operation. location or victim was targeted previously. suspect conducted prior surveillance of the target.,4,1
FIR-01309,fraud,rural_area,MP,morning,none,window_break,commercial_establishment,36-45,0,1,1,1,repeat_target|physical_restraint,Location or victim was targeted previously. victim was physically restrained.,7,0
FIR-01310,robbery,residential_area,GJ,midnight,chemical,none,individual,60+,0,0,1,0,opportunistic|repeat_target,Crime appears to be opportunistic in nature. location or victim was targeted previously.,9,1
FIR-01311,drug_offense,parking_lot,MH,evening,none,none,individual,18-25,1,1,0,0,psychological_manipulation|evidence_concealment|prior_surveillance,Victim was manipulated psychologically. suspect attempted to conceal evidence. suspect conducted prior surveillance of the target.,6,1
FIR-01312,murder,industrial_area,TN,evening,blunt_object,forced_entry,individual,18-25,0,0,0,0,planned_operation|multiple_offenders|accomplice_involved|psychological_manipulation|use_of_technology,Evidence of pre-planned operation. multiple offenders participated. at least one accomplice was involved in the act. victim was manipulated psychologically. digital tools or devices were used.,9,1
FIR-01313,murder,industrial_area,KL,night,rope,window_break,individual,26-35,0,1,1,0,escape_vehicle_used|night_operation|insider_help|local_knowledge|evidence_concealment,Suspect escaped using a vehicle. crime was executed during nighttime hours. insider assistance may have been involved. suspect demonstrated knowledge of the local area. suspect attempted to conceal evidence.,9,0
FIR-01314,robbery,bank_premises,HR,afternoon,improvised_tool,social_engineering,financial_institution,36-45,1,1,1,0,use_of_technology|opportunistic|night_operation|repeat_target,Digital tools or devices were used. crime appears to be opportunistic in nature. crime was executed during nighttime hours. location or victim was targeted previously.,7,1
FIR-01315,kidnapping,bank_premises,HR,night,chemical,social_engineering,individual,18-25,1,0,1,0,escape_vehicle_used|psychological_manipulation|use_of_technology,Suspect escaped using a vehicle. victim was manipulated psychologically. digital tools or devices were used.,10,0
FIR-01316,murder,marketplace,MP,midnight,knife,unlocked_door,individual,26-35,0,0,1,0,insider_help|use_of_disguise|local_knowledge|psychological_manipulation,Insider assistance may have been involved. suspect used a disguise to conceal identity. suspect demonstrated knowledge of the local area. victim was manipulated psychologically.,10,0
FIR-01317,cybercrime,educational_institution,HR,evening,knife,cyber_access,individual,26-35,1,0,0,1,opportunistic|use_of_technology,Crime appears to be opportunistic in nature. digital tools or devices were used.,5,1
FIR-01318,burglary,marketplace,BR,midnight,none,window_break,commercial_establishment,18-25,0,0,0,0,psychological_manipulation|repeat_target|evidence_concealment,Victim was manipulated psychologically. location or victim was targeted previously. suspect attempted to conceal evidence.,6,0
FIR-01319,drug_offense,industrial_area,KL,early_morning,knife,none,individual,60+,0,1,0,0,psychological_manipulation|prior_surveillance|evidence_concealment|use_of_disguise,Victim was manipulated psychologically. suspect conducted prior surveillance of the target. suspect attempted to conceal evidence. suspect used a disguise to conceal identity.,4,0
FIR-01320,fraud,parking_lot,TN,morning,none,impersonation,public_space,26-35,1,0,1,1,night_operation|use_of_disguise,Crime was executed during nighttime hours. suspect used a disguise to conceal identity.,7,1
FIR-01321,assault,industrial_area,GJ,evening,knife,window_break,digital_asset,60+,1,1,1,0,escape_vehicle_used|insider_help,Suspect escaped using a vehicle. insider assistance may have been involved.,5,1
FIR-01322,cybercrime,parking_lot,GJ,morning,none,cyber_access,household,18-25,1,3,0,1,physical_restraint|opportunistic|multiple_offenders|lone_wolf|local_knowledge,Victim was physically restrained. crime appears to be opportunistic in nature. multiple offenders participated. single offender acted alone. suspect demonstrated knowledge of the local area.,4,0
FIR-01323,kidnapping,highway,PB,morning,firearm,none,individual,juvenile,1,1,1,0,psychological_manipulation|multiple_offenders,Victim was manipulated psychologically. multiple offenders participated.,9,0
FIR-01324,cybercrime,marketplace,UP,morning,none,forced_entry,individual,36-45,1,3,0,1,multiple_offenders|physical_restraint,Multiple offenders participated. victim was physically restrained.,6,1
FIR-01325,burglary,residential_area,GJ,morning,none,roof_access,commercial_establishment,26-35,1,3,1,0,repeat_target|lone_wolf|multiple_offenders|use_of_disguise,Location or victim was targeted previously. single offender acted alone. multiple offenders participated. suspect used a disguise to conceal identity.,7,0
FIR-01326,vehicle_theft,bank_premises,MH,night,none,none,infrastructure,46-60,1,1,0,0,use_of_disguise|psychological_manipulation|repeat_target|lone_wolf,Suspect used a disguise to conceal identity. victim was manipulated psychologically. location or victim was targeted previously. single offender acted alone.,3,1
FIR-01327,kidnapping,educational_institution,WB,morning,chemical,social_engineering,individual,18-25,1,0,1,0,lone_wolf|planned_operation|insider_help|use_of_disguise,Single offender acted alone. evidence of pre-planned operation. insider assistance may have been involved. suspect used a disguise to conceal identity.,8,0
FIR-01328,cybercrime,public_transport,KA,evening,none,cyber_access,individual,60+,1,0,1,1,insider_help|lone_wolf|local_knowledge|accomplice_involved,Insider assistance may have been involved. single offender acted alone. suspect demonstrated knowledge of the local area. at least one accomplice was involved in the act.,6,0
FIR-01329,murder,parking_lot,RJ,evening,blunt_object,none,individual,18-25,0,0,1,0,use_of_disguise|lone_wolf|insider_help|night_operation,Suspect used a disguise to conceal identity. single offender acted alone. insider assistance may have been involved. crime was executed during nighttime hours.,10,0
FIR-01330,assault,parking_lot,TN,evening,none,unlocked_door,individual,46-60,1,1,1,0,psychological_manipulation|insider_help,Victim was manipulated psychologically. insider assistance may have been involved.,6,1
FIR-01331,robbery,parking_lot,AP,afternoon,firearm,social_engineering,financial_institution,60+,0,2,1,0,escape_vehicle_used|multiple_offenders,Suspect escaped using a vehicle. multiple offenders participated.,8,1
FIR-01332,burglary,public_transport,KA,night,none,window_break,household,60+,0,1,1,0,opportunistic|physical_restraint,Crime appears to be opportunistic in nature. victim was physically restrained.,6,1
FIR-01333,burglary,rural_area,TS,night,none,window_break,commercial_establishment,26-35,1,0,0,0,insider_help|local_knowledge|planned_operation,Insider assistance may have been involved. suspect demonstrated knowledge of the local area. evidence of pre-planned operation.,5,1
FIR-01334,vehicle_theft,educational_institution,MH,midnight,improvised_tool,lock_picking,vehicle,36-45,1,0,1,0,opportunistic|use_of_disguise|prior_surveillance|accomplice_involved,Crime appears to be opportunistic in nature. suspect used a disguise to conceal identity. suspect conducted prior surveillance of the target. at least one accomplice was involved in the act.,5,1
FIR-01335,vehicle_theft,public_transport,PB,early_morning,rope,lock_picking,vehicle,36-45,1,0,1,0,evidence_concealment|night_operation,Suspect attempted to conceal evidence. crime was executed during nighttime hours.,5,1
FIR-01336,drug_offense,industrial_area,KA,midnight,none,none,public_space,juvenile,0,0,1,0,accomplice_involved|insider_help,At least one accomplice was involved in the act. insider assistance may have been involved.,5,0
FIR-01337,vehicle_theft,commercial_zone,TN,midnight,none,forced_entry,vehicle,18-25,0,1,1,0,use_of_disguise|local_knowledge|accomplice_involved|lone_wolf,Suspect used a disguise to conceal identity. suspect demonstrated knowledge of the local area. at least one accomplice was involved in the act. single offender acted alone.,3,1
FIR-01338,fraud,commercial_zone,UP,afternoon,none,impersonation,commercial_establishment,46-60,0,4,1,1,use_of_disguise|night_operation|insider_help|multiple_offenders|escape_vehicle_used,Suspect used a disguise to conceal identity. crime was executed during nighttime hours. insider assistance may have been involved. multiple offenders participated. suspect escaped using a vehicle.,6,0
FIR-01339,assault,marketplace,TN,morning,none,none,individual,46-60,0,1,1,0,escape_vehicle_used|insider_help|night_operation|lone_wolf,Suspect escaped using a vehicle. insider assistance may have been involved. crime was executed during nighttime hours. single offender acted alone.,7,1
FIR-01340,burglary,educational_institution,HR,night,chemical,window_break,household,26-35,1,0,0,0,opportunistic|insider_help|planned_operation|night_operation|escape_vehicle_used,Crime appears to be opportunistic in nature. insider assistance may have been involved. evidence of pre-planned operation. crime was executed during nighttime hours. suspect escaped using a vehicle.,6,1
FIR-01341,murder,bank_premises,DL,night,knife,none,individual,18-25,0,1,1,0,planned_operation|lone_wolf|evidence_concealment|repeat_target|insider_help,Evidence of pre-planned operation. single offender acted alone. suspect attempted to conceal evidence. location or victim was targeted previously. insider assistance may have been involved.,10,1
FIR-01342,kidnapping,residential_area,KA,evening,none,social_engineering,individual,juvenile,0,4,0,0,insider_help|planned_operation|escape_vehicle_used|night_operation|multiple_offenders,Insider assistance may have been involved. evidence of pre-planned operation. suspect escaped using a vehicle. crime was executed during nighttime hours. multiple offenders participated.,9,0
FIR-01343,assault,highway,AP,midnight,none,roof_access,individual,26-35,1,0,0,0,accomplice_involved|lone_wolf,At least one accomplice was involved in the act. single offender acted alone.,6,1
FIR-01344,robbery,commercial_zone,DL,night,knife,none,individual,46-60,1,4,1,0,accomplice_involved|multiple_offenders|lone_wolf|insider_help|opportunistic,At least one accomplice was involved in the act. multiple offenders participated. single offender acted alone. insider assistance may have been involved. crime appears to be opportunistic in nature.,9,1
FIR-01345,vandalism,commercial_zone,DL,midnight,blunt_object,none,government_property,36-45,1,0,0,0,psychological_manipulation|planned_operation|opportunistic|use_of_technology|escape_vehicle_used,Victim was manipulated psychologically. evidence of pre-planned operation. crime appears to be opportunistic in nature. digital tools or devices were used. suspect escaped using a vehicle.,4,1
FIR-01346,kidnapping,public_transport,UP,morning,firearm,social_engineering,individual,juvenile,0,0,1,0,escape_vehicle_used|insider_help|multiple_offenders|use_of_disguise,Suspect escaped using a vehicle. insider assistance may have been involved. multiple offenders participated. suspect used a disguise to conceal identity.,9,0
FIR-01347,vandalism,parking_lot,AP,midnight,blunt_object,none,commercial_establishment,60+,0,0,0,0,local_knowledge|use_of_technology,Suspect demonstrated knowledge of the local area. digital tools or devices were used.,2,0
FIR-01348,vehicle_theft,commercial_zone,TN,night,vehicle,unlocked_door,vehicle,36-45,0,0,1,0,multiple_offenders|lone_wolf|accomplice_involved,Multiple offenders participated. single offender acted alone. at least one accomplice was involved in the act.,3,0
FIR-01349,vandalism,residential_area,WB,afternoon,knife,none,commercial_establishment,18-25,0,1,1,0,physical_restraint|opportunistic|use_of_technology|local_knowledge,Victim was physically restrained. crime appears to be opportunistic in nature. digital tools or devices were used. suspect demonstrated knowledge of the local area.,2,1
FIR-01350,vehicle_theft,parking_lot,UP,early_morning,improvised_tool,lock_picking,financial_institution,60+,1,0,1,0,psychological_manipulation|accomplice_involved|insider_help|local_knowledge,Victim was manipulated psychologically. at least one accomplice was involved in the act. insider assistance may have been involved. suspect demonstrated knowledge of the local area.,5,1
FIR-01351,drug_offense,industrial_area,TN,early_morning,rope,none,household,60+,1,1,1,0,night_operation|escape_vehicle_used,Crime was executed during nighttime hours. suspect escaped using a vehicle.,4,1
FIR-01352,cybercrime,public_transport,AP,morning,none,unlocked_door,financial_institution,juvenile,1,0,1,1,local_knowledge|use_of_technology|psychological_manipulation|escape_vehicle_used|opportunistic,Suspect demonstrated knowledge of the local area. digital tools or devices were used. victim was manipulated psychologically. suspect escaped using a vehicle. crime appears to be opportunistic in nature.,6,0
FIR-01353,cybercrime,parking_lot,PB,evening,none,cyber_access,individual,46-60,1,1,0,1,lone_wolf|insider_help,Single offender acted alone. insider assistance may have been involved.,4,0
FIR-01354,kidnapping,marketplace,WB,morning,chemical,none,individual,juvenile,0,0,0,0,evidence_concealment|psychological_manipulation,Suspect attempted to conceal evidence. victim was manipulated psychologically.,9,1
FIR-01355,cybercrime,highway,BR,morning,none,cyber_access,individual,60+,1,4,0,1,multiple_offenders|opportunistic|repeat_target,Multiple offenders participated. crime appears to be opportunistic in nature. location or victim was targeted previously.,4,0
FIR-01356,cybercrime,public_transport,MH,morning,none,cyber_access,financial_institution,26-35,0,0,1,1,lone_wolf|planned_operation|opportunistic|escape_vehicle_used,Single offender acted alone. evidence of pre-planned operation. crime appears to be opportunistic in nature. suspect escaped using a vehicle.,4,0
FIR-01357,robbery,marketplace,TN,evening,blunt_object,forced_entry,financial_institution,26-35,0,0,1,0,planned_operation|insider_help,Evidence of pre-planned operation. insider assistance may have been involved.,8,1
FIR-01358,fraud,commercial_zone,TS,midnight,none,social_engineering,individual,juvenile,1,0,0,1,psychological_manipulation|physical_restraint|repeat_target|use_of_disguise|escape_vehicle_used,Victim was manipulated psychologically. victim was physically restrained. location or victim was targeted previously. suspect used a disguise to conceal identity. suspect escaped using a vehicle.,6,1
FIR-01359,vehicle_theft,public_transport,RJ,early_morning,none,unlocked_door,vehicle,46-60,1,4,0,0,use_of_disguise|multiple_offenders|accomplice_involved|psychological_manipulation,Suspect used a disguise to conceal identity. multiple offenders participated. at least one accomplice was involved in the act. victim was manipulated psychologically.,3,0
FIR-01360,vandalism,bank_premises,TN,afternoon,improvised_tool,none,government_property,60+,1,0,0,0,planned_operation|local_knowledge|repeat_target,Evidence of pre-planned operation. suspect demonstrated knowledge of the local area. location or victim was targeted previously.,4,1
FIR-01361,cybercrime,highway,HR,afternoon,none,cyber_access,infrastructure,26-35,1,0,1,1,insider_help|escape_vehicle_used|use_of_technology|use_of_disguise,Insider assistance may have been involved. suspect escaped using a vehicle. digital tools or devices were used. suspect used a disguise to conceal identity.,6,1
FIR-01362,fraud,bank_premises,GJ,afternoon,none,social_engineering,financial_institution,46-60,0,2,1,1,prior_surveillance|night_operation|physical_restraint|planned_operation|multiple_offenders,Suspect conducted prior surveillance of the target. crime was executed during nighttime hours. victim was physically restrained. evidence of pre-planned operation. multiple offenders participated.,7,0
FIR-01363,vehicle_theft,bank_premises,TN,night,none,cyber_access,vehicle,46-60,1,2,1,0,use_of_technology|use_of_disguise|evidence_concealment|multiple_offenders,Digital tools or devices were used. suspect used a disguise to conceal identity. suspect attempted to conceal evidence. multiple offenders participated.,3,0
FIR-01364,vandalism,educational_institution,MH,midnight,chemical,none,commercial_establishment,36-45,1,0,1,0,lone_wolf|escape_vehicle_used,Single offender acted alone. suspect escaped using a vehicle.,4,0
FIR-01365,vandalism,marketplace,GJ,midnight,blunt_object,none,government_property,juvenile,1,0,1,0,multiple_offenders|planned_operation|escape_vehicle_used|opportunistic,Multiple offenders participated. evidence of pre-planned operation. suspect escaped using a vehicle. crime appears to be opportunistic in nature.,3,1
FIR-01366,burglary,rural_area,BR,midnight,none,lock_picking,household,46-60,0,1,0,0,psychological_manipulation|prior_surveillance|repeat_target|opportunistic|lone_wolf,Victim was manipulated psychologically. suspect conducted prior surveillance of the target. location or victim was targeted previously. crime appears to be opportunistic in nature. single offender acted alone.,6,0
FIR-01367,murder,bank_premises,UP,night,none,forced_entry,individual,46-60,0,0,1,0,night_operation|repeat_target|prior_surveillance|use_of_disguise|opportunistic,Crime was executed during nighttime hours. location or victim was targeted previously. suspect conducted prior surveillance of the target. suspect used a disguise to conceal identity. crime appears to be opportunistic in nature.,10,1
FIR-01368,murder,bank_premises,KA,night,knife,window_break,individual,60+,0,0,0,0,accomplice_involved|psychological_manipulation|planned_operation|night_operation|opportunistic,At least one accomplice was involved in the act. victim was manipulated psychologically. evidence of pre-planned operation. crime was executed during nighttime hours. crime appears to be opportunistic in nature.,9,0
FIR-01369,burglary,residential_area,TS,morning,blunt_object,window_break,household,26-35,0,4,1,0,repeat_target|lone_wolf|multiple_offenders|escape_vehicle_used,Location or victim was targeted previously. single offender acted alone. multiple offenders participated. suspect escaped using a vehicle.,6,1
FIR-01370,murder,educational_institution,TS,night,knife,forced_entry,financial_institution,26-35,1,0,0,0,local_knowledge|use_of_technology|evidence_concealment|physical_restraint,Suspect demonstrated knowledge of the local area. digital tools or devices were used. suspect attempted to conceal evidence. victim was physically restrained.,10,0
FIR-01371,robbery,marketplace,PB,evening,firearm,none,individual,60+,0,1,1,0,lone_wolf|evidence_concealment,Single offender acted alone. suspect attempted to conceal evidence.,7,1
FIR-01372,cybercrime,public_transport,WB,evening,none,cyber_access,digital_asset,36-45,0,2,1,1,evidence_concealment|multiple_offenders,Suspect attempted to conceal evidence. multiple offenders participated.,5,0
FIR-01373,cybercrime,marketplace,BR,afternoon,none,tunneling,public_space,26-35,0,1,1,1,insider_help|evidence_concealment,Insider assistance may have been involved. suspect attempted to conceal evidence.,5,0
FIR-01374,burglary,rural_area,KA,night,blunt_object,lock_picking,commercial_establishment,18-25,1,0,0,0,evidence_concealment|local_knowledge|night_operation|psychological_manipulation,Suspect attempted to conceal evidence. suspect demonstrated knowledge of the local area. crime was executed during nighttime hours. victim was manipulated psychologically.,5,0
FIR-01375,burglary,public_transport,KA,midnight,blunt_object,impersonation,commercial_establishment,60+,0,1,0,0,insider_help|use_of_technology|local_knowledge|opportunistic,Insider assistance may have been involved. digital tools or devices were used. suspect demonstrated knowledge of the local area. crime appears to be opportunistic in nature.,6,0
FIR-01376,fraud,residential_area,WB,morning,rope,social_engineering,individual,26-35,1,1,1,1,use_of_disguise|prior_surveillance,Suspect used a disguise to conceal identity. suspect conducted prior surveillance of the target.,7,0
FIR-01377,robbery,commercial_zone,MP,evening,blunt_object,unlocked_door,financial_institution,juvenile,1,1,0,0,planned_operation|escape_vehicle_used|insider_help|local_knowledge,Evidence of pre-planned operation. suspect escaped using a vehicle. insider assistance may have been involved. suspect demonstrated knowledge of the local area.,8,0
FIR-01378,cybercrime,residential_area,KL,evening,none,cyber_access,individual,26-35,0,0,1,1,local_knowledge|psychological_manipulation|lone_wolf|evidence_concealment|planned_operation,Suspect demonstrated knowledge of the local area. victim was manipulated psychologically. single offender acted alone. suspect attempted to conceal evidence. evidence of pre-planned operation.,4,0
FIR-01379,assault,educational_institution,UP,night,none,roof_access,individual,60+,0,1,1,0,prior_surveillance|escape_vehicle_used|use_of_disguise,Suspect conducted prior surveillance of the target. suspect escaped using a vehicle. suspect used a disguise to conceal identity.,5,0
FIR-01380,cybercrime,commercial_zone,MH,afternoon,none,cyber_access,digital_asset,26-35,1,1,1,1,use_of_disguise|use_of_technology|planned_operation,Suspect used a disguise to conceal identity. digital tools or devices were used. evidence of pre-planned operation.,5,1
FIR-01381,murder,industrial_area,WB,morning,blunt_object,none,vehicle,26-35,1,0,0,0,repeat_target|prior_surveillance|night_operation|opportunistic,Location or victim was targeted previously. suspect conducted prior surveillance of the target. crime was executed during nighttime hours. crime appears to be opportunistic in nature.,10,0
FIR-01382,assault,highway,KA,morning,knife,cyber_access,infrastructure,36-45,0,0,0,0,evidence_concealment|repeat_target|accomplice_involved|night_operation|multiple_offenders,Suspect attempted to conceal evidence. location or victim was targeted previously. at least one accomplice was involved in the act. crime was executed during nighttime hours. multiple offenders participated.,6,0
FIR-01383,burglary,public_transport,BR,midnight,none,lock_picking,vehicle,46-60,0,1,0,0,opportunistic|escape_vehicle_used|accomplice_involved|insider_help,Crime appears to be opportunistic in nature. suspect escaped using a vehicle. at least one accomplice was involved in the act. insider assistance may have been involved.,6,0
FIR-01384,vandalism,commercial_zone,WB,night,vehicle,unlocked_door,commercial_establishment,36-45,1,0,1,0,planned_operation|use_of_technology|night_operation,Evidence of pre-planned operation. digital tools or devices were used. crime was executed during nighttime hours.,2,0
FIR-01385,drug_offense,educational_institution,TN,night,none,none,household,36-45,1,1,1,0,physical_restraint|lone_wolf|use_of_disguise,Victim was physically restrained. single offender acted alone. suspect used a disguise to conceal identity.,6,1
FIR-01386,vehicle_theft,educational_institution,DL,early_morning,improvised_tool,lock_picking,vehicle,juvenile,1,1,0,0,use_of_disguise|night_operation|lone_wolf|accomplice_involved|opportunistic,Suspect used a disguise to conceal identity. crime was executed during nighttime hours. single offender acted alone. at least one accomplice was involved in the act. crime appears to be opportunistic in nature.,4,0
FIR-01387,burglary,marketplace,DL,afternoon,blunt_object,forced_entry,commercial_establishment,46-60,0,1,1,0,accomplice_involved|physical_restraint,At least one accomplice was involved in the act. victim was physically restrained.,7,0
FIR-01388,vandalism,rural_area,DL,midnight,rope,none,public_space,26-35,0,1,1,0,night_operation|use_of_disguise|planned_operation,Crime was executed during nighttime hours. suspect used a disguise to conceal identity. evidence of pre-planned operation.,4,0
FIR-01389,assault,highway,AP,night,blunt_object,none,digital_asset,60+,1,0,1,0,repeat_target|use_of_disguise,Location or victim was targeted previously. suspect used a disguise to conceal identity.,5,0
FIR-01390,drug_offense,industrial_area,HR,early_morning,knife,social_engineering,public_space,60+,1,0,0,0,repeat_target|prior_surveillance|use_of_technology|night_operation|psychological_manipulation,Location or victim was targeted previously. suspect conducted prior surveillance of the target. digital tools or devices were used. crime was executed during nighttime hours. victim was manipulated psychologically.,6,1
FIR-01391,burglary,bank_premises,WB,night,blunt_object,window_break,household,60+,1,1,1,0,opportunistic|use_of_disguise|prior_surveillance,Crime appears to be opportunistic in nature. suspect used a disguise to conceal identity. suspect conducted prior surveillance of the target.,7,1
FIR-01392,drug_offense,industrial_area,GJ,midnight,none,window_break,individual,46-60,1,0,0,0,opportunistic|lone_wolf|escape_vehicle_used|local_knowledge,Crime appears to be opportunistic in nature. single offender acted alone. suspect escaped using a vehicle. suspect demonstrated knowledge of the local area.,6,1
FIR-01393,drug_offense,rural_area,BR,midnight,none,none,public_space,26-35,0,1,0,0,local_knowledge|escape_vehicle_used|physical_restraint|opportunistic|prior_surveillance,Suspect demonstrated knowledge of the local area. suspect escaped using a vehicle. victim was physically restrained. crime appears to be opportunistic in nature. suspect conducted prior surveillance of the target.,4,0
FIR-01394,drug_offense,highway,TS,night,knife,none,individual,26-35,0,3,1,0,repeat_target|night_operation|use_of_technology|multiple_offenders|insider_help,Location or victim was targeted previously. crime was executed during nighttime hours. digital tools or devices were used. multiple offenders participated. insider assistance may have been involved.,6,1
FIR-01395,fraud,industrial_area,MH,morning,none,impersonation,individual,46-60,0,1,1,1,planned_operation|use_of_technology,Evidence of pre-planned operation. digital tools or devices were used.,7,0
FIR-01396,murder,commercial_zone,KL,early_morning,blunt_object,roof_access,individual,60+,1,0,0,0,insider_help|use_of_technology|use_of_disguise|escape_vehicle_used,Insider assistance may have been involved. digital tools or devices were used. suspect used a disguise to conceal identity. suspect escaped using a vehicle.,10,0
FIR-01397,cybercrime,parking_lot,BR,evening,none,tunneling,digital_asset,26-35,1,0,1,1,evidence_concealment|night_operation|psychological_manipulation|prior_surveillance|physical_restraint,Suspect attempted to conceal evidence. crime was executed during nighttime hours. victim was manipulated psychologically. suspect conducted prior surveillance of the target. victim was physically restrained.,4,1
FIR-01398,murder,rural_area,KL,evening,none,forced_entry,digital_asset,36-45,0,0,0,0,escape_vehicle_used|local_knowledge|psychological_manipulation,Suspect escaped using a vehicle. suspect demonstrated knowledge of the local area. victim was manipulated psychologically.,10,0
FIR-01399,drug_offense,public_transport,TN,midnight,firearm,none,individual,26-35,1,3,1,0,multiple_offenders|use_of_technology|escape_vehicle_used|repeat_target,Multiple offenders participated. digital tools or devices were used. suspect escaped using a vehicle. location or victim was targeted previously.,5,1
FIR-01400,murder,educational_institution,GJ,evening,blunt_object,window_break,individual,46-60,0,1,1,0,psychological_manipulation|use_of_disguise|accomplice_involved|night_operation|opportunistic,Victim was manipulated psychologically. suspect used a disguise to conceal identity. at least one accomplice was involved in the act. crime was executed during nighttime hours. crime appears to be opportunistic in nature.,9,0
FIR-01401,fraud,marketplace,DL,afternoon,none,social_engineering,financial_institution,26-35,0,1,1,1,physical_restraint|use_of_technology,Victim was physically restrained. digital tools or devices were used.,6,0
FIR-01402,fraud,highway,HR,midnight,none,impersonation,financial_institution,26-35,1,4,1,1,multiple_offenders|repeat_target|accomplice_involved|physical_restraint,Multiple offenders participated. location or victim was targeted previously. at least one accomplice was involved in the act. victim was physically restrained.,8,1
FIR-01403,vehicle_theft,residential_area,RJ,early_morning,none,forced_entry,vehicle,juvenile,0,1,0,0,use_of_disguise|local_knowledge,Suspect used a disguise to conceal identity. suspect demonstrated knowledge of the local area.,5,0
FIR-01404,assault,marketplace,RJ,morning,none,none,individual,36-45,0,4,0,0,multiple_offenders|psychological_manipulation|escape_vehicle_used|prior_surveillance,Multiple offenders participated. victim was manipulated psychologically. suspect escaped using a vehicle. suspect conducted prior surveillance of the target.,7,0
FIR-01405,cybercrime,public_transport,KL,morning,none,cyber_access,vehicle,36-45,1,1,0,1,local_knowledge|escape_vehicle_used|insider_help|accomplice_involved|opportunistic,Suspect demonstrated knowledge of the local area. suspect escaped using a vehicle. insider assistance may have been involved. at least one accomplice was involved in the act. crime appears to be opportunistic in nature.,5,1
FIR-01406,fraud,highway,KL,morning,none,forced_entry,commercial_establishment,60+,1,1,0,1,accomplice_involved|psychological_manipulation|opportunistic,At least one accomplice was involved in the act. victim was manipulated psychologically. crime appears to be opportunistic in nature.,7,0
FIR-01407,robbery,bank_premises,KL,night,blunt_object,tunneling,individual,26-35,1,0,0,0,escape_vehicle_used|opportunistic,Suspect escaped using a vehicle. crime appears to be opportunistic in nature.,9,0
FIR-01408,burglary,industrial_area,KA,midnight,none,lock_picking,digital_asset,36-45,1,1,0,0,local_knowledge|insider_help|psychological_manipulation|use_of_technology,Suspect demonstrated knowledge of the local area. insider assistance may have been involved. victim was manipulated psychologically. digital tools or devices were used.,7,1
FIR-01409,murder,parking_lot,DL,night,blunt_object,tunneling,individual,46-60,0,1,0,0,escape_vehicle_used|accomplice_involved|use_of_disguise|physical_restraint,Suspect escaped using a vehicle. at least one accomplice was involved in the act. suspect used a disguise to conceal identity. victim was physically restrained.,10,0
FIR-01410,cybercrime,bank_premises,HR,morning,none,cyber_access,digital_asset,60+,1,2,0,1,evidence_concealment|repeat_target|insider_help|multiple_offenders,Suspect attempted to conceal evidence. location or victim was targeted previously. insider assistance may have been involved. multiple offenders participated.,5,1
FIR-01411,murder,public_transport,MP,midnight,blunt_object,forced_entry,individual,36-45,0,0,1,0,night_operation|opportunistic|multiple_offenders|planned_operation|physical_restraint,Crime was executed during nighttime hours. crime appears to be opportunistic in nature. multiple offenders participated. evidence of pre-planned operation. victim was physically restrained.,9,0
FIR-01412,vandalism,parking_lot,WB,early_morning,blunt_object,none,public_space,36-45,1,1,1,0,accomplice_involved|evidence_concealment,At least one accomplice was involved in the act. suspect attempted to conceal evidence.,3,1
FIR-01413,murder,bank_premises,UP,afternoon,knife,forced_entry,government_property,36-45,1,1,1,0,lone_wolf|use_of_technology|opportunistic|planned_operation,Single offender acted alone. digital tools or devices were used. crime appears to be opportunistic in nature. evidence of pre-planned operation.,9,1
FIR-01414,murder,public_transport,MP,midnight,blunt_object,forced_entry,individual,18-25,1,1,1,0,escape_vehicle_used|use_of_technology|prior_surveillance|local_knowledge,Suspect escaped using a vehicle. digital tools or devices were used. suspect conducted prior surveillance of the target. suspect demonstrated knowledge of the local area.,10,0
FIR-01415,vandalism,educational_institution,TS,midnight,improvised_tool,none,commercial_establishment,60+,1,2,1,0,multiple_offenders|use_of_disguise|night_operation,Multiple offenders participated. suspect used a disguise to conceal identity. crime was executed during nighttime hours.,4,1
FIR-01416,burglary,educational_institution,WB,midnight,improvised_tool,lock_picking,household,60+,0,1,0,0,insider_help|repeat_target|accomplice_involved|use_of_technology|opportunistic,Insider assistance may have been involved. location or victim was targeted previously. at least one accomplice was involved in the act. digital tools or devices were used. crime appears to be opportunistic in nature.,7,0
FIR-01417,drug_offense,residential_area,AP,evening,rope,tunneling,public_space,18-25,0,0,0,0,prior_surveillance|accomplice_involved,Suspect conducted prior surveillance of the target. at least one accomplice was involved in the act.,6,1
FIR-01418,robbery,marketplace,RJ,night,blunt_object,cyber_access,individual,46-60,0,0,0,0,psychological_manipulation|opportunistic|evidence_concealment,Victim was manipulated psychologically. crime appears to be opportunistic in nature. suspect attempted to conceal evidence.,9,1
FIR-01419,fraud,highway,TN,morning,none,impersonation,individual,36-45,1,4,0,1,multiple_offenders|prior_surveillance|insider_help|lone_wolf,Multiple offenders participated. suspect conducted prior surveillance of the target. insider assistance may have been involved. single offender acted alone.,6,1
FIR-01420,cybercrime,educational_institution,MH,morning,none,cyber_access,digital_asset,18-25,0,1,1,1,opportunistic|insider_help|psychological_manipulation|repeat_target,Crime appears to be opportunistic in nature. insider assistance may have been involved. victim was manipulated psychologically. location or victim was targeted previously.,4,0
FIR-01421,vehicle_theft,bank_premises,TN,early_morning,none,roof_access,government_property,juvenile,0,0,1,0,accomplice_involved|lone_wolf,At least one accomplice was involved in the act. single offender acted alone.,5,1
FIR-01422,kidnapping,industrial_area,RJ,night,none,impersonation,individual,60+,1,4,1,0,use_of_technology|escape_vehicle_used|local_knowledge|multiple_offenders|accomplice_involved,Digital tools or devices were used. suspect escaped using a vehicle. suspect demonstrated knowledge of the local area. multiple offenders participated. at least one accomplice was involved in the act.,10,1
FIR-01423,kidnapping,commercial_zone,TS,early_morning,firearm,none,commercial_establishment,26-35,0,1,0,0,opportunistic|local_knowledge|planned_operation|accomplice_involved,Crime appears to be opportunistic in nature. suspect demonstrated knowledge of the local area. evidence of pre-planned operation. at least one accomplice was involved in the act.,10,0
FIR-01424,fraud,highway,KL,afternoon,none,impersonation,commercial_establishment,26-35,1,1,0,1,psychological_manipulation|repeat_target|lone_wolf|accomplice_involved,Victim was manipulated psychologically. location or victim was targeted previously. single offender acted alone. at least one accomplice was involved in the act.,6,1
FIR-01425,vehicle_theft,parking_lot,WB,midnight,none,lock_picking,vehicle,18-25,0,1,1,0,physical_restraint|local_knowledge|accomplice_involved|use_of_technology|repeat_target,Victim was physically restrained. suspect demonstrated knowledge of the local area. at least one accomplice was involved in the act. digital tools or devices were used. location or victim was targeted previously.,3,0
FIR-01426,assault,commercial_zone,UP,evening,knife,none,individual,juvenile,1,1,1,0,local_knowledge|prior_surveillance|night_operation,Suspect demonstrated knowledge of the local area. suspect conducted prior surveillance of the target. crime was executed during nighttime hours.,6,1
FIR-01427,murder,marketplace,UP,early_morning,improvised_tool,forced_entry,individual,36-45,0,1,0,0,prior_surveillance|insider_help|planned_operation|psychological_manipulation,Suspect conducted prior surveillance of the target. insider assistance may have been involved. evidence of pre-planned operation. victim was manipulated psychologically.,9,0
FIR-01428,robbery,parking_lot,MH,night,blunt_object,social_engineering,financial_institution,18-25,1,2,1,0,local_knowledge|multiple_offenders|repeat_target,Suspect demonstrated knowledge of the local area. multiple offenders participated. location or victim was targeted previously.,8,1
FIR-01429,murder,parking_lot,MH,evening,blunt_object,forced_entry,financial_institution,60+,1,0,0,0,accomplice_involved|physical_restraint|escape_vehicle_used|multiple_offenders,At least one accomplice was involved in the act. victim was physically restrained. suspect escaped using a vehicle. multiple offenders participated.,10,0
FIR-01430,cybercrime,rural_area,AP,evening,none,roof_access,digital_asset,46-60,1,0,1,1,repeat_target|physical_restraint|planned_operation|insider_help|prior_surveillance,Location or victim was targeted previously. victim was physically restrained. evidence of pre-planned operation. insider assistance may have been involved. suspect conducted prior surveillance of the target.,4,1
FIR-01431,vehicle_theft,residential_area,UP,night,vehicle,unlocked_door,digital_asset,18-25,1,0,0,0,lone_wolf|opportunistic,Single offender acted alone. crime appears to be opportunistic in nature.,5,1
FIR-01432,vandalism,highway,WB,midnight,chemical,none,government_property,26-35,1,0,1,0,use_of_disguise|insider_help|repeat_target|opportunistic,Suspect used a disguise to conceal identity. insider assistance may have been involved. location or victim was targeted previously. crime appears to be opportunistic in nature.,3,0
FIR-01433,robbery,public_transport,AP,night,knife,window_break,individual,juvenile,1,1,0,0,prior_surveillance|lone_wolf|night_operation|opportunistic|physical_restraint,Suspect conducted prior surveillance of the target. single offender acted alone. crime was executed during nighttime hours. crime appears to be opportunistic in nature. victim was physically restrained.,8,1
FIR-01434,murder,commercial_zone,KA,night,knife,forced_entry,government_property,18-25,0,1,0,0,prior_surveillance|opportunistic|accomplice_involved|planned_operation|repeat_target,Suspect conducted prior surveillance of the target. crime appears to be opportunistic in nature. at least one accomplice was involved in the act. evidence of pre-planned operation. location or victim was targeted previously.,9,0
FIR-01435,vehicle_theft,residential_area,RJ,early_morning,rope,unlocked_door,vehicle,juvenile,1,3,0,0,psychological_manipulation|evidence_concealment|multiple_offenders|escape_vehicle_used,Victim was manipulated psychologically. suspect attempted to conceal evidence. multiple offenders participated. suspect escaped using a vehicle.,5,0
FIR-01436,robbery,marketplace,BR,midnight,knife,forced_entry,financial_institution,26-35,0,4,0,0,use_of_technology|multiple_offenders|opportunistic|accomplice_involved|prior_surveillance,Digital tools or devices were used. multiple offenders participated. crime appears to be opportunistic in nature. at least one accomplice was involved in the act. suspect conducted prior surveillance of the target.,8,1
FIR-01437,vandalism,highway,PB,midnight,none,none,public_space,juvenile,1,1,1,0,opportunistic|insider_help|prior_surveillance|lone_wolf,Crime appears to be opportunistic in nature. insider assistance may have been involved. suspect conducted prior surveillance of the target. single offender acted alone.,4,1
FIR-01438,murder,marketplace,KA,night,blunt_object,none,individual,26-35,0,1,0,0,multiple_offenders|opportunistic|insider_help|use_of_disguise,Multiple offenders participated. crime appears to be opportunistic in nature. insider assistance may have been involved. suspect used a disguise to conceal identity.,10,0
FIR-01439,kidnapping,parking_lot,AP,morning,chemical,social_engineering,individual,juvenile,0,4,0,0,escape_vehicle_used|evidence_concealment|planned_operation|prior_surveillance|multiple_offenders,Suspect escaped using a vehicle. suspect attempted to conceal evidence. evidence of pre-planned operation. suspect conducted prior surveillance of the target. multiple offenders participated.,10,0
FIR-01440,kidnapping,marketplace,WB,evening,improvised_tool,social_engineering,individual,36-45,0,0,1,0,accomplice_involved|local_knowledge|psychological_manipulation|night_operation|physical_restraint,At least one accomplice was involved in the act. suspect demonstrated knowledge of the local area. victim was manipulated psychologically. crime was executed during nighttime hours. victim was physically restrained.,9,0
FIR-01441,vehicle_theft,public_transport,DL,early_morning,none,unlocked_door,vehicle,26-35,1,0,1,0,opportunistic|use_of_disguise|psychological_manipulation|local_knowledge|prior_surveillance,Crime appears to be opportunistic in nature. suspect used a disguise to conceal identity. victim was manipulated psychologically. suspect demonstrated knowledge of the local area. suspect conducted prior surveillance of the target.,5,1
FIR-01442,vehicle_theft,educational_institution,RJ,night,none,lock_picking,vehicle,26-35,1,1,0,0,prior_surveillance|multiple_offenders|lone_wolf|planned_operation|physical_restraint,Suspect conducted prior surveillance of the target. multiple offenders participated. single offender acted alone. evidence of pre-planned operation. victim was physically restrained.,4,0
FIR-01443,kidnapping,parking_lot,DL,evening,knife,social_engineering,individual,26-35,1,1,1,0,insider_help|evidence_concealment|escape_vehicle_used|prior_surveillance,Insider assistance may have been involved. suspect attempted to conceal evidence. suspect escaped using a vehicle. suspect conducted prior surveillance of the target.,9,1
FIR-01444,drug_offense,parking_lot,HR,night,vehicle,none,individual,60+,0,0,0,0,use_of_technology|use_of_disguise,Digital tools or devices were used. suspect used a disguise to conceal identity.,5,1
FIR-01445,fraud,marketplace,PB,afternoon,vehicle,impersonation,individual,46-60,0,0,0,1,lone_wolf|use_of_technology|planned_operation|prior_surveillance|psychological_manipulation,Single offender acted alone. digital tools or devices were used. evidence of pre-planned operation. suspect conducted prior surveillance of the target. victim was manipulated psychologically.,6,1
FIR-01446,robbery,bank_premises,RJ,night,firearm,forced_entry,financial_institution,36-45,0,1,0,0,evidence_concealment|physical_restraint|use_of_technology,Suspect attempted to conceal evidence. victim was physically restrained. digital tools or devices were used.,7,0
FIR-01447,robbery,marketplace,AP,night,firearm,roof_access,individual,60+,1,0,1,0,night_operation|planned_operation|prior_surveillance|evidence_concealment,Crime was executed during nighttime hours. evidence of pre-planned operation. suspect conducted prior surveillance of the target. suspect attempted to conceal evidence.,7,1
FIR-01448,burglary,industrial_area,UP,night,blunt_object,social_engineering,household,juvenile,0,1,1,0,use_of_disguise|escape_vehicle_used,Suspect used a disguise to conceal identity. suspect escaped using a vehicle.,6,0
FIR-01449,cybercrime,highway,UP,afternoon,none,cyber_access,financial_institution,36-45,0,1,1,1,prior_surveillance|local_knowledge|accomplice_involved|opportunistic,Suspect conducted prior surveillance of the target. suspect demonstrated knowledge of the local area. at least one accomplice was involved in the act. crime appears to be opportunistic in nature.,6,1
FIR-01450,cybercrime,public_transport,MH,morning,none,cyber_access,individual,18-25,0,0,1,1,evidence_concealment|use_of_disguise|night_operation|escape_vehicle_used,Suspect attempted to conceal evidence. suspect used a disguise to conceal identity. crime was executed during nighttime hours. suspect escaped using a vehicle.,5,0
FIR-01451,burglary,educational_institution,TS,afternoon,none,window_break,household,60+,0,0,1,0,lone_wolf|prior_surveillance,Single offender acted alone. suspect conducted prior surveillance of the target.,5,1
FIR-01452,murder,residential_area,PB,midnight,firearm,none,individual,juvenile,0,1,0,0,repeat_target|night_operation|lone_wolf|escape_vehicle_used,Location or victim was targeted previously. crime was executed during nighttime hours. single offender acted alone. suspect escaped using a vehicle.,10,1
FIR-01453,cybercrime,rural_area,TS,morning,none,roof_access,digital_asset,46-60,0,1,0,1,night_operation|accomplice_involved|planned_operation|evidence_concealment,Crime was executed during nighttime hours. at least one accomplice was involved in the act. evidence of pre-planned operation. suspect attempted to conceal evidence.,6,0
FIR-01454,cybercrime,educational_institution,KA,morning,none,cyber_access,digital_asset,18-25,0,0,0,1,insider_help|physical_restraint|planned_operation|use_of_disguise|multiple_offenders,Insider assistance may have been involved. victim was physically restrained. evidence of pre-planned operation. suspect used a disguise to conceal identity. multiple offenders participated.,6,1
FIR-01455,robbery,marketplace,UP,evening,none,social_engineering,digital_asset,36-45,0,1,1,0,physical_restraint|night_operation|psychological_manipulation|repeat_target,Victim was physically restrained. crime was executed during nighttime hours. victim was manipulated psychologically. location or victim was targeted previously.,8,1
FIR-01456,drug_offense,educational_institution,BR,early_morning,none,impersonation,public_space,18-25,0,0,1,0,opportunistic|physical_restraint,Crime appears to be opportunistic in nature. victim was physically restrained.,4,0
FIR-01457,drug_offense,residential_area,KA,early_morning,knife,none,individual,46-60,1,3,1,0,multiple_offenders|escape_vehicle_used,Multiple offenders participated. suspect escaped using a vehicle.,4,1
FIR-01458,assault,public_transport,HR,evening,knife,none,individual,36-45,0,0,0,0,use_of_disguise|escape_vehicle_used,Suspect used a disguise to conceal identity. suspect escaped using a vehicle.,7,0
FIR-01459,fraud,educational_institution,KA,morning,blunt_object,social_engineering,digital_asset,juvenile,0,0,1,1,multiple_offenders|physical_restraint|local_knowledge|prior_surveillance,Multiple offenders participated. victim was physically restrained. suspect demonstrated knowledge of the local area. suspect conducted prior surveillance of the target.,8,0
FIR-01460,assault,industrial_area,AP,morning,none,none,individual,18-25,0,1,1,0,psychological_manipulation|physical_restraint|planned_operation,Victim was manipulated psychologically. victim was physically restrained. evidence of pre-planned operation.,7,0
FIR-01461,robbery,educational_institution,KL,morning,blunt_object,forced_entry,individual,36-45,0,0,0,0,psychological_manipulation|prior_surveillance|lone_wolf|escape_vehicle_used|night_operation,Victim was manipulated psychologically. suspect conducted prior surveillance of the target. single offender acted alone. suspect escaped using a vehicle. crime was executed during nighttime hours.,9,1
FIR-01462,burglary,public_transport,KL,midnight,none,window_break,commercial_establishment,60+,1,1,1,0,accomplice_involved|escape_vehicle_used|repeat_target|use_of_disguise,At least one accomplice was involved in the act. suspect escaped using a vehicle. location or victim was targeted previously. suspect used a disguise to conceal identity.,5,1
FIR-01463,vandalism,parking_lot,KA,night,chemical,cyber_access,financial_institution,18-25,0,0,1,0,prior_surveillance|repeat_target|opportunistic|night_operation|escape_vehicle_used,Suspect conducted prior surveillance of the target. location or victim was targeted previously. crime appears to be opportunistic in nature. crime was executed during nighttime hours. suspect escaped using a vehicle.,4,0
FIR-01464,assault,commercial_zone,TN,afternoon,blunt_object,none,infrastructure,18-25,1,0,0,0,insider_help|repeat_target|opportunistic|night_operation|psychological_manipulation,Insider assistance may have been involved. location or victim was targeted previously. crime appears to be opportunistic in nature. crime was executed during nighttime hours. victim was manipulated psychologically.,7,0
FIR-01465,assault,parking_lot,GJ,evening,knife,none,individual,46-60,1,3,0,0,opportunistic|prior_surveillance|night_operation|multiple_offenders|evidence_concealment,Crime appears to be opportunistic in nature. suspect conducted prior surveillance of the target. crime was executed during nighttime hours. multiple offenders participated. suspect attempted to conceal evidence.,5,1
FIR-01466,assault,rural_area,PB,evening,blunt_object,none,individual,46-60,0,2,1,0,accomplice_involved|repeat_target|use_of_disguise|multiple_offenders,At least one accomplice was involved in the act. location or victim was targeted previously. suspect used a disguise to conceal identity. multiple offenders participated.,7,0
FIR-01467,kidnapping,rural_area,MP,morning,knife,none,commercial_establishment,18-25,0,0,0,0,evidence_concealment|local_knowledge,Suspect attempted to conceal evidence. suspect demonstrated knowledge of the local area.,10,0
FIR-01468,fraud,commercial_zone,KL,afternoon,chemical,none,commercial_establishment,46-60,0,1,1,1,psychological_manipulation|escape_vehicle_used,Victim was manipulated psychologically. suspect escaped using a vehicle.,7,0
FIR-01469,robbery,educational_institution,TN,evening,blunt_object,none,individual,36-45,1,1,1,0,night_operation|escape_vehicle_used|planned_operation|use_of_disguise|accomplice_involved,Crime was executed during nighttime hours. suspect escaped using a vehicle. evidence of pre-planned operation. suspect used a disguise to conceal identity. at least one accomplice was involved in the act.,9,1
FIR-01470,vehicle_theft,industrial_area,GJ,night,none,forced_entry,vehicle,juvenile,0,1,0,0,escape_vehicle_used|psychological_manipulation|lone_wolf|planned_operation|physical_restraint,Suspect escaped using a vehicle. victim was manipulated psychologically. single offender acted alone. evidence of pre-planned operation. victim was physically restrained.,3,1
FIR-01471,vehicle_theft,commercial_zone,HR,midnight,none,lock_picking,vehicle,26-35,0,1,0,0,accomplice_involved|escape_vehicle_used,At least one accomplice was involved in the act. suspect escaped using a vehicle.,3,1
FIR-01472,drug_offense,bank_premises,RJ,night,knife,none,infrastructure,juvenile,0,0,1,0,escape_vehicle_used|accomplice_involved|use_of_technology|psychological_manipulation|opportunistic,Suspect escaped using a vehicle. at least one accomplice was involved in the act. digital tools or devices were used. victim was manipulated psychologically. crime appears to be opportunistic in nature.,6,0
FIR-01473,burglary,marketplace,MP,midnight,none,lock_picking,digital_asset,18-25,1,0,1,0,repeat_target|escape_vehicle_used|insider_help|use_of_disguise|prior_surveillance,Location or victim was targeted previously. suspect escaped using a vehicle. insider assistance may have been involved. suspect used a disguise to conceal identity. suspect conducted prior surveillance of the target.,7,1
FIR-01474,murder,residential_area,TN,night,knife,forced_entry,individual,46-60,1,1,0,0,lone_wolf|evidence_concealment|use_of_technology|local_knowledge|physical_restraint,Single offender acted alone. suspect attempted to conceal evidence. digital tools or devices were used. suspect demonstrated knowledge of the local area. victim was physically restrained.,10,0
FIR-01475,cybercrime,educational_institution,MH,afternoon,none,cyber_access,financial_institution,46-60,0,0,0,1,multiple_offenders|insider_help|opportunistic|accomplice_involved|use_of_technology,Multiple offenders participated. insider assistance may have been involved. crime appears to be opportunistic in nature. at least one accomplice was involved in the act. digital tools or devices were used.,5,1
FIR-01476,kidnapping,commercial_zone,MH,afternoon,none,social_engineering,financial_institution,46-60,0,1,1,0,planned_operation|physical_restraint|use_of_disguise|prior_surveillance|escape_vehicle_used,Evidence of pre-planned operation. victim was physically restrained. suspect used a disguise to conceal identity. suspect conducted prior surveillance of the target. suspect escaped using a vehicle.,9,1
FIR-01477,fraud,public_transport,RJ,morning,improvised_tool,impersonation,individual,juvenile,0,1,0,1,night_operation|physical_restraint|local_knowledge|use_of_disguise|planned_operation,Crime was executed during nighttime hours. victim was physically restrained. suspect demonstrated knowledge of the local area. suspect used a disguise to conceal identity. evidence of pre-planned operation.,7,1
FIR-01478,burglary,rural_area,MH,morning,blunt_object,forced_entry,government_property,26-35,0,0,0,0,physical_restraint|evidence_concealment|prior_surveillance|use_of_technology,Victim was physically restrained. suspect attempted to conceal evidence. suspect conducted prior surveillance of the target. digital tools or devices were used.,7,0
FIR-01479,vandalism,commercial_zone,TN,evening,improvised_tool,none,public_space,36-45,1,0,0,0,insider_help|use_of_technology|night_operation|local_knowledge,Insider assistance may have been involved. digital tools or devices were used. crime was executed during nighttime hours. suspect demonstrated knowledge of the local area.,2,1
FIR-01480,cybercrime,educational_institution,WB,morning,improvised_tool,cyber_access,individual,juvenile,0,3,0,1,psychological_manipulation|repeat_target|planned_operation|local_knowledge|multiple_offenders,Victim was manipulated psychologically. location or victim was targeted previously. evidence of pre-planned operation. suspect demonstrated knowledge of the local area. multiple offenders participated.,6,1
FIR-01481,fraud,residential_area,UP,afternoon,none,impersonation,individual,18-25,1,1,1,1,insider_help|lone_wolf|repeat_target,Insider assistance may have been involved. single offender acted alone. location or victim was targeted previously.,7,1
FIR-01482,robbery,bank_premises,GJ,night,firearm,none,commercial_establishment,juvenile,1,4,0,0,multiple_offenders|prior_surveillance|escape_vehicle_used|use_of_technology|accomplice_involved,Multiple offenders participated. suspect conducted prior surveillance of the target. suspect escaped using a vehicle. digital tools or devices were used. at least one accomplice was involved in the act.,7,0
FIR-01483,murder,public_transport,DL,midnight,knife,cyber_access,individual,36-45,1,0,0,0,local_knowledge|physical_restraint|opportunistic|use_of_technology|repeat_target,Suspect demonstrated knowledge of the local area. victim was physically restrained. crime appears to be opportunistic in nature. digital tools or devices were used. location or victim was targeted previously.,9,1
FIR-01484,assault,commercial_zone,PB,afternoon,none,none,financial_institution,18-25,0,0,0,0,use_of_disguise|repeat_target|opportunistic|prior_surveillance|night_operation,Suspect used a disguise to conceal identity. location or victim was targeted previously. crime appears to be opportunistic in nature. suspect conducted prior surveillance of the target. crime was executed during nighttime hours.,5,0
FIR-01485,kidnapping,parking_lot,MH,evening,firearm,none,individual,36-45,1,0,0,0,use_of_technology|insider_help,Digital tools or devices were used. insider assistance may have been involved.,8,0
FIR-01486,vandalism,industrial_area,KL,night,rope,none,multiple,26-35,0,1,0,0,physical_restraint|accomplice_involved|prior_surveillance,Victim was physically restrained. at least one accomplice was involved in the act. suspect conducted prior surveillance of the target.,2,1
FIR-01487,vehicle_theft,industrial_area,TS,night,improvised_tool,lock_picking,financial_institution,26-35,1,1,1,0,physical_restraint|repeat_target,Victim was physically restrained. location or victim was targeted previously.,5,1
FIR-01488,burglary,bank_premises,DL,midnight,blunt_object,impersonation,commercial_establishment,18-25,1,1,1,0,use_of_technology|local_knowledge,Digital tools or devices were used. suspect demonstrated knowledge of the local area.,6,0
FIR-01489,murder,residential_area,TN,night,knife,forced_entry,individual,18-25,0,3,0,0,use_of_technology|repeat_target|physical_restraint|psychological_manipulation|multiple_offenders,Digital tools or devices were used. location or victim was targeted previously. victim was physically restrained. victim was manipulated psychologically. multiple offenders participated.,10,0
FIR-01490,vandalism,highway,DL,morning,chemical,none,government_property,26-35,1,0,1,0,prior_surveillance|night_operation|use_of_disguise|planned_operation|insider_help,Suspect conducted prior surveillance of the target. crime was executed during nighttime hours. suspect used a disguise to conceal identity. evidence of pre-planned operation. insider assistance may have been involved.,2,1
FIR-01491,murder,educational_institution,HR,evening,blunt_object,none,individual,36-45,1,0,1,0,insider_help|planned_operation|prior_surveillance|lone_wolf,Insider assistance may have been involved. evidence of pre-planned operation. suspect conducted prior surveillance of the target. single offender acted alone.,9,0
FIR-01492,murder,bank_premises,KA,evening,rope,forced_entry,multiple,46-60,0,1,0,0,lone_wolf|prior_surveillance,Single offender acted alone. suspect conducted prior surveillance of the target.,9,0
FIR-01493,burglary,marketplace,AP,evening,improvised_tool,forced_entry,household,26-35,0,0,0,0,planned_operation|multiple_offenders|prior_surveillance,Evidence of pre-planned operation. multiple offenders participated. suspect conducted prior surveillance of the target.,5,1
FIR-01494,murder,commercial_zone,KA,evening,chemical,forced_entry,individual,26-35,1,1,0,0,psychological_manipulation|multiple_offenders|physical_restraint|planned_operation,Victim was manipulated psychologically. multiple offenders participated. victim was physically restrained. evidence of pre-planned operation.,9,0
FIR-01495,drug_offense,marketplace,MH,early_morning,none,tunneling,individual,60+,0,1,0,0,escape_vehicle_used|night_operation|prior_surveillance,Suspect escaped using a vehicle. crime was executed during nighttime hours. suspect conducted prior surveillance of the target.,4,0
FIR-01496,kidnapping,public_transport,WB,afternoon,none,social_engineering,individual,juvenile,1,1,0,0,multiple_offenders|escape_vehicle_used|use_of_disguise|repeat_target,Multiple offenders participated. suspect escaped using a vehicle. suspect used a disguise to conceal identity. location or victim was targeted previously.,10,0
FIR-01497,drug_offense,marketplace,HR,night,none,none,commercial_establishment,60+,1,0,1,0,use_of_disguise|repeat_target|escape_vehicle_used|accomplice_involved|night_operation,Suspect used a disguise to conceal identity. location or victim was targeted previously. suspect escaped using a vehicle. at least one accomplice was involved in the act. crime was executed during nighttime hours.,4,1
FIR-01498,vandalism,rural_area,AP,night,chemical,none,government_property,36-45,1,0,1,0,local_knowledge|use_of_disguise,Suspect demonstrated knowledge of the local area. suspect used a disguise to conceal identity.,3,1
FIR-01499,cybercrime,rural_area,WB,afternoon,none,cyber_access,individual,26-35,1,0,1,1,insider_help|repeat_target|psychological_manipulation,Insider assistance may have been involved. location or victim was targeted previously. victim was manipulated psychologically.,6,1
FIR-01500,kidnapping,rural_area,AP,night,chemical,tunneling,individual,juvenile,0,0,0,0,accomplice_involved|prior_surveillance|lone_wolf|psychological_manipulation|evidence_concealment,At least one accomplice was involved in the act. suspect conducted prior surveillance of the target. single offender acted alone. victim was manipulated psychologically. suspect attempted to conceal evidence.,8,0
FIR-01501,fraud,bank_premises,UP,afternoon,none,impersonation,multiple,juvenile,0,0,0,1,prior_surveillance|evidence_concealment|psychological_manipulation,Suspect conducted prior surveillance of the target. suspect attempted to conceal evidence. victim was manipulated psychologically.,8,0
FIR-01502,drug_offense,public_transport,MH,midnight,knife,roof_access,individual,juvenile,1,1,1,0,night_operation|insider_help|psychological_manipulation|lone_wolf,Crime was executed during nighttime hours. insider assistance may have been involved. victim was manipulated psychologically. single offender acted alone.,4,0
FIR-01503,fraud,residential_area,TN,early_morning,none,social_engineering,individual,36-45,0,0,0,1,physical_restraint|accomplice_involved|insider_help|planned_operation|lone_wolf,Victim was physically restrained. at least one accomplice was involved in the act. insider assistance may have been involved. evidence of pre-planned operation. single offender acted alone.,8,0
FIR-01504,assault,parking_lot,DL,night,knife,impersonation,individual,46-60,1,0,0,0,multiple_offenders|repeat_target|prior_surveillance|night_operation|use_of_disguise,Multiple offenders participated. location or victim was targeted previously. suspect conducted prior surveillance of the target. crime was executed during nighttime hours. suspect used a disguise to conceal identity.,7,1
FIR-01505,assault,commercial_zone,RJ,morning,none,unlocked_door,public_space,18-25,0,1,0,0,lone_wolf|physical_restraint|repeat_target,Single offender acted alone. victim was physically restrained. location or victim was targeted previously.,7,0
FIR-01506,assault,highway,KL,afternoon,none,none,individual,60+,0,0,0,0,night_operation|accomplice_involved,Crime was executed during nighttime hours. at least one accomplice was involved in the act.,5,1
FIR-01507,kidnapping,rural_area,GJ,evening,knife,forced_entry,individual,60+,0,1,0,0,local_knowledge|escape_vehicle_used,Suspect demonstrated knowledge of the local area. suspect escaped using a vehicle.,9,0
FIR-01508,assault,public_transport,UP,night,none,none,individual,36-45,1,0,1,0,local_knowledge|planned_operation|escape_vehicle_used,Suspect demonstrated knowledge of the local area. evidence of pre-planned operation. suspect escaped using a vehicle.,5,1
FIR-01509,drug_offense,marketplace,KL,early_morning,knife,social_engineering,public_space,18-25,0,0,0,0,escape_vehicle_used|insider_help|multiple_offenders,Suspect escaped using a vehicle. insider assistance may have been involved. multiple offenders participated.,5,1
FIR-01510,cybercrime,residential_area,KL,afternoon,none,cyber_access,public_space,18-25,0,0,0,1,escape_vehicle_used|planned_operation|psychological_manipulation,Suspect escaped using a vehicle. evidence of pre-planned operation. victim was manipulated psychologically.,5,0
FIR-01511,assault,residential_area,RJ,afternoon,blunt_object,none,infrastructure,26-35,0,1,0,0,repeat_target|physical_restraint,Location or victim was targeted previously. victim was physically restrained.,7,0
FIR-01512,drug_offense,industrial_area,WB,night,none,forced_entry,individual,60+,1,1,0,0,escape_vehicle_used|local_knowledge|repeat_target|use_of_technology|opportunistic,Suspect escaped using a vehicle. suspect demonstrated knowledge of the local area. location or victim was targeted previously. digital tools or devices were used. crime appears to be opportunistic in nature.,4,1
FIR-01513,burglary,highway,KL,midnight,blunt_object,unlocked_door,household,60+,1,1,1,0,planned_operation|psychological_manipulation|evidence_concealment|opportunistic|accomplice_involved,Evidence of pre-planned operation. victim was manipulated psychologically. suspect attempted to conceal evidence. crime appears to be opportunistic in nature. at least one accomplice was involved in the act.,7,1
FIR-01514,fraud,educational_institution,MP,morning,knife,impersonation,financial_institution,60+,0,0,0,1,repeat_target|planned_operation|use_of_disguise,Location or victim was targeted previously. evidence of pre-planned operation. suspect used a disguise to conceal identity.,6,1
FIR-01515,kidnapping,public_transport,KL,afternoon,firearm,none,infrastructure,juvenile,0,2,0,0,repeat_target|lone_wolf|multiple_offenders|psychological_manipulation,Location or victim was targeted previously. single offender acted alone. multiple offenders participated. victim was manipulated psychologically.,9,0
FIR-01516,vandalism,commercial_zone,KL,midnight,none,social_engineering,commercial_establishment,36-45,1,4,1,0,multiple_offenders|evidence_concealment,Multiple offenders participated. suspect attempted to conceal evidence.,3,0
FIR-01517,drug_offense,educational_institution,MH,early_morning,none,none,public_space,juvenile,1,1,1,0,local_knowledge|repeat_target|physical_restraint|insider_help|prior_surveillance,Suspect demonstrated knowledge of the local area. location or victim was targeted previously. victim was physically restrained. insider assistance may have been involved. suspect conducted prior surveillance of the target.,6,1
FIR-01518,fraud,industrial_area,MH,morning,none,social_engineering,commercial_establishment,46-60,0,1,1,1,night_operation|accomplice_involved|opportunistic|prior_surveillance,Crime was executed during nighttime hours. at least one accomplice was involved in the act. crime appears to be opportunistic in nature. suspect conducted prior surveillance of the target.,6,1
FIR-01519,robbery,industrial_area,TS,morning,vehicle,none,individual,18-25,0,1,1,0,psychological_manipulation|use_of_technology,Victim was manipulated psychologically. digital tools or devices were used.,7,0
FIR-01520,cybercrime,public_transport,GJ,afternoon,none,window_break,financial_institution,46-60,1,1,1,1,use_of_disguise|accomplice_involved,Suspect used a disguise to conceal identity. at least one accomplice was involved in the act.,4,0
FIR-01521,drug_offense,educational_institution,AP,night,none,none,public_space,46-60,1,0,1,0,prior_surveillance|repeat_target|opportunistic,Suspect conducted prior surveillance of the target. location or victim was targeted previously. crime appears to be opportunistic in nature.,6,1
FIR-01522,robbery,rural_area,GJ,evening,blunt_object,social_engineering,individual,60+,0,1,1,0,escape_vehicle_used|physical_restraint|use_of_disguise|prior_surveillance,Suspect escaped using a vehicle. victim was physically restrained. suspect used a disguise to conceal identity. suspect conducted prior surveillance of the target.,8,1
FIR-01523,fraud,residential_area,KA,morning,none,social_engineering,financial_institution,60+,0,0,0,1,multiple_offenders|use_of_disguise|insider_help|repeat_target|opportunistic,Multiple offenders participated. suspect used a disguise to conceal identity. insider assistance may have been involved. location or victim was targeted previously. crime appears to be opportunistic in nature.,8,0
FIR-01524,kidnapping,commercial_zone,TS,evening,none,tunneling,individual,26-35,0,1,0,0,opportunistic|accomplice_involved|local_knowledge,Crime appears to be opportunistic in nature. at least one accomplice was involved in the act. suspect demonstrated knowledge of the local area.,9,1
FIR-01525,burglary,residential_area,BR,morning,none,lock_picking,household,60+,0,1,0,0,night_operation|escape_vehicle_used|accomplice_involved|lone_wolf|evidence_concealment,Crime was executed during nighttime hours. suspect escaped using a vehicle. at least one accomplice was involved in the act. single offender acted alone. suspect attempted to conceal evidence.,7,0
FIR-01526,murder,bank_premises,TS,midnight,none,none,individual,46-60,1,1,0,0,escape_vehicle_used|evidence_concealment|psychological_manipulation,Suspect escaped using a vehicle. suspect attempted to conceal evidence. victim was manipulated psychologically.,10,0
FIR-01527,drug_offense,residential_area,TN,afternoon,none,roof_access,individual,36-45,0,1,1,0,physical_restraint|local_knowledge|repeat_target|opportunistic,Victim was physically restrained. suspect demonstrated knowledge of the local area. location or victim was targeted previously. crime appears to be opportunistic in nature.,6,1
FIR-01528,cybercrime,educational_institution,TN,morning,blunt_object,cyber_access,financial_institution,60+,1,1,0,1,escape_vehicle_used|physical_restraint|accomplice_involved|evidence_concealment|planned_operation,Suspect escaped using a vehicle. victim was physically restrained. at least one accomplice was involved in the act. suspect attempted to conceal evidence. evidence of pre-planned operation.,6,1
FIR-01529,fraud,parking_lot,GJ,morning,none,unlocked_door,financial_institution,36-45,0,1,1,1,lone_wolf|use_of_technology|local_knowledge|night_operation,Single offender acted alone. digital tools or devices were used. suspect demonstrated knowledge of the local area. crime was executed during nighttime hours.,7,0
FIR-01530,drug_offense,residential_area,TS,midnight,knife,none,individual,36-45,0,0,0,0,lone_wolf|planned_operation|accomplice_involved|psychological_manipulation|local_knowledge,Single offender acted alone. evidence of pre-planned operation. at least one accomplice was involved in the act. victim was manipulated psychologically. suspect demonstrated knowledge of the local area.,5,0
FIR-01531,murder,rural_area,MH,night,knife,none,infrastructure,26-35,1,4,1,0,multiple_offenders|physical_restraint|lone_wolf,Multiple offenders participated. victim was physically restrained. single offender acted alone.,9,0
FIR-01532,burglary,marketplace,GJ,morning,rope,forced_entry,household,18-25,0,0,0,0,night_operation|repeat_target|physical_restraint|insider_help,Crime was executed during nighttime hours. location or victim was targeted previously. victim was physically restrained. insider assistance may have been involved.,7,1
FIR-01533,assault,residential_area,TN,morning,knife,none,vehicle,46-60,0,0,0,0,escape_vehicle_used|opportunistic|evidence_concealment|insider_help,Suspect escaped using a vehicle. crime appears to be opportunistic in nature. suspect attempted to conceal evidence. insider assistance may have been involved.,5,0
FIR-01534,burglary,parking_lot,HR,midnight,blunt_object,forced_entry,commercial_establishment,26-35,0,0,0,0,night_operation|local_knowledge|use_of_disguise|accomplice_involved|use_of_technology,Crime was executed during nighttime hours. suspect demonstrated knowledge of the local area. suspect used a disguise to conceal identity. at least one accomplice was involved in the act. digital tools or devices were used.,7,0
FIR-01535,murder,industrial_area,BR,night,blunt_object,tunneling,individual,18-25,0,1,0,0,prior_surveillance|opportunistic|planned_operation,Suspect conducted prior surveillance of the target. crime appears to be opportunistic in nature. evidence of pre-planned operation.,10,0
FIR-01536,burglary,public_transport,GJ,afternoon,none,lock_picking,commercial_establishment,60+,1,0,0,0,evidence_concealment|insider_help|local_knowledge|use_of_technology|physical_restraint,Suspect attempted to conceal evidence. insider assistance may have been involved. suspect demonstrated knowledge of the local area. digital tools or devices were used. victim was physically restrained.,6,0
FIR-01537,assault,public_transport,AP,evening,knife,none,individual,36-45,1,1,0,0,multiple_offenders|lone_wolf|physical_restraint,Multiple offenders participated. single offender acted alone. victim was physically restrained.,7,1
FIR-01538,burglary,highway,BR,midnight,blunt_object,forced_entry,individual,60+,0,0,0,0,psychological_manipulation|evidence_concealment,Victim was manipulated psychologically. suspect attempted to conceal evidence.,5,1
FIR-01539,vandalism,commercial_zone,UP,afternoon,chemical,none,government_property,36-45,0,0,0,0,insider_help|local_knowledge|psychological_manipulation,Insider assistance may have been involved. suspect demonstrated knowledge of the local area. victim was manipulated psychologically.,4,0
FIR-01540,vandalism,commercial_zone,UP,midnight,improvised_tool,none,public_space,18-25,0,0,1,0,accomplice_involved|lone_wolf,At least one accomplice was involved in the act. single offender acted alone.,2,0
FIR-01541,murder,bank_premises,BR,morning,blunt_object,none,individual,46-60,1,0,0,0,repeat_target|prior_surveillance|planned_operation,Location or victim was targeted previously. suspect conducted prior surveillance of the target. evidence of pre-planned operation.,9,1
FIR-01542,assault,industrial_area,BR,afternoon,none,none,individual,60+,1,3,1,0,prior_surveillance|multiple_offenders|physical_restraint|planned_operation|escape_vehicle_used,Suspect conducted prior surveillance of the target. multiple offenders participated. victim was physically restrained. evidence of pre-planned operation. suspect escaped using a vehicle.,7,0
FIR-01543,murder,educational_institution,WB,evening,firearm,forced_entry,individual,36-45,0,1,1,0,prior_surveillance|insider_help|evidence_concealment|local_knowledge,Suspect conducted prior surveillance of the target. insider assistance may have been involved. suspect attempted to conceal evidence. suspect demonstrated knowledge of the local area.,10,0
FIR-01544,fraud,bank_premises,AP,afternoon,firearm,forced_entry,financial_institution,46-60,0,0,0,1,physical_restraint|use_of_disguise|planned_operation,Victim was physically restrained. suspect used a disguise to conceal identity. evidence of pre-planned operation.,8,0
FIR-01545,kidnapping,public_transport,DL,morning,knife,impersonation,individual,36-45,0,0,0,0,accomplice_involved|opportunistic|planned_operation|escape_vehicle_used|local_knowledge,At least one accomplice was involved in the act. crime appears to be opportunistic in nature. evidence of pre-planned operation. suspect escaped using a vehicle. suspect demonstrated knowledge of the local area.,10,0
FIR-01546,robbery,industrial_area,AP,evening,none,social_engineering,household,36-45,0,0,1,0,opportunistic|local_knowledge,Crime appears to be opportunistic in nature. suspect demonstrated knowledge of the local area.,8,0
FIR-01547,vehicle_theft,parking_lot,TS,midnight,knife,lock_picking,vehicle,46-60,1,1,0,0,lone_wolf|prior_surveillance,Single offender acted alone. suspect conducted prior surveillance of the target.,3,0
FIR-01548,drug_offense,residential_area,PB,midnight,none,none,individual,36-45,1,1,1,0,insider_help|night_operation|planned_operation|use_of_technology,Insider assistance may have been involved. crime was executed during nighttime hours. evidence of pre-planned operation. digital tools or devices were used.,6,1
FIR-01549,murder,commercial_zone,BR,evening,knife,impersonation,individual,juvenile,0,1,1,0,accomplice_involved|psychological_manipulation,At least one accomplice was involved in the act. victim was manipulated psychologically.,9,0
FIR-01550,burglary,public_transport,TS,early_morning,blunt_object,forced_entry,household,60+,0,1,1,0,use_of_disguise|prior_surveillance,Suspect used a disguise to conceal identity. suspect conducted prior surveillance of the target.,5,0
FIR-01551,vandalism,public_transport,RJ,evening,chemical,none,public_space,46-60,1,4,1,0,physical_restraint|repeat_target|multiple_offenders|local_knowledge|use_of_disguise,Victim was physically restrained. location or victim was targeted previously. multiple offenders participated. suspect demonstrated knowledge of the local area. suspect used a disguise to conceal identity.,3,1
FIR-01552,assault,residential_area,PB,evening,none,none,individual,60+,1,1,1,0,insider_help|evidence_concealment|local_knowledge,Insider assistance may have been involved. suspect attempted to conceal evidence. suspect demonstrated knowledge of the local area.,5,0
FIR-01553,kidnapping,residential_area,GJ,midnight,chemical,social_engineering,individual,46-60,1,1,1,0,lone_wolf|repeat_target,Single offender acted alone. location or victim was targeted previously.,8,0
FIR-01554,vandalism,public_transport,MP,night,chemical,none,government_property,26-35,1,0,1,0,accomplice_involved|psychological_manipulation|opportunistic|insider_help,At least one accomplice was involved in the act. victim was manipulated psychologically. crime appears to be opportunistic in nature. insider assistance may have been involved.,3,1
FIR-01555,vehicle_theft,commercial_zone,DL,midnight,improvised_tool,tunneling,household,juvenile,0,1,1,0,escape_vehicle_used|local_knowledge,Suspect escaped using a vehicle. suspect demonstrated knowledge of the local area.,3,0
FIR-01556,kidnapping,parking_lot,DL,night,firearm,social_engineering,individual,36-45,0,1,1,0,accomplice_involved|multiple_offenders|psychological_manipulation,At least one accomplice was involved in the act. multiple offenders participated. victim was manipulated psychologically.,10,0
FIR-01557,drug_offense,parking_lot,TS,night,knife,social_engineering,public_space,36-45,0,1,1,0,psychological_manipulation|multiple_offenders,Victim was manipulated psychologically. multiple offenders participated.,6,1
FIR-01558,drug_offense,parking_lot,MP,midnight,chemical,none,public_space,60+,1,0,1,0,local_knowledge|prior_surveillance|repeat_target|use_of_disguise,Suspect demonstrated knowledge of the local area. suspect conducted prior surveillance of the target. location or victim was targeted previously. suspect used a disguise to conceal identity.,5,1
FIR-01559,drug_offense,marketplace,MP,midnight,knife,none,individual,26-35,1,1,1,0,escape_vehicle_used|local_knowledge|use_of_disguise|physical_restraint,Suspect escaped using a vehicle. suspect demonstrated knowledge of the local area. suspect used a disguise to conceal identity. victim was physically restrained.,4,1
FIR-01560,kidnapping,rural_area,KA,evening,chemical,social_engineering,individual,26-35,1,0,0,0,lone_wolf|local_knowledge|repeat_target|accomplice_involved,Single offender acted alone. suspect demonstrated knowledge of the local area. location or victim was targeted previously. at least one accomplice was involved in the act.,8,1
FIR-01561,vandalism,marketplace,TS,morning,chemical,none,commercial_establishment,26-35,0,0,0,0,use_of_technology|planned_operation|night_operation,Digital tools or devices were used. evidence of pre-planned operation. crime was executed during nighttime hours.,2,0
FIR-01562,cybercrime,rural_area,DL,night,none,cyber_access,individual,36-45,0,0,0,1,escape_vehicle_used|planned_operation,Suspect escaped using a vehicle. evidence of pre-planned operation.,5,0
FIR-01563,vehicle_theft,bank_premises,PB,early_morning,improvised_tool,cyber_access,vehicle,juvenile,1,1,1,0,night_operation|planned_operation|prior_surveillance,Crime was executed during nighttime hours. evidence of pre-planned operation. suspect conducted prior surveillance of the target.,3,1
FIR-01564,vehicle_theft,industrial_area,KA,night,improvised_tool,social_engineering,vehicle,26-35,0,1,0,0,multiple_offenders|night_operation|evidence_concealment|accomplice_involved,Multiple offenders participated. crime was executed during nighttime hours. suspect attempted to conceal evidence. at least one accomplice was involved in the act.,3,0
FIR-01565,vehicle_theft,highway,DL,night,improvised_tool,lock_picking,vehicle,36-45,1,3,0,0,escape_vehicle_used|physical_restraint|multiple_offenders|use_of_technology,Suspect escaped using a vehicle. victim was physically restrained. multiple offenders participated. digital tools or devices were used.,4,1
FIR-01566,fraud,industrial_area,MP,afternoon,none,social_engineering,individual,60+,0,4,1,1,multiple_offenders|physical_restraint|prior_surveillance|opportunistic|lone_wolf,Multiple offenders participated. victim was physically restrained. suspect conducted prior surveillance of the target. crime appears to be opportunistic in nature. single offender acted alone.,8,1
FIR-01567,assault,industrial_area,TN,evening,improvised_tool,unlocked_door,vehicle,juvenile,1,0,0,0,opportunistic|multiple_offenders|physical_restraint,Crime appears to be opportunistic in nature. multiple offenders participated. victim was physically restrained.,6,1
FIR-01568,vehicle_theft,industrial_area,BR,early_morning,none,unlocked_door,vehicle,36-45,0,0,1,0,local_knowledge|use_of_disguise|planned_operation|use_of_technology|escape_vehicle_used,Suspect demonstrated knowledge of the local area. suspect used a disguise to conceal identity. evidence of pre-planned operation. digital tools or devices were used. suspect escaped using a vehicle.,4,0
FIR-01569,assault,marketplace,TN,afternoon,blunt_object,none,individual,46-60,0,0,1,0,use_of_disguise|escape_vehicle_used|prior_surveillance|planned_operation|evidence_concealment,Suspect used a disguise to conceal identity. suspect escaped using a vehicle. suspect conducted prior surveillance of the target. evidence of pre-planned operation. suspect attempted to conceal evidence.,5,0
FIR-01570,fraud,industrial_area,WB,midnight,none,cyber_access,financial_institution,36-45,0,1,1,1,accomplice_involved|repeat_target,At least one accomplice was involved in the act. location or victim was targeted previously.,7,1
FIR-01571,vehicle_theft,marketplace,KA,night,blunt_object,none,vehicle,juvenile,0,1,1,0,accomplice_involved|local_knowledge|escape_vehicle_used|use_of_disguise,At least one accomplice was involved in the act. suspect demonstrated knowledge of the local area. suspect escaped using a vehicle. suspect used a disguise to conceal identity.,4,1
FIR-01572,drug_offense,commercial_zone,RJ,early_morning,improvised_tool,none,public_space,juvenile,0,1,1,0,escape_vehicle_used|local_knowledge,Suspect escaped using a vehicle. suspect demonstrated knowledge of the local area.,6,1
FIR-01573,murder,bank_premises,BR,midnight,knife,tunneling,individual,60+,0,0,0,0,evidence_concealment|escape_vehicle_used|night_operation|multiple_offenders|use_of_disguise,Suspect attempted to conceal evidence. suspect escaped using a vehicle. crime was executed during nighttime hours. multiple offenders participated. suspect used a disguise to conceal identity.,10,0
FIR-01574,cybercrime,highway,TN,afternoon,improvised_tool,cyber_access,individual,18-25,0,1,1,1,psychological_manipulation|physical_restraint|multiple_offenders|lone_wolf,Victim was manipulated psychologically. victim was physically restrained. multiple offenders participated. single offender acted alone.,5,0
FIR-01575,cybercrime,residential_area,PB,afternoon,none,cyber_access,individual,18-25,0,1,0,1,night_operation|evidence_concealment,Crime was executed during nighttime hours. suspect attempted to conceal evidence.,6,0
FIR-01576,kidnapping,residential_area,TS,morning,firearm,social_engineering,individual,46-60,1,2,0,0,escape_vehicle_used|multiple_offenders,Suspect escaped using a vehicle. multiple offenders participated.,9,1
FIR-01577,fraud,highway,AP,morning,none,impersonation,commercial_establishment,26-35,1,1,1,1,lone_wolf|escape_vehicle_used|physical_restraint|psychological_manipulation,Single offender acted alone. suspect escaped using a vehicle. victim was physically restrained. victim was manipulated psychologically.,7,0
FIR-01578,vandalism,highway,AP,midnight,vehicle,forced_entry,financial_institution,18-25,0,1,0,0,lone_wolf|accomplice_involved,Single offender acted alone. at least one accomplice was involved in the act.,3,1
FIR-01579,drug_offense,marketplace,HR,midnight,knife,tunneling,individual,60+,0,0,0,0,use_of_disguise|planned_operation|psychological_manipulation,Suspect used a disguise to conceal identity. evidence of pre-planned operation. victim was manipulated psychologically.,4,1
FIR-01580,cybercrime,industrial_area,TS,afternoon,none,cyber_access,individual,36-45,1,0,1,1,lone_wolf|night_operation|prior_surveillance|use_of_technology,Single offender acted alone. crime was executed during nighttime hours. suspect conducted prior surveillance of the target. digital tools or devices were used.,6,0
FIR-01581,burglary,educational_institution,KL,midnight,none,forced_entry,government_property,juvenile,0,4,1,0,multiple_offenders|night_operation|repeat_target,Multiple offenders participated. crime was executed during nighttime hours. location or victim was targeted previously.,5,0
FIR-01582,robbery,parking_lot,AP,evening,blunt_object,none,financial_institution,26-35,0,1,0,0,physical_restraint|lone_wolf,Victim was physically restrained. single offender acted alone.,9,0
FIR-01583,assault,commercial_zone,HR,midnight,knife,none,individual,18-25,1,0,0,0,use_of_technology|local_knowledge|evidence_concealment,Digital tools or devices were used. suspect demonstrated knowledge of the local area. suspect attempted to conceal evidence.,6,0
FIR-01584,vehicle_theft,industrial_area,TN,early_morning,rope,lock_picking,vehicle,36-45,1,0,0,0,night_operation|local_knowledge|accomplice_involved,Crime was executed during nighttime hours. suspect demonstrated knowledge of the local area. at least one accomplice was involved in the act.,3,1
FIR-01585,drug_offense,parking_lot,AP,night,knife,none,individual,46-60,1,0,0,0,local_knowledge|psychological_manipulation,Suspect demonstrated knowledge of the local area. victim was manipulated psychologically.,5,1
FIR-01586,robbery,rural_area,MP,early_morning,knife,none,individual,36-45,0,1,1,0,night_operation|insider_help|use_of_disguise,Crime was executed during nighttime hours. insider assistance may have been involved. suspect used a disguise to conceal identity.,8,1
FIR-01587,burglary,bank_premises,DL,midnight,firearm,lock_picking,household,46-60,0,0,0,0,physical_restraint|prior_surveillance|opportunistic|lone_wolf|accomplice_involved,Victim was physically restrained. suspect conducted prior surveillance of the target. crime appears to be opportunistic in nature. single offender acted alone. at least one accomplice was involved in the act.,5,1
FIR-01588,vehicle_theft,highway,MH,midnight,improvised_tool,unlocked_door,vehicle,26-35,0,1,0,0,lone_wolf|opportunistic|local_knowledge|escape_vehicle_used|use_of_disguise,Single offender acted alone. crime appears to be opportunistic in nature. suspect demonstrated knowledge of the local area. suspect escaped using a vehicle. suspect used a disguise to conceal identity.,5,1
FIR-01589,vehicle_theft,bank_premises,DL,midnight,none,none,public_space,60+,1,0,0,0,psychological_manipulation|local_knowledge,Victim was manipulated psychologically. suspect demonstrated knowledge of the local area.,4,0
FIR-01590,vandalism,parking_lot,RJ,night,knife,none,commercial_establishment,26-35,0,0,1,0,local_knowledge|psychological_manipulation|physical_restraint|night_operation|escape_vehicle_used,Suspect demonstrated knowledge of the local area. victim was manipulated psychologically. victim was physically restrained. crime was executed during nighttime hours. suspect escaped using a vehicle.,2,1
FIR-01591,burglary,marketplace,KA,night,none,tunneling,multiple,juvenile,0,1,1,0,planned_operation|night_operation|use_of_disguise|lone_wolf|repeat_target,Evidence of pre-planned operation. crime was executed during nighttime hours. suspect used a disguise to conceal identity. single offender acted alone. location or victim was targeted previously.,5,1
FIR-01592,drug_offense,parking_lot,MH,afternoon,none,none,public_space,60+,0,2,1,0,opportunistic|use_of_disguise|use_of_technology|evidence_concealment|multiple_offenders,Crime appears to be opportunistic in nature. suspect used a disguise to conceal identity. digital tools or devices were used. suspect attempted to conceal evidence. multiple offenders participated.,4,0
FIR-01593,cybercrime,educational_institution,PB,morning,rope,cyber_access,financial_institution,46-60,1,4,1,1,multiple_offenders|insider_help|use_of_technology,Multiple offenders participated. insider assistance may have been involved. digital tools or devices were used.,4,0
FIR-01594,vehicle_theft,educational_institution,TN,early_morning,none,none,vehicle,60+,1,1,1,0,escape_vehicle_used|use_of_technology|repeat_target|planned_operation|local_knowledge,Suspect escaped using a vehicle. digital tools or devices were used. location or victim was targeted previously. evidence of pre-planned operation. suspect demonstrated knowledge of the local area.,4,0
FIR-01595,cybercrime,rural_area,BR,morning,none,cyber_access,financial_institution,26-35,1,0,0,1,evidence_concealment|planned_operation|prior_surveillance|accomplice_involved|repeat_target,Suspect attempted to conceal evidence. evidence of pre-planned operation. suspect conducted prior surveillance of the target. at least one accomplice was involved in the act. location or victim was targeted previously.,5,1
FIR-01596,robbery,public_transport,RJ,afternoon,knife,none,financial_institution,60+,0,2,1,0,multiple_offenders|use_of_technology,Multiple offenders participated. digital tools or devices were used.,7,1
FIR-01597,burglary,rural_area,GJ,evening,blunt_object,window_break,individual,26-35,0,0,1,0,local_knowledge|opportunistic|repeat_target|use_of_disguise,Suspect demonstrated knowledge of the local area. crime appears to be opportunistic in nature. location or victim was targeted previously. suspect used a disguise to conceal identity.,7,0
FIR-01598,drug_offense,rural_area,GJ,morning,knife,none,public_space,26-35,0,0,0,0,multiple_offenders|local_knowledge|planned_operation|prior_surveillance,Multiple offenders participated. suspect demonstrated knowledge of the local area. evidence of pre-planned operation. suspect conducted prior surveillance of the target.,4,1
FIR-01599,vandalism,highway,WB,midnight,blunt_object,social_engineering,infrastructure,46-60,0,1,1,0,night_operation|psychological_manipulation|multiple_offenders,Crime was executed during nighttime hours. victim was manipulated psychologically. multiple offenders participated.,3,0
FIR-01600,drug_offense,residential_area,TN,midnight,vehicle,none,public_space,46-60,1,0,0,0,multiple_offenders|psychological_manipulation,Multiple offenders participated. victim was manipulated psychologically.,5,0
FIR-01601,robbery,public_transport,WB,evening,blunt_object,forced_entry,financial_institution,60+,0,1,1,0,prior_surveillance|escape_vehicle_used,Suspect conducted prior surveillance of the target. suspect escaped using a vehicle.,8,1
FIR-01602,robbery,parking_lot,KA,night,blunt_object,social_engineering,digital_asset,26-35,1,3,0,0,evidence_concealment|multiple_offenders,Suspect attempted to conceal evidence. multiple offenders participated.,8,0
FIR-01603,murder,marketplace,KA,evening,blunt_object,none,household,18-25,1,1,0,0,psychological_manipulation|physical_restraint|use_of_disguise|night_operation,Victim was manipulated psychologically. victim was physically restrained. suspect used a disguise to conceal identity. crime was executed during nighttime hours.,9,1
FIR-01604,drug_offense,residential_area,MP,night,knife,none,public_space,36-45,0,1,1,0,repeat_target|psychological_manipulation,Location or victim was targeted previously. victim was manipulated psychologically.,5,0
FIR-01605,kidnapping,commercial_zone,BR,midnight,none,forced_entry,individual,60+,0,0,0,0,insider_help|opportunistic|escape_vehicle_used,Insider assistance may have been involved. crime appears to be opportunistic in nature. suspect escaped using a vehicle.,8,0
FIR-01606,murder,public_transport,BR,evening,improvised_tool,tunneling,individual,juvenile,1,0,0,0,local_knowledge|repeat_target|psychological_manipulation|insider_help,Suspect demonstrated knowledge of the local area. location or victim was targeted previously. victim was manipulated psychologically. insider assistance may have been involved.,10,0
FIR-01607,fraud,parking_lot,DL,morning,improvised_tool,lock_picking,infrastructure,26-35,0,1,0,1,evidence_concealment|escape_vehicle_used,Suspect attempted to conceal evidence. suspect escaped using a vehicle.,6,0
FIR-01608,robbery,bank_premises,MH,midnight,firearm,social_engineering,multiple,18-25,0,0,1,0,escape_vehicle_used|local_knowledge|repeat_target|use_of_disguise|evidence_concealment,Suspect escaped using a vehicle. suspect demonstrated knowledge of the local area. location or victim was targeted previously. suspect used a disguise to conceal identity. suspect attempted to conceal evidence.,8,0
FIR-01609,assault,residential_area,MP,afternoon,none,none,individual,36-45,0,0,0,0,repeat_target|opportunistic,Location or victim was targeted previously. crime appears to be opportunistic in nature.,6,1
FIR-01610,robbery,marketplace,AP,midnight,knife,forced_entry,digital_asset,46-60,1,0,0,0,local_knowledge|planned_operation|escape_vehicle_used|prior_surveillance|use_of_disguise,Suspect demonstrated knowledge of the local area. evidence of pre-planned operation. suspect escaped using a vehicle. suspect conducted prior surveillance of the target. suspect used a disguise to conceal identity.,8,1
FIR-01611,vandalism,residential_area,TN,midnight,chemical,none,government_property,juvenile,0,3,0,0,prior_surveillance|multiple_offenders|local_knowledge|escape_vehicle_used|physical_restraint,Suspect conducted prior surveillance of the target. multiple offenders participated. suspect demonstrated knowledge of the local area. suspect escaped using a vehicle. victim was physically restrained.,2,0
FIR-01612,vehicle_theft,public_transport,MH,night,rope,unlocked_door,multiple,18-25,0,0,1,0,insider_help|repeat_target,Insider assistance may have been involved. location or victim was targeted previously.,5,1
FIR-01613,murder,residential_area,HR,night,blunt_object,forced_entry,individual,36-45,1,1,1,0,psychological_manipulation|planned_operation|opportunistic|insider_help,Victim was manipulated psychologically. evidence of pre-planned operation. crime appears to be opportunistic in nature. insider assistance may have been involved.,10,1
FIR-01614,cybercrime,rural_area,PB,evening,none,cyber_access,individual,juvenile,0,0,0,1,planned_operation|repeat_target,Evidence of pre-planned operation. location or victim was targeted previously.,4,1
FIR-01615,assault,educational_institution,UP,evening,blunt_object,none,digital_asset,26-35,0,0,1,0,lone_wolf|night_operation|evidence_concealment|prior_surveillance,Single offender acted alone. crime was executed during nighttime hours. suspect attempted to conceal evidence. suspect conducted prior surveillance of the target.,7,0
FIR-01616,cybercrime,industrial_area,WB,early_morning,none,none,digital_asset,26-35,1,0,0,1,escape_vehicle_used|accomplice_involved|use_of_disguise|opportunistic|evidence_concealment,Suspect escaped using a vehicle. at least one accomplice was involved in the act. suspect used a disguise to conceal identity. crime appears to be opportunistic in nature. suspect attempted to conceal evidence.,5,0
FIR-01617,fraud,highway,TN,morning,none,impersonation,commercial_establishment,18-25,0,0,1,1,repeat_target|use_of_technology|opportunistic,Location or victim was targeted previously. digital tools or devices were used. crime appears to be opportunistic in nature.,6,0
FIR-01618,assault,public_transport,KL,morning,none,none,individual,18-25,0,0,0,0,prior_surveillance|use_of_technology,Suspect conducted prior surveillance of the target. digital tools or devices were used.,6,0
FIR-01619,cybercrime,commercial_zone,TS,early_morning,none,cyber_access,digital_asset,60+,0,0,1,1,use_of_technology|opportunistic|planned_operation,Digital tools or devices were used. crime appears to be opportunistic in nature. evidence of pre-planned operation.,4,0
FIR-01620,murder,commercial_zone,RJ,midnight,firearm,window_break,individual,36-45,0,2,1,0,prior_surveillance|lone_wolf|psychological_manipulation|multiple_offenders|planned_operation,Suspect conducted prior surveillance of the target. single offender acted alone. victim was manipulated psychologically. multiple offenders participated. evidence of pre-planned operation.,10,0
FIR-01621,cybercrime,industrial_area,KA,midnight,none,cyber_access,individual,36-45,1,4,1,1,repeat_target|psychological_manipulation|multiple_offenders,Location or victim was targeted previously. victim was manipulated psychologically. multiple offenders participated.,6,1
FIR-01622,drug_offense,public_transport,WB,early_morning,none,none,individual,46-60,0,0,0,0,planned_operation|psychological_manipulation|night_operation|accomplice_involved|escape_vehicle_used,Evidence of pre-planned operation. victim was manipulated psychologically. crime was executed during nighttime hours. at least one accomplice was involved in the act. suspect escaped using a vehicle.,4,1
FIR-01623,vandalism,highway,RJ,midnight,knife,tunneling,government_property,36-45,0,1,1,0,accomplice_involved|planned_operation|psychological_manipulation|insider_help|night_operation,At least one accomplice was involved in the act. evidence of pre-planned operation. victim was manipulated psychologically. insider assistance may have been involved. crime was executed during nighttime hours.,3,0
FIR-01624,robbery,residential_area,MP,night,blunt_object,social_engineering,individual,18-25,1,2,1,0,repeat_target|multiple_offenders|insider_help|planned_operation,Location or victim was targeted previously. multiple offenders participated. insider assistance may have been involved. evidence of pre-planned operation.,7,1
FIR-01625,vandalism,public_transport,AP,morning,chemical,cyber_access,public_space,46-60,1,1,1,0,physical_restraint|prior_surveillance|night_operation|use_of_technology,Victim was physically restrained. suspect conducted prior surveillance of the target. crime was executed during nighttime hours. digital tools or devices were used.,3,1
FIR-01626,fraud,industrial_area,PB,afternoon,none,impersonation,individual,60+,1,0,1,1,lone_wolf|night_operation|planned_operation,Single offender acted alone. crime was executed during nighttime hours. evidence of pre-planned operation.,6,0
FIR-01627,kidnapping,educational_institution,TN,afternoon,chemical,none,individual,46-60,0,4,0,0,multiple_offenders|psychological_manipulation,Multiple offenders participated. victim was manipulated psychologically.,8,0
FIR-01628,burglary,industrial_area,KA,midnight,none,lock_picking,financial_institution,36-45,1,1,0,0,planned_operation|psychological_manipulation|insider_help|use_of_technology|opportunistic,Evidence of pre-planned operation. victim was manipulated psychologically. insider assistance may have been involved. digital tools or devices were used. crime appears to be opportunistic in nature.,7,1
FIR-01629,murder,highway,BR,early_morning,blunt_object,roof_access,individual,26-35,0,1,1,0,night_operation|prior_surveillance|repeat_target|opportunistic,Crime was executed during nighttime hours. suspect conducted prior surveillance of the target. location or victim was targeted previously. crime appears to be opportunistic in nature.,9,0
FIR-01630,kidnapping,rural_area,MP,afternoon,none,social_engineering,individual,18-25,0,0,1,0,psychological_manipulation|planned_operation,Victim was manipulated psychologically. evidence of pre-planned operation.,8,0
FIR-01631,drug_offense,public_transport,GJ,afternoon,none,cyber_access,government_property,26-35,1,1,0,0,psychological_manipulation|physical_restraint|night_operation|use_of_technology|prior_surveillance,Victim was manipulated psychologically. victim was physically restrained. crime was executed during nighttime hours. digital tools or devices were used. suspect conducted prior surveillance of the target.,6,1
FIR-01632,assault,educational_institution,KA,afternoon,rope,roof_access,individual,18-25,0,0,0,0,escape_vehicle_used|repeat_target|use_of_technology,Suspect escaped using a vehicle. location or victim was targeted previously. digital tools or devices were used.,6,1
FIR-01633,assault,bank_premises,MH,midnight,none,none,individual,46-60,1,4,0,0,multiple_offenders|physical_restraint|repeat_target|planned_operation,Multiple offenders participated. victim was physically restrained. location or victim was targeted previously. evidence of pre-planned operation.,6,1
FIR-01634,vehicle_theft,highway,UP,midnight,none,unlocked_door,vehicle,juvenile,1,1,1,0,accomplice_involved|local_knowledge|night_operation|escape_vehicle_used,At least one accomplice was involved in the act. suspect demonstrated knowledge of the local area. crime was executed during nighttime hours. suspect escaped using a vehicle.,5,1
FIR-01635,fraud,commercial_zone,MP,afternoon,none,lock_picking,commercial_establishment,26-35,0,1,0,1,planned_operation|opportunistic|use_of_disguise,Evidence of pre-planned operation. crime appears to be opportunistic in nature. suspect used a disguise to conceal identity.,7,0
FIR-01636,robbery,marketplace,HR,night,knife,none,financial_institution,18-25,0,1,1,0,prior_surveillance|accomplice_involved,Suspect conducted prior surveillance of the target. at least one accomplice was involved in the act.,8,1
FIR-01637,robbery,parking_lot,AP,early_morning,blunt_object,unlocked_door,household,26-35,0,1,0,0,planned_operation|lone_wolf,Evidence of pre-planned operation. single offender acted alone.,9,1
FIR-01638,fraud,commercial_zone,RJ,morning,none,social_engineering,commercial_establishment,46-60,0,1,0,1,use_of_disguise|insider_help|prior_surveillance|use_of_technology|multiple_offenders,Suspect used a disguise to conceal identity. insider assistance may have been involved. suspect conducted prior surveillance of the target. digital tools or devices were used. multiple offenders participated.,8,0
FIR-01639,assault,commercial_zone,AP,night,none,tunneling,individual,18-25,1,0,0,0,use_of_disguise|local_knowledge|night_operation,Suspect used a disguise to conceal identity. suspect demonstrated knowledge of the local area. crime was executed during nighttime hours.,6,1
FIR-01640,burglary,marketplace,GJ,midnight,none,forced_entry,household,36-45,0,1,1,0,local_knowledge|use_of_disguise|escape_vehicle_used|insider_help,Suspect demonstrated knowledge of the local area. suspect used a disguise to conceal identity. suspect escaped using a vehicle. insider assistance may have been involved.,5,1
FIR-01641,robbery,parking_lot,DL,night,none,social_engineering,digital_asset,26-35,1,0,0,0,use_of_disguise|evidence_concealment|accomplice_involved|multiple_offenders|use_of_technology,Suspect used a disguise to conceal identity. suspect attempted to conceal evidence. at least one accomplice was involved in the act. multiple offenders participated. digital tools or devices were used.,9,1
FIR-01642,robbery,public_transport,UP,night,none,none,financial_institution,juvenile,1,1,1,0,repeat_target|prior_surveillance|planned_operation|local_knowledge|use_of_disguise,Location or victim was targeted previously. suspect conducted prior surveillance of the target. evidence of pre-planned operation. suspect demonstrated knowledge of the local area. suspect used a disguise to conceal identity.,8,1
FIR-01643,drug_offense,parking_lot,PB,early_morning,none,lock_picking,household,36-45,0,0,0,0,escape_vehicle_used|prior_surveillance|opportunistic|use_of_disguise,Suspect escaped using a vehicle. suspect conducted prior surveillance of the target. crime appears to be opportunistic in nature. suspect used a disguise to conceal identity.,4,1
FIR-01644,kidnapping,educational_institution,HR,morning,none,social_engineering,government_property,60+,0,1,0,0,use_of_disguise|escape_vehicle_used,Suspect used a disguise to conceal identity. suspect escaped using a vehicle.,8,0
FIR-01645,drug_offense,residential_area,TS,afternoon,knife,none,public_space,46-60,0,2,1,0,accomplice_involved|planned_operation|multiple_offenders|use_of_disguise,At least one accomplice was involved in the act. evidence of pre-planned operation. multiple offenders participated. suspect used a disguise to conceal identity.,5,0
FIR-01646,kidnapping,parking_lot,DL,evening,firearm,social_engineering,individual,26-35,1,1,1,0,physical_restraint|evidence_concealment,Victim was physically restrained. suspect attempted to conceal evidence.,10,1
FIR-01647,assault,public_transport,DL,evening,knife,none,individual,juvenile,1,1,1,0,evidence_concealment|use_of_disguise|use_of_technology|psychological_manipulation,Suspect attempted to conceal evidence. suspect used a disguise to conceal identity. digital tools or devices were used. victim was manipulated psychologically.,6,1
FIR-01648,drug_offense,commercial_zone,RJ,night,knife,none,household,36-45,1,2,1,0,multiple_offenders|prior_surveillance|local_knowledge|night_operation|repeat_target,Multiple offenders participated. suspect conducted prior surveillance of the target. suspect demonstrated knowledge of the local area. crime was executed during nighttime hours. location or victim was targeted previously.,4,1
FIR-01649,drug_offense,highway,PB,early_morning,none,impersonation,public_space,18-25,0,0,0,0,physical_restraint|prior_surveillance|use_of_disguise|accomplice_involved|opportunistic,Victim was physically restrained. suspect conducted prior surveillance of the target. suspect used a disguise to conceal identity. at least one accomplice was involved in the act. crime appears to be opportunistic in nature.,5,0
FIR-01650,robbery,highway,MH,morning,knife,social_engineering,financial_institution,juvenile,0,0,1,0,local_knowledge|lone_wolf|accomplice_involved|insider_help,Suspect demonstrated knowledge of the local area. single offender acted alone. at least one accomplice was involved in the act. insider assistance may have been involved.,8,1
FIR-01651,assault,bank_premises,GJ,night,blunt_object,none,individual,26-35,0,0,1,0,psychological_manipulation|physical_restraint,Victim was manipulated psychologically. victim was physically restrained.,7,0
FIR-01652,assault,educational_institution,BR,evening,blunt_object,lock_picking,multiple,26-35,0,1,0,0,use_of_technology|lone_wolf,Digital tools or devices were used. single offender acted alone.,5,0
FIR-01653,drug_offense,marketplace,HR,evening,none,none,public_space,46-60,0,0,0,0,accomplice_involved|local_knowledge|use_of_disguise|evidence_concealment,At least one accomplice was involved in the act. suspect demonstrated knowledge of the local area. suspect used a disguise to conceal identity. suspect attempted to conceal evidence.,5,0
FIR-01654,robbery,parking_lot,UP,evening,knife,unlocked_door,individual,36-45,0,3,0,0,multiple_offenders|opportunistic|insider_help,Multiple offenders participated. crime appears to be opportunistic in nature. insider assistance may have been involved.,9,0
FIR-01655,fraud,public_transport,KA,afternoon,vehicle,impersonation,digital_asset,60+,0,0,1,1,planned_operation|escape_vehicle_used|local_knowledge,Evidence of pre-planned operation. suspect escaped using a vehicle. suspect demonstrated knowledge of the local area.,8,0
FIR-01656,cybercrime,bank_premises,MP,morning,none,cyber_access,financial_institution,60+,0,1,1,1,psychological_manipulation|prior_surveillance,Victim was manipulated psychologically. suspect conducted prior surveillance of the target.,5,0
FIR-01657,vehicle_theft,highway,BR,early_morning,improvised_tool,unlocked_door,vehicle,36-45,1,1,1,0,repeat_target|use_of_technology,Location or victim was targeted previously. digital tools or devices were used.,4,1
FIR-01658,drug_offense,highway,GJ,early_morning,knife,none,individual,46-60,0,1,0,0,escape_vehicle_used|local_knowledge,Suspect escaped using a vehicle. suspect demonstrated knowledge of the local area.,4,0
FIR-01659,robbery,public_transport,TS,night,firearm,social_engineering,financial_institution,juvenile,0,1,0,0,local_knowledge|accomplice_involved,Suspect demonstrated knowledge of the local area. at least one accomplice was involved in the act.,8,1
FIR-01660,vandalism,public_transport,AP,night,improvised_tool,none,government_property,juvenile,0,1,1,0,night_operation|local_knowledge|accomplice_involved|psychological_manipulation|opportunistic,Crime was executed during nighttime hours. suspect demonstrated knowledge of the local area. at least one accomplice was involved in the act. victim was manipulated psychologically. crime appears to be opportunistic in nature.,2,1
FIR-01661,assault,public_transport,KA,afternoon,blunt_object,none,government_property,26-35,0,3,0,0,escape_vehicle_used|evidence_concealment|lone_wolf|use_of_technology|multiple_offenders,Suspect escaped using a vehicle. suspect attempted to conceal evidence. single offender acted alone. digital tools or devices were used. multiple offenders participated.,7,1
FIR-01662,drug_offense,commercial_zone,AP,night,none,cyber_access,commercial_establishment,26-35,0,1,0,0,use_of_technology|night_operation|insider_help|planned_operation|lone_wolf,Digital tools or devices were used. crime was executed during nighttime hours. insider assistance may have been involved. evidence of pre-planned operation. single offender acted alone.,5,1
FIR-01663,vehicle_theft,marketplace,KA,night,vehicle,lock_picking,vehicle,juvenile,0,0,1,0,physical_restraint|escape_vehicle_used,Victim was physically restrained. suspect escaped using a vehicle.,5,0
FIR-01664,drug_offense,highway,PB,midnight,knife,none,public_space,36-45,0,0,0,0,local_knowledge|prior_surveillance|lone_wolf|psychological_manipulation,Suspect demonstrated knowledge of the local area. suspect conducted prior surveillance of the target. single offender acted alone. victim was manipulated psychologically.,5,0
FIR-01665,drug_offense,bank_premises,PB,early_morning,none,social_engineering,individual,36-45,0,0,1,0,evidence_concealment|use_of_technology|local_knowledge,Suspect attempted to conceal evidence. digital tools or devices were used. suspect demonstrated knowledge of the local area.,5,1
FIR-01666,cybercrime,parking_lot,AP,morning,chemical,cyber_access,vehicle,36-45,1,0,1,1,local_knowledge|planned_operation,Suspect demonstrated knowledge of the local area. evidence of pre-planned operation.,5,0
FIR-01667,drug_offense,bank_premises,KA,night,knife,none,public_space,60+,0,1,0,0,night_operation|use_of_technology,Crime was executed during nighttime hours. digital tools or devices were used.,5,0
FIR-01668,assault,marketplace,MH,morning,improvised_tool,none,individual,60+,1,0,1,0,local_knowledge|repeat_target|psychological_manipulation,Suspect demonstrated knowledge of the local area. location or victim was targeted previously. victim was manipulated psychologically.,5,0
FIR-01669,fraud,industrial_area,AP,afternoon,vehicle,unlocked_door,commercial_establishment,juvenile,1,1,1,1,night_operation|evidence_concealment|local_knowledge,Crime was executed during nighttime hours. suspect attempted to conceal evidence. suspect demonstrated knowledge of the local area.,6,0
FIR-01670,vandalism,public_transport,HR,midnight,improvised_tool,none,commercial_establishment,26-35,0,3,1,0,planned_operation|multiple_offenders,Evidence of pre-planned operation. multiple offenders participated.,2,0
FIR-01671,vandalism,highway,PB,midnight,none,none,commercial_establishment,36-45,1,0,1,0,prior_surveillance|psychological_manipulation|local_knowledge,Suspect conducted prior surveillance of the target. victim was manipulated psychologically. suspect demonstrated knowledge of the local area.,3,1
FIR-01672,burglary,educational_institution,UP,night,blunt_object,window_break,household,26-35,0,0,0,0,use_of_technology|insider_help|physical_restraint|use_of_disguise|accomplice_involved,Digital tools or devices were used. insider assistance may have been involved. victim was physically restrained. suspect used a disguise to conceal identity. at least one accomplice was involved in the act.,7,1
FIR-01673,burglary,marketplace,AP,night,rope,lock_picking,government_property,60+,1,0,1,0,psychological_manipulation|lone_wolf,Victim was manipulated psychologically. single offender acted alone.,7,1
FIR-01674,murder,highway,MH,evening,knife,none,multiple,juvenile,0,0,0,0,lone_wolf|use_of_disguise|planned_operation,Single offender acted alone. suspect used a disguise to conceal identity. evidence of pre-planned operation.,10,0
FIR-01675,fraud,marketplace,TS,afternoon,chemical,impersonation,multiple,juvenile,0,1,1,1,escape_vehicle_used|lone_wolf|psychological_manipulation|insider_help,Suspect escaped using a vehicle. single offender acted alone. victim was manipulated psychologically. insider assistance may have been involved.,6,0
FIR-01676,burglary,industrial_area,PB,midnight,blunt_object,window_break,household,60+,0,4,1,0,multiple_offenders|use_of_technology,Multiple offenders participated. digital tools or devices were used.,7,1
FIR-01677,robbery,parking_lot,PB,evening,firearm,social_engineering,financial_institution,26-35,1,1,1,0,multiple_offenders|repeat_target|lone_wolf,Multiple offenders participated. location or victim was targeted previously. single offender acted alone.,7,0
FIR-01678,vehicle_theft,rural_area,WB,midnight,vehicle,impersonation,vehicle,46-60,0,0,1,0,local_knowledge|physical_restraint|repeat_target|lone_wolf|psychological_manipulation,Suspect demonstrated knowledge of the local area. victim was physically restrained. location or victim was targeted previously. single offender acted alone. victim was manipulated psychologically.,4,1
FIR-01679,fraud,industrial_area,MH,midnight,vehicle,impersonation,financial_institution,26-35,0,1,1,1,lone_wolf|insider_help|use_of_disguise,Single offender acted alone. insider assistance may have been involved. suspect used a disguise to conceal identity.,6,0
FIR-01680,fraud,educational_institution,PB,midnight,none,impersonation,commercial_establishment,46-60,0,2,1,1,prior_surveillance|opportunistic|night_operation|use_of_technology|multiple_offenders,Suspect conducted prior surveillance of the target. crime appears to be opportunistic in nature. crime was executed during nighttime hours. digital tools or devices were used. multiple offenders participated.,8,1
FIR-01681,vandalism,educational_institution,WB,night,chemical,none,commercial_establishment,juvenile,1,1,0,0,accomplice_involved|local_knowledge|repeat_target,At least one accomplice was involved in the act. suspect demonstrated knowledge of the local area. location or victim was targeted previously.,2,1
FIR-01682,assault,highway,MP,midnight,blunt_object,none,commercial_establishment,26-35,1,3,1,0,multiple_offenders|night_operation|lone_wolf|repeat_target|planned_operation,Multiple offenders participated. crime was executed during nighttime hours. single offender acted alone. location or victim was targeted previously. evidence of pre-planned operation.,7,1
FIR-01683,kidnapping,parking_lot,WB,midnight,blunt_object,none,financial_institution,46-60,1,1,0,0,repeat_target|local_knowledge|prior_surveillance|escape_vehicle_used,Location or victim was targeted previously. suspect demonstrated knowledge of the local area. suspect conducted prior surveillance of the target. suspect escaped using a vehicle.,10,0
FIR-01684,burglary,parking_lot,DL,early_morning,blunt_object,lock_picking,household,26-35,1,0,0,0,lone_wolf|insider_help|physical_restraint|psychological_manipulation,Single offender acted alone. insider assistance may have been involved. victim was physically restrained. victim was manipulated psychologically.,7,1
FIR-01685,burglary,bank_premises,TN,midnight,blunt_object,lock_picking,commercial_establishment,46-60,0,0,1,0,escape_vehicle_used|psychological_manipulation,Suspect escaped using a vehicle. victim was manipulated psychologically.,7,0
FIR-01686,burglary,residential_area,DL,midnight,improvised_tool,lock_picking,commercial_establishment,36-45,0,1,0,0,opportunistic|physical_restraint,Crime appears to be opportunistic in nature. victim was physically restrained.,7,1
FIR-01687,vehicle_theft,public_transport,WB,night,improvised_tool,unlocked_door,household,18-25,1,0,1,0,prior_surveillance|opportunistic|escape_vehicle_used|use_of_technology|evidence_concealment,Suspect conducted prior surveillance of the target. crime appears to be opportunistic in nature. suspect escaped using a vehicle. digital tools or devices were used. suspect attempted to conceal evidence.,3,1
FIR-01688,fraud,public_transport,TS,morning,none,window_break,infrastructure,46-60,0,1,1,1,use_of_technology|evidence_concealment|night_operation|local_knowledge|prior_surveillance,Digital tools or devices were used. suspect attempted to conceal evidence. crime was executed during nighttime hours. suspect demonstrated knowledge of the local area. suspect conducted prior surveillance of the target.,8,1
FIR-01689,vehicle_theft,industrial_area,MH,midnight,chemical,lock_picking,vehicle,46-60,0,1,1,0,night_operation|multiple_offenders|insider_help,Crime was executed during nighttime hours. multiple offenders participated. insider assistance may have been involved.,5,1
FIR-01690,cybercrime,educational_institution,MP,morning,none,cyber_access,government_property,juvenile,0,1,1,1,planned_operation|prior_surveillance|night_operation|use_of_disguise,Evidence of pre-planned operation. suspect conducted prior surveillance of the target. crime was executed during nighttime hours. suspect used a disguise to conceal identity.,4,0
FIR-01691,kidnapping,rural_area,TN,evening,chemical,social_engineering,household,18-25,0,1,1,0,repeat_target|physical_restraint,Location or victim was targeted previously. victim was physically restrained.,10,0
FIR-01692,vehicle_theft,rural_area,MH,early_morning,vehicle,social_engineering,digital_asset,26-35,0,1,1,0,lone_wolf|physical_restraint,Single offender acted alone. victim was physically restrained.,3,0
FIR-01693,burglary,rural_area,DL,midnight,none,forced_entry,multiple,18-25,0,0,0,0,prior_surveillance|evidence_concealment|repeat_target|use_of_disguise,Suspect conducted prior surveillance of the target. suspect attempted to conceal evidence. location or victim was targeted previously. suspect used a disguise to conceal identity.,7,1
FIR-01694,kidnapping,parking_lot,BR,morning,firearm,forced_entry,individual,18-25,0,1,1,0,physical_restraint|use_of_technology|repeat_target|escape_vehicle_used,Victim was physically restrained. digital tools or devices were used. location or victim was targeted previously. suspect escaped using a vehicle.,10,0
FIR-01695,murder,public_transport,PB,night,blunt_object,none,individual,46-60,1,0,0,0,opportunistic|insider_help,Crime appears to be opportunistic in nature. insider assistance may have been involved.,10,1
FIR-01696,kidnapping,marketplace,RJ,morning,firearm,none,vehicle,60+,0,0,0,0,psychological_manipulation|lone_wolf,Victim was manipulated psychologically. single offender acted alone.,8,0
FIR-01697,drug_offense,highway,TS,midnight,knife,roof_access,public_space,juvenile,0,0,1,0,physical_restraint|use_of_technology,Victim was physically restrained. digital tools or devices were used.,6,1
FIR-01698,burglary,residential_area,BR,night,blunt_object,lock_picking,commercial_establishment,36-45,0,1,1,0,escape_vehicle_used|local_knowledge|opportunistic|physical_restraint,Suspect escaped using a vehicle. suspect demonstrated knowledge of the local area. crime appears to be opportunistic in nature. victim was physically restrained.,5,0
FIR-01699,drug_offense,educational_institution,HR,night,knife,none,public_space,36-45,0,0,0,0,evidence_concealment|repeat_target|opportunistic|physical_restraint|use_of_disguise,Suspect attempted to conceal evidence. location or victim was targeted previously. crime appears to be opportunistic in nature. victim was physically restrained. suspect used a disguise to conceal identity.,6,1
FIR-01700,vehicle_theft,parking_lot,MH,night,none,roof_access,vehicle,juvenile,0,1,1,0,psychological_manipulation|lone_wolf|opportunistic|physical_restraint,Victim was manipulated psychologically. single offender acted alone. crime appears to be opportunistic in nature. victim was physically restrained.,5,0
FIR-01701,murder,highway,PB,midnight,knife,lock_picking,individual,60+,0,0,1,0,psychological_manipulation|opportunistic|physical_restraint,Victim was manipulated psychologically. crime appears to be opportunistic in nature. victim was physically restrained.,9,0
FIR-01702,kidnapping,marketplace,TS,evening,firearm,forced_entry,commercial_establishment,18-25,0,0,1,0,planned_operation|local_knowledge|accomplice_involved|repeat_target,Evidence of pre-planned operation. suspect demonstrated knowledge of the local area. at least one accomplice was involved in the act. location or victim was targeted previously.,8,0
FIR-01703,robbery,educational_institution,GJ,evening,firearm,forced_entry,individual,26-35,0,1,0,0,escape_vehicle_used|lone_wolf|planned_operation|local_knowledge,Suspect escaped using a vehicle. single offender acted alone. evidence of pre-planned operation. suspect demonstrated knowledge of the local area.,7,1
FIR-01704,vehicle_theft,residential_area,HR,early_morning,none,unlocked_door,vehicle,26-35,0,0,1,0,prior_surveillance|use_of_technology,Suspect conducted prior surveillance of the target. digital tools or devices were used.,5,1
FIR-01705,vehicle_theft,parking_lot,AP,night,improvised_tool,unlocked_door,household,36-45,1,0,1,0,local_knowledge|lone_wolf|prior_surveillance|evidence_concealment|physical_restraint,Suspect demonstrated knowledge of the local area. single offender acted alone. suspect conducted prior surveillance of the target. suspect attempted to conceal evidence. victim was physically restrained.,3,1
FIR-01706,burglary,parking_lot,DL,midnight,knife,forced_entry,household,juvenile,1,0,0,0,opportunistic|prior_surveillance|use_of_disguise,Crime appears to be opportunistic in nature. suspect conducted prior surveillance of the target. suspect used a disguise to conceal identity.,5,1
FIR-01707,vehicle_theft,bank_premises,TS,night,none,unlocked_door,financial_institution,46-60,1,1,1,0,use_of_disguise|use_of_technology|lone_wolf,Suspect used a disguise to conceal identity. digital tools or devices were used. single offender acted alone.,5,1
FIR-01708,murder,residential_area,TN,midnight,blunt_object,impersonation,commercial_establishment,46-60,1,1,1,0,opportunistic|repeat_target,Crime appears to be opportunistic in nature. location or victim was targeted previously.,10,1
FIR-01709,murder,industrial_area,AP,evening,knife,window_break,individual,36-45,0,1,1,0,insider_help|evidence_concealment|physical_restraint|local_knowledge|psychological_manipulation,Insider assistance may have been involved. suspect attempted to conceal evidence. victim was physically restrained. suspect demonstrated knowledge of the local area. victim was manipulated psychologically.,9,0
FIR-01710,cybercrime,highway,TN,evening,none,cyber_access,financial_institution,46-60,0,1,1,1,insider_help|accomplice_involved|local_knowledge|opportunistic,Insider assistance may have been involved. at least one accomplice was involved in the act. suspect demonstrated knowledge of the local area. crime appears to be opportunistic in nature.,5,1
FIR-01711,assault,parking_lot,KA,night,none,none,infrastructure,36-45,0,0,0,0,local_knowledge|planned_operation|psychological_manipulation|evidence_concealment|use_of_technology,Suspect demonstrated knowledge of the local area. evidence of pre-planned operation. victim was manipulated psychologically. suspect attempted to conceal evidence. digital tools or devices were used.,5,1
FIR-01712,vandalism,residential_area,WB,morning,chemical,none,government_property,18-25,1,1,1,0,use_of_technology|prior_surveillance|planned_operation|psychological_manipulation|escape_vehicle_used,Digital tools or devices were used. suspect conducted prior surveillance of the target. evidence of pre-planned operation. victim was manipulated psychologically. suspect escaped using a vehicle.,4,1
FIR-01713,cybercrime,rural_area,RJ,night,none,cyber_access,vehicle,46-60,0,1,1,1,lone_wolf|psychological_manipulation|planned_operation|evidence_concealment,Single offender acted alone. victim was manipulated psychologically. evidence of pre-planned operation. suspect attempted to conceal evidence.,5,0
FIR-01714,drug_offense,highway,TS,night,none,tunneling,public_space,26-35,1,1,0,0,planned_operation|evidence_concealment|night_operation|use_of_disguise,Evidence of pre-planned operation. suspect attempted to conceal evidence. crime was executed during nighttime hours. suspect used a disguise to conceal identity.,5,1
FIR-01715,cybercrime,industrial_area,TS,afternoon,blunt_object,cyber_access,financial_institution,juvenile,0,1,0,1,use_of_technology|insider_help|escape_vehicle_used|accomplice_involved|opportunistic,Digital tools or devices were used. insider assistance may have been involved. suspect escaped using a vehicle. at least one accomplice was involved in the act. crime appears to be opportunistic in nature.,4,1
FIR-01716,vandalism,public_transport,GJ,midnight,rope,none,government_property,18-25,0,0,0,0,accomplice_involved|use_of_technology|evidence_concealment|psychological_manipulation,At least one accomplice was involved in the act. digital tools or devices were used. suspect attempted to conceal evidence. victim was manipulated psychologically.,2,1
FIR-01717,vandalism,parking_lot,KL,midnight,none,impersonation,public_space,60+,1,0,0,0,repeat_target|night_operation|lone_wolf|use_of_technology,Location or victim was targeted previously. crime was executed during nighttime hours. single offender acted alone. digital tools or devices were used.,3,1
FIR-01718,murder,parking_lot,GJ,midnight,firearm,none,individual,36-45,0,1,1,0,psychological_manipulation|multiple_offenders,Victim was manipulated psychologically. multiple offenders participated.,9,1
FIR-01719,vandalism,educational_institution,TS,night,chemical,window_break,individual,juvenile,0,0,0,0,night_operation|evidence_concealment|prior_surveillance|planned_operation,Crime was executed during nighttime hours. suspect attempted to conceal evidence. suspect conducted prior surveillance of the target. evidence of pre-planned operation.,4,1
FIR-01720,robbery,educational_institution,TN,evening,none,social_engineering,household,36-45,0,1,1,0,accomplice_involved|repeat_target|night_operation,At least one accomplice was involved in the act. location or victim was targeted previously. crime was executed during nighttime hours.,7,1
FIR-01721,vehicle_theft,highway,BR,morning,none,unlocked_door,vehicle,juvenile,1,1,1,0,psychological_manipulation|use_of_technology|prior_surveillance|planned_operation,Victim was manipulated psychologically. digital tools or devices were used. suspect conducted prior surveillance of the target. evidence of pre-planned operation.,4,1
FIR-01722,fraud,residential_area,WB,afternoon,none,social_engineering,commercial_establishment,18-25,0,1,1,1,prior_surveillance|evidence_concealment,Suspect conducted prior surveillance of the target. suspect attempted to conceal evidence.,7,0
FIR-01723,burglary,highway,PB,night,blunt_object,forced_entry,household,36-45,0,0,0,0,opportunistic|night_operation|evidence_concealment,Crime appears to be opportunistic in nature. crime was executed during nighttime hours. suspect attempted to conceal evidence.,5,0
FIR-01724,burglary,rural_area,PB,midnight,vehicle,lock_picking,digital_asset,36-45,1,0,1,0,physical_restraint|night_operation|use_of_disguise|accomplice_involved|escape_vehicle_used,Victim was physically restrained. crime was executed during nighttime hours. suspect used a disguise to conceal identity. at least one accomplice was involved in the act. suspect escaped using a vehicle.,5,1
FIR-01725,assault,parking_lot,UP,night,none,none,individual,juvenile,0,2,0,0,use_of_disguise|multiple_offenders|local_knowledge|psychological_manipulation,Suspect used a disguise to conceal identity. multiple offenders participated. suspect demonstrated knowledge of the local area. victim was manipulated psychologically.,6,0
FIR-01726,fraud,public_transport,MH,morning,none,impersonation,commercial_establishment,18-25,1,1,0,1,physical_restraint|night_operation|insider_help|escape_vehicle_used,Victim was physically restrained. crime was executed during nighttime hours. insider assistance may have been involved. suspect escaped using a vehicle.,6,0
FIR-01727,kidnapping,residential_area,KA,afternoon,chemical,social_engineering,individual,60+,1,0,0,0,opportunistic|evidence_concealment,Crime appears to be opportunistic in nature. suspect attempted to conceal evidence.,10,0
FIR-01728,vehicle_theft,marketplace,AP,midnight,improvised_tool,cyber_access,vehicle,36-45,1,0,0,0,escape_vehicle_used|physical_restraint,Suspect escaped using a vehicle. victim was physically restrained.,5,1
FIR-01729,burglary,parking_lot,TN,early_morning,none,tunneling,commercial_establishment,46-60,1,1,1,0,evidence_concealment|physical_restraint,Suspect attempted to conceal evidence. victim was physically restrained.,6,1
FIR-01730,burglary,industrial_area,GJ,midnight,blunt_object,forced_entry,vehicle,60+,0,1,0,0,lone_wolf|prior_surveillance|psychological_manipulation|insider_help,Single offender acted alone. suspect conducted prior surveillance of the target. victim was manipulated psychologically. insider assistance may have been involved.,6,0
FIR-01731,vandalism,industrial_area,DL,night,chemical,cyber_access,government_property,36-45,0,3,0,0,multiple_offenders|prior_surveillance|local_knowledge,Multiple offenders participated. suspect conducted prior surveillance of the target. suspect demonstrated knowledge of the local area.,4,1
FIR-01732,robbery,highway,AP,evening,knife,forced_entry,financial_institution,juvenile,0,0,0,0,prior_surveillance|multiple_offenders|use_of_technology|accomplice_involved,Suspect conducted prior surveillance of the target. multiple offenders participated. digital tools or devices were used. at least one accomplice was involved in the act.,7,0
FIR-01733,assault,marketplace,PB,night,none,none,individual,36-45,0,0,1,0,use_of_disguise|repeat_target,Suspect used a disguise to conceal identity. location or victim was targeted previously.,6,0
FIR-01734,drug_offense,marketplace,TN,night,knife,none,individual,36-45,0,0,0,0,local_knowledge|escape_vehicle_used|evidence_concealment|physical_restraint,Suspect demonstrated knowledge of the local area. suspect escaped using a vehicle. suspect attempted to conceal evidence. victim was physically restrained.,6,0
FIR-01735,burglary,parking_lot,GJ,night,blunt_object,tunneling,infrastructure,18-25,1,1,1,0,escape_vehicle_used|accomplice_involved|planned_operation|insider_help|evidence_concealment,Suspect escaped using a vehicle. at least one accomplice was involved in the act. evidence of pre-planned operation. insider assistance may have been involved. suspect attempted to conceal evidence.,7,1
FIR-01736,vehicle_theft,educational_institution,WB,night,improvised_tool,lock_picking,vehicle,36-45,0,1,1,0,psychological_manipulation|evidence_concealment|use_of_technology|repeat_target,Victim was manipulated psychologically. suspect attempted to conceal evidence. digital tools or devices were used. location or victim was targeted previously.,3,1
FIR-01737,vandalism,public_transport,KL,midnight,blunt_object,social_engineering,multiple,juvenile,1,0,0,0,multiple_offenders|psychological_manipulation|physical_restraint|accomplice_involved,Multiple offenders participated. victim was manipulated psychologically. victim was physically restrained. at least one accomplice was involved in the act.,3,1
FIR-01738,vandalism,bank_premises,MP,night,blunt_object,none,government_property,36-45,1,1,1,0,local_knowledge|use_of_technology|use_of_disguise|lone_wolf,Suspect demonstrated knowledge of the local area. digital tools or devices were used. suspect used a disguise to conceal identity. single offender acted alone.,4,0
FIR-01739,vehicle_theft,educational_institution,MP,midnight,improvised_tool,lock_picking,public_space,36-45,1,0,1,0,opportunistic|planned_operation|physical_restraint,Crime appears to be opportunistic in nature. evidence of pre-planned operation. victim was physically restrained.,5,0
FIR-01740,fraud,marketplace,WB,morning,blunt_object,social_engineering,individual,60+,0,1,1,1,prior_surveillance|local_knowledge|night_operation|physical_restraint,Suspect conducted prior surveillance of the target. suspect demonstrated knowledge of the local area. crime was executed during nighttime hours. victim was physically restrained.,8,0
FIR-01741,burglary,public_transport,BR,midnight,none,lock_picking,commercial_establishment,juvenile,1,0,0,0,planned_operation|repeat_target|psychological_manipulation|opportunistic,Evidence of pre-planned operation. location or victim was targeted previously. victim was manipulated psychologically. crime appears to be opportunistic in nature.,5,1
FIR-01742,fraud,educational_institution,MH,morning,improvised_tool,social_engineering,financial_institution,46-60,0,1,1,1,local_knowledge|physical_restraint|escape_vehicle_used,Suspect demonstrated knowledge of the local area. victim was physically restrained. suspect escaped using a vehicle.,7,0
FIR-01743,assault,residential_area,MP,afternoon,knife,none,public_space,46-60,1,1,1,0,local_knowledge|physical_restraint,Suspect demonstrated knowledge of the local area. victim was physically restrained.,5,0
FIR-01744,robbery,marketplace,AP,evening,firearm,social_engineering,multiple,26-35,1,1,0,0,repeat_target|accomplice_involved|prior_surveillance|lone_wolf,Location or victim was targeted previously. at least one accomplice was involved in the act. suspect conducted prior surveillance of the target. single offender acted alone.,7,0
FIR-01745,vehicle_theft,bank_premises,DL,midnight,improvised_tool,unlocked_door,vehicle,60+,1,3,0,0,evidence_concealment|prior_surveillance|multiple_offenders|night_operation,Suspect attempted to conceal evidence. suspect conducted prior surveillance of the target. multiple offenders participated. crime was executed during nighttime hours.,4,1
FIR-01746,robbery,rural_area,RJ,evening,firearm,none,vehicle,26-35,0,1,1,0,opportunistic|accomplice_involved,Crime appears to be opportunistic in nature. at least one accomplice was involved in the act.,8,0
FIR-01747,vandalism,marketplace,TS,morning,blunt_object,none,government_property,18-25,1,1,1,0,local_knowledge|planned_operation|prior_surveillance|evidence_concealment,Suspect demonstrated knowledge of the local area. evidence of pre-planned operation. suspect conducted prior surveillance of the target. suspect attempted to conceal evidence.,3,1
FIR-01748,burglary,residential_area,AP,early_morning,none,forced_entry,household,36-45,0,0,0,0,night_operation|planned_operation|evidence_concealment|opportunistic,Crime was executed during nighttime hours. evidence of pre-planned operation. suspect attempted to conceal evidence. crime appears to be opportunistic in nature.,6,1
FIR-01749,burglary,parking_lot,RJ,morning,blunt_object,forced_entry,household,26-35,1,0,1,0,psychological_manipulation|repeat_target,Victim was manipulated psychologically. location or victim was targeted previously.,5,1
FIR-01750,kidnapping,rural_area,KL,morning,none,social_engineering,household,36-45,0,1,0,0,night_operation|insider_help|psychological_manipulation|physical_restraint,Crime was executed during nighttime hours. insider assistance may have been involved. victim was manipulated psychologically. victim was physically restrained.,9,1
FIR-01751,vandalism,commercial_zone,TS,midnight,blunt_object,none,commercial_establishment,60+,1,2,0,0,opportunistic|physical_restraint|lone_wolf|multiple_offenders,Crime appears to be opportunistic in nature. victim was physically restrained. single offender acted alone. multiple offenders participated.,2,1
FIR-01752,cybercrime,public_transport,DL,morning,none,cyber_access,multiple,46-60,1,1,0,1,multiple_offenders|opportunistic|use_of_disguise,Multiple offenders participated. crime appears to be opportunistic in nature. suspect used a disguise to conceal identity.,4,1
FIR-01753,robbery,highway,AP,night,rope,social_engineering,financial_institution,26-35,1,0,0,0,repeat_target|insider_help,Location or victim was targeted previously. insider assistance may have been involved.,9,1
FIR-01754,kidnapping,commercial_zone,TN,evening,chemical,none,multiple,26-35,0,0,1,0,prior_surveillance|lone_wolf,Suspect conducted prior surveillance of the target. single offender acted alone.,8,1
FIR-01755,assault,residential_area,UP,night,none,none,individual,60+,1,0,0,0,local_knowledge|use_of_disguise|planned_operation|insider_help,Suspect demonstrated knowledge of the local area. suspect used a disguise to conceal identity. evidence of pre-planned operation. insider assistance may have been involved.,7,0
FIR-01756,burglary,marketplace,RJ,afternoon,blunt_object,lock_picking,household,36-45,1,1,1,0,planned_operation|psychological_manipulation|lone_wolf,Evidence of pre-planned operation. victim was manipulated psychologically. single offender acted alone.,7,0
FIR-01757,kidnapping,rural_area,HR,afternoon,firearm,social_engineering,individual,18-25,1,0,1,0,prior_surveillance|night_operation,Suspect conducted prior surveillance of the target. crime was executed during nighttime hours.,10,0
FIR-01758,robbery,educational_institution,HR,evening,improvised_tool,roof_access,commercial_establishment,36-45,0,1,0,0,use_of_technology|use_of_disguise|planned_operation|opportunistic,Digital tools or devices were used. suspect used a disguise to conceal identity. evidence of pre-planned operation. crime appears to be opportunistic in nature.,7,1
FIR-01759,vandalism,bank_premises,DL,midnight,improvised_tool,none,government_property,60+,0,0,1,0,planned_operation|lone_wolf|evidence_concealment,Evidence of pre-planned operation. single offender acted alone. suspect attempted to conceal evidence.,4,0
FIR-01760,drug_offense,public_transport,MP,early_morning,none,none,public_space,juvenile,0,4,0,0,insider_help|accomplice_involved|multiple_offenders|lone_wolf,Insider assistance may have been involved. at least one accomplice was involved in the act. multiple offenders participated. single offender acted alone.,6,0
FIR-01761,robbery,residential_area,WB,midnight,vehicle,social_engineering,financial_institution,36-45,1,1,1,0,physical_restraint|psychological_manipulation|evidence_concealment|multiple_offenders,Victim was physically restrained. victim was manipulated psychologically. suspect attempted to conceal evidence. multiple offenders participated.,8,1
FIR-01762,murder,rural_area,GJ,midnight,knife,impersonation,individual,46-60,1,1,1,0,use_of_technology|escape_vehicle_used|opportunistic|repeat_target,Digital tools or devices were used. suspect escaped using a vehicle. crime appears to be opportunistic in nature. location or victim was targeted previously.,9,0
FIR-01763,fraud,highway,TS,morning,none,tunneling,financial_institution,18-25,0,1,1,1,night_operation|prior_surveillance,Crime was executed during nighttime hours. suspect conducted prior surveillance of the target.,7,0
FIR-01764,robbery,residential_area,DL,midnight,knife,social_engineering,vehicle,26-35,0,1,1,0,repeat_target|use_of_disguise|night_operation|evidence_concealment|lone_wolf,Location or victim was targeted previously. suspect used a disguise to conceal identity. crime was executed during nighttime hours. suspect attempted to conceal evidence. single offender acted alone.,9,1
FIR-01765,burglary,marketplace,BR,morning,none,social_engineering,household,juvenile,0,2,0,0,escape_vehicle_used|multiple_offenders|repeat_target,Suspect escaped using a vehicle. multiple offenders participated. location or victim was targeted previously.,7,0
FIR-01766,robbery,public_transport,DL,night,rope,social_engineering,financial_institution,juvenile,1,1,0,0,insider_help|accomplice_involved|prior_surveillance,Insider assistance may have been involved. at least one accomplice was involved in the act. suspect conducted prior surveillance of the target.,9,0
FIR-01767,vehicle_theft,residential_area,PB,midnight,none,tunneling,individual,18-25,0,1,0,0,prior_surveillance|night_operation,Suspect conducted prior surveillance of the target. crime was executed during nighttime hours.,4,0
FIR-01768,burglary,marketplace,UP,morning,blunt_object,forced_entry,household,juvenile,0,0,0,0,use_of_disguise|planned_operation|psychological_manipulation|use_of_technology|insider_help,Suspect used a disguise to conceal identity. evidence of pre-planned operation. victim was manipulated psychologically. digital tools or devices were used. insider assistance may have been involved.,7,1
FIR-01769,robbery,public_transport,KA,evening,knife,none,government_property,60+,0,0,1,0,planned_operation|escape_vehicle_used|night_operation|repeat_target,Evidence of pre-planned operation. suspect escaped using a vehicle. crime was executed during nighttime hours. location or victim was targeted previously.,7,1
FIR-01770,fraud,educational_institution,TN,morning,knife,window_break,financial_institution,juvenile,1,0,1,1,escape_vehicle_used|opportunistic|evidence_concealment|insider_help,Suspect escaped using a vehicle. crime appears to be opportunistic in nature. suspect attempted to conceal evidence. insider assistance may have been involved.,6,1
FIR-01771,assault,marketplace,HR,evening,none,none,individual,36-45,0,0,0,0,lone_wolf|insider_help|planned_operation|evidence_concealment|escape_vehicle_used,Single offender acted alone. insider assistance may have been involved. evidence of pre-planned operation. suspect attempted to conceal evidence. suspect escaped using a vehicle.,6,0
FIR-01772,drug_offense,parking_lot,TS,early_morning,none,none,individual,36-45,0,1,1,0,accomplice_involved|repeat_target|use_of_technology,At least one accomplice was involved in the act. location or victim was targeted previously. digital tools or devices were used.,4,1
FIR-01773,robbery,public_transport,DL,midnight,firearm,social_engineering,financial_institution,26-35,0,0,0,0,evidence_concealment|physical_restraint,Suspect attempted to conceal evidence. victim was physically restrained.,8,0
FIR-01774,robbery,bank_premises,GJ,midnight,knife,unlocked_door,household,60+,1,0,1,0,repeat_target|prior_surveillance|opportunistic|evidence_concealment|local_knowledge,Location or victim was targeted previously. suspect conducted prior surveillance of the target. crime appears to be opportunistic in nature. suspect attempted to conceal evidence. suspect demonstrated knowledge of the local area.,7,1
FIR-01775,robbery,residential_area,MH,midnight,firearm,social_engineering,public_space,18-25,0,1,0,0,escape_vehicle_used|night_operation,Suspect escaped using a vehicle. crime was executed during nighttime hours.,9,1
FIR-01776,burglary,educational_institution,BR,midnight,blunt_object,window_break,vehicle,26-35,0,1,1,0,lone_wolf|local_knowledge,Single offender acted alone. suspect demonstrated knowledge of the local area.,7,0
FIR-01777,murder,industrial_area,HR,evening,none,unlocked_door,commercial_establishment,juvenile,0,0,1,0,lone_wolf|local_knowledge,Single offender acted alone. suspect demonstrated knowledge of the local area.,10,1
FIR-01778,burglary,marketplace,TS,night,blunt_object,forced_entry,household,26-35,0,1,1,0,use_of_technology|accomplice_involved,Digital tools or devices were used. at least one accomplice was involved in the act.,5,0
FIR-01779,kidnapping,educational_institution,MH,evening,knife,social_engineering,individual,36-45,0,1,1,0,evidence_concealment|accomplice_involved|lone_wolf|local_knowledge|prior_surveillance,Suspect attempted to conceal evidence. at least one accomplice was involved in the act. single offender acted alone. suspect demonstrated knowledge of the local area. suspect conducted prior surveillance of the target.,10,0
FIR-01780,burglary,marketplace,UP,night,blunt_object,forced_entry,household,18-25,1,2,0,0,multiple_offenders|local_knowledge|use_of_technology|physical_restraint|lone_wolf,Multiple offenders participated. suspect demonstrated knowledge of the local area. digital tools or devices were used. victim was physically restrained. single offender acted alone.,7,0
FIR-01781,vehicle_theft,parking_lot,BR,night,none,lock_picking,public_space,46-60,0,3,0,0,use_of_technology|planned_operation|multiple_offenders,Digital tools or devices were used. evidence of pre-planned operation. multiple offenders participated.,4,1
FIR-01782,cybercrime,public_transport,TN,early_morning,none,cyber_access,government_property,18-25,1,0,1,1,escape_vehicle_used|evidence_concealment|planned_operation|opportunistic,Suspect escaped using a vehicle. suspect attempted to conceal evidence. evidence of pre-planned operation. crime appears to be opportunistic in nature.,4,1
FIR-01783,fraud,industrial_area,BR,afternoon,none,social_engineering,financial_institution,26-35,1,1,1,1,physical_restraint|prior_surveillance|multiple_offenders|local_knowledge|escape_vehicle_used,Victim was physically restrained. suspect conducted prior surveillance of the target. multiple offenders participated. suspect demonstrated knowledge of the local area. suspect escaped using a vehicle.,7,1
FIR-01784,robbery,commercial_zone,PB,midnight,firearm,none,individual,46-60,0,0,0,0,repeat_target|prior_surveillance,Location or victim was targeted previously. suspect conducted prior surveillance of the target.,8,1
FIR-01785,kidnapping,educational_institution,TS,morning,firearm,none,individual,18-25,0,0,1,0,insider_help|escape_vehicle_used|local_knowledge|opportunistic|night_operation,Insider assistance may have been involved. suspect escaped using a vehicle. suspect demonstrated knowledge of the local area. crime appears to be opportunistic in nature. crime was executed during nighttime hours.,10,0
FIR-01786,kidnapping,educational_institution,UP,afternoon,chemical,social_engineering,individual,60+,1,1,1,0,use_of_technology|multiple_offenders,Digital tools or devices were used. multiple offenders participated.,9,0
FIR-01787,fraud,commercial_zone,PB,morning,none,social_engineering,financial_institution,26-35,0,1,0,1,accomplice_involved|use_of_disguise|local_knowledge|night_operation,At least one accomplice was involved in the act. suspect used a disguise to conceal identity. suspect demonstrated knowledge of the local area. crime was executed during nighttime hours.,7,1
FIR-01788,fraud,rural_area,BR,morning,blunt_object,tunneling,individual,juvenile,0,4,1,1,accomplice_involved|multiple_offenders|insider_help|escape_vehicle_used,At least one accomplice was involved in the act. multiple offenders participated. insider assistance may have been involved. suspect escaped using a vehicle.,6,0
FIR-01789,vehicle_theft,educational_institution,HR,midnight,improvised_tool,tunneling,vehicle,26-35,0,0,0,0,use_of_technology|local_knowledge|physical_restraint|night_operation|prior_surveillance,Digital tools or devices were used. suspect demonstrated knowledge of the local area. victim was physically restrained. crime was executed during nighttime hours. suspect conducted prior surveillance of the target.,4,1
FIR-01790,kidnapping,rural_area,HR,evening,chemical,none,individual,26-35,1,3,0,0,insider_help|local_knowledge|multiple_offenders|use_of_technology|opportunistic,Insider assistance may have been involved. suspect demonstrated knowledge of the local area. multiple offenders participated. digital tools or devices were used. crime appears to be opportunistic in nature.,9,0
FIR-01791,vandalism,rural_area,TN,night,blunt_object,none,government_property,60+,0,0,0,0,use_of_disguise|local_knowledge,Suspect used a disguise to conceal identity. suspect demonstrated knowledge of the local area.,4,1
FIR-01792,cybercrime,marketplace,TN,afternoon,vehicle,cyber_access,digital_asset,26-35,1,1,0,1,accomplice_involved|night_operation|use_of_disguise|opportunistic|prior_surveillance,At least one accomplice was involved in the act. crime was executed during nighttime hours. suspect used a disguise to conceal identity. crime appears to be opportunistic in nature. suspect conducted prior surveillance of the target.,4,0
FIR-01793,vandalism,public_transport,DL,midnight,chemical,social_engineering,commercial_establishment,36-45,0,1,1,0,use_of_technology|physical_restraint|planned_operation|escape_vehicle_used|repeat_target,Digital tools or devices were used. victim was physically restrained. evidence of pre-planned operation. suspect escaped using a vehicle. location or victim was targeted previously.,3,1
FIR-01794,murder,industrial_area,KL,early_morning,improvised_tool,none,government_property,36-45,1,0,0,0,repeat_target|multiple_offenders|use_of_disguise,Location or victim was targeted previously. multiple offenders participated. suspect used a disguise to conceal identity.,10,0
FIR-01795,vehicle_theft,residential_area,KA,night,none,lock_picking,vehicle,60+,0,1,0,0,local_knowledge|opportunistic|psychological_manipulation|lone_wolf,Suspect demonstrated knowledge of the local area. crime appears to be opportunistic in nature. victim was manipulated psychologically. single offender acted alone.,3,1
FIR-01796,drug_offense,bank_premises,AP,night,none,tunneling,commercial_establishment,60+,1,0,1,0,physical_restraint|psychological_manipulation|lone_wolf|opportunistic|evidence_concealment,Victim was physically restrained. victim was manipulated psychologically. single offender acted alone. crime appears to be opportunistic in nature. suspect attempted to conceal evidence.,6,1
FIR-01797,kidnapping,marketplace,KL,afternoon,knife,none,individual,18-25,0,1,0,0,planned_operation|physical_restraint|evidence_concealment|local_knowledge|escape_vehicle_used,Evidence of pre-planned operation. victim was physically restrained. suspect attempted to conceal evidence. suspect demonstrated knowledge of the local area. suspect escaped using a vehicle.,8,0
FIR-01798,burglary,bank_premises,BR,midnight,firearm,lock_picking,commercial_establishment,36-45,0,3,0,0,psychological_manipulation|night_operation|multiple_offenders|insider_help|accomplice_involved,Victim was manipulated psychologically. crime was executed during nighttime hours. multiple offenders participated. insider assistance may have been involved. at least one accomplice was involved in the act.,6,1
FIR-01799,robbery,residential_area,AP,afternoon,firearm,none,financial_institution,36-45,1,0,0,0,lone_wolf|insider_help|multiple_offenders,Single offender acted alone. insider assistance may have been involved. multiple offenders participated.,7,0
FIR-01800,vandalism,industrial_area,KL,night,chemical,window_break,government_property,60+,0,0,0,0,prior_surveillance|use_of_technology|use_of_disguise|planned_operation,Suspect conducted prior surveillance of the target. digital tools or devices were used. suspect used a disguise to conceal identity. evidence of pre-planned operation.,2,0
FIR-01801,murder,bank_premises,PB,night,knife,forced_entry,household,46-60,0,1,1,0,escape_vehicle_used|use_of_disguise|night_operation|physical_restraint,Suspect escaped using a vehicle. suspect used a disguise to conceal identity. crime was executed during nighttime hours. victim was physically restrained.,10,0
FIR-01802,burglary,rural_area,WB,night,none,lock_picking,commercial_establishment,juvenile,1,0,1,0,planned_operation|use_of_disguise,Evidence of pre-planned operation. suspect used a disguise to conceal identity.,7,1
FIR-01803,burglary,commercial_zone,BR,afternoon,none,cyber_access,government_property,18-25,1,2,1,0,multiple_offenders|insider_help|psychological_manipulation|opportunistic|use_of_technology,Multiple offenders participated. insider assistance may have been involved. victim was manipulated psychologically. crime appears to be opportunistic in nature. digital tools or devices were used.,6,1
FIR-01804,drug_offense,industrial_area,RJ,night,none,none,public_space,18-25,1,0,0,0,local_knowledge|use_of_disguise|insider_help|lone_wolf,Suspect demonstrated knowledge of the local area. suspect used a disguise to conceal identity. insider assistance may have been involved. single offender acted alone.,5,1
FIR-01805,cybercrime,residential_area,KL,morning,none,cyber_access,vehicle,60+,1,0,1,1,repeat_target|accomplice_involved|insider_help|planned_operation|evidence_concealment,Location or victim was targeted previously. at least one accomplice was involved in the act. insider assistance may have been involved. evidence of pre-planned operation. suspect attempted to conceal evidence.,5,0
FIR-01806,robbery,parking_lot,KL,evening,knife,impersonation,financial_institution,46-60,0,0,1,0,psychological_manipulation|insider_help|repeat_target|physical_restraint,Victim was manipulated psychologically. insider assistance may have been involved. location or victim was targeted previously. victim was physically restrained.,7,1
FIR-01807,kidnapping,parking_lot,MP,morning,none,window_break,individual,36-45,0,1,0,0,planned_operation|insider_help|lone_wolf|prior_surveillance,Evidence of pre-planned operation. insider assistance may have been involved. single offender acted alone. suspect conducted prior surveillance of the target.,8,1
FIR-01808,robbery,bank_premises,KA,midnight,chemical,none,public_space,juvenile,1,0,1,0,accomplice_involved|insider_help|psychological_manipulation|physical_restraint,At least one accomplice was involved in the act. insider assistance may have been involved. victim was manipulated psychologically. victim was physically restrained.,8,1
FIR-01809,fraud,industrial_area,TN,morning,none,roof_access,financial_institution,36-45,0,0,0,1,night_operation|use_of_disguise|opportunistic|planned_operation|insider_help,Crime was executed during nighttime hours. suspect used a disguise to conceal identity. crime appears to be opportunistic in nature. evidence of pre-planned operation. insider assistance may have been involved.,6,0
FIR-01810,burglary,rural_area,UP,midnight,vehicle,window_break,household,18-25,0,0,1,0,psychological_manipulation|local_knowledge|planned_operation,Victim was manipulated psychologically. suspect demonstrated knowledge of the local area. evidence of pre-planned operation.,5,1
FIR-01811,murder,commercial_zone,PB,morning,knife,none,individual,18-25,0,1,1,0,planned_operation|use_of_disguise|physical_restraint|use_of_technology,Evidence of pre-planned operation. suspect used a disguise to conceal identity. victim was physically restrained. digital tools or devices were used.,10,0
FIR-01812,murder,commercial_zone,HR,early_morning,knife,forced_entry,individual,26-35,1,1,1,0,accomplice_involved|prior_surveillance|local_knowledge|repeat_target|escape_vehicle_used,At least one accomplice was involved in the act. suspect conducted prior surveillance of the target. suspect demonstrated knowledge of the local area. location or victim was targeted previously. suspect escaped using a vehicle.,10,0
FIR-01813,cybercrime,rural_area,KL,evening,none,cyber_access,digital_asset,36-45,0,1,1,1,prior_surveillance|escape_vehicle_used|opportunistic|repeat_target,Suspect conducted prior surveillance of the target. suspect escaped using a vehicle. crime appears to be opportunistic in nature. location or victim was targeted previously.,6,0
FIR-01814,robbery,public_transport,DL,midnight,firearm,cyber_access,financial_institution,60+,1,0,0,0,opportunistic|planned_operation|night_operation|escape_vehicle_used|repeat_target,Crime appears to be opportunistic in nature. evidence of pre-planned operation. crime was executed during nighttime hours. suspect escaped using a vehicle. location or victim was targeted previously.,7,0
FIR-01815,assault,marketplace,PB,evening,none,none,individual,60+,1,1,1,0,prior_surveillance|repeat_target|escape_vehicle_used,Suspect conducted prior surveillance of the target. location or victim was targeted previously. suspect escaped using a vehicle.,7,1
FIR-01816,kidnapping,highway,KA,afternoon,knife,social_engineering,individual,juvenile,1,1,1,0,use_of_disguise|lone_wolf|accomplice_involved,Suspect used a disguise to conceal identity. single offender acted alone. at least one accomplice was involved in the act.,10,1
FIR-01817,murder,highway,RJ,midnight,rope,cyber_access,public_space,36-45,0,1,0,0,local_knowledge|prior_surveillance|use_of_technology|opportunistic|use_of_disguise,Suspect demonstrated knowledge of the local area. suspect conducted prior surveillance of the target. digital tools or devices were used. crime appears to be opportunistic in nature. suspect used a disguise to conceal identity.,10,1
FIR-01818,vandalism,parking_lot,MP,midnight,improvised_tool,social_engineering,commercial_establishment,46-60,0,1,0,0,evidence_concealment|use_of_disguise|insider_help,Suspect attempted to conceal evidence. suspect used a disguise to conceal identity. insider assistance may have been involved.,4,1
FIR-01819,assault,parking_lot,WB,evening,knife,none,commercial_establishment,46-60,0,3,1,0,multiple_offenders|local_knowledge|psychological_manipulation,Multiple offenders participated. suspect demonstrated knowledge of the local area. victim was manipulated psychologically.,5,1
FIR-01820,assault,public_transport,MP,night,blunt_object,none,individual,juvenile,0,0,1,0,insider_help|multiple_offenders|prior_surveillance,Insider assistance may have been involved. multiple offenders participated. suspect conducted prior surveillance of the target.,5,0
FIR-01821,burglary,educational_institution,UP,midnight,blunt_object,lock_picking,household,26-35,0,1,1,0,psychological_manipulation|accomplice_involved,Victim was manipulated psychologically. at least one accomplice was involved in the act.,6,1
FIR-01822,fraud,marketplace,BR,morning,none,impersonation,financial_institution,60+,1,1,0,1,psychological_manipulation|opportunistic|planned_operation,Victim was manipulated psychologically. crime appears to be opportunistic in nature. evidence of pre-planned operation.,8,0
FIR-01823,vehicle_theft,marketplace,MP,night,improvised_tool,roof_access,vehicle,60+,0,0,1,0,local_knowledge|lone_wolf|prior_surveillance|escape_vehicle_used,Suspect demonstrated knowledge of the local area. single offender acted alone. suspect conducted prior surveillance of the target. suspect escaped using a vehicle.,5,1
FIR-01824,assault,parking_lot,RJ,night,knife,window_break,commercial_establishment,18-25,0,1,0,0,repeat_target|planned_operation|use_of_technology|opportunistic,Location or victim was targeted previously. evidence of pre-planned operation. digital tools or devices were used. crime appears to be opportunistic in nature.,6,0
FIR-01825,kidnapping,commercial_zone,HR,evening,firearm,forced_entry,individual,46-60,1,3,0,0,repeat_target|multiple_offenders|prior_surveillance|night_operation,Location or victim was targeted previously. multiple offenders participated. suspect conducted prior surveillance of the target. crime was executed during nighttime hours.,10,0
FIR-01826,robbery,rural_area,HR,early_morning,blunt_object,tunneling,financial_institution,60+,1,1,1,0,use_of_technology|planned_operation|escape_vehicle_used|use_of_disguise,Digital tools or devices were used. evidence of pre-planned operation. suspect escaped using a vehicle. suspect used a disguise to conceal identity.,7,1
FIR-01827,kidnapping,educational_institution,KL,evening,chemical,roof_access,individual,18-25,1,0,0,0,psychological_manipulation|night_operation|evidence_concealment,Victim was manipulated psychologically. crime was executed during nighttime hours. suspect attempted to conceal evidence.,9,0
FIR-01828,burglary,industrial_area,UP,midnight,chemical,window_break,commercial_establishment,juvenile,0,0,0,0,planned_operation|local_knowledge|opportunistic|prior_surveillance,Evidence of pre-planned operation. suspect demonstrated knowledge of the local area. crime appears to be opportunistic in nature. suspect conducted prior surveillance of the target.,6,1
FIR-01829,vehicle_theft,public_transport,MH,night,improvised_tool,unlocked_door,vehicle,juvenile,0,0,0,0,lone_wolf|insider_help,Single offender acted alone. insider assistance may have been involved.,5,1
FIR-01830,fraud,public_transport,RJ,morning,improvised_tool,social_engineering,financial_institution,36-45,1,1,0,1,lone_wolf|planned_operation|accomplice_involved|insider_help,Single offender acted alone. evidence of pre-planned operation. at least one accomplice was involved in the act. insider assistance may have been involved.,7,1
FIR-01831,fraud,rural_area,TN,morning,none,social_engineering,individual,60+,0,0,1,1,use_of_technology|use_of_disguise|insider_help,Digital tools or devices were used. suspect used a disguise to conceal identity. insider assistance may have been involved.,6,0
FIR-01832,burglary,highway,WB,early_morning,none,lock_picking,household,18-25,0,0,0,0,opportunistic|lone_wolf|repeat_target|local_knowledge,Crime appears to be opportunistic in nature. single offender acted alone. location or victim was targeted previously. suspect demonstrated knowledge of the local area.,5,1
FIR-01833,assault,industrial_area,GJ,afternoon,blunt_object,none,individual,36-45,0,0,0,0,psychological_manipulation|insider_help|evidence_concealment|accomplice_involved,Victim was manipulated psychologically. insider assistance may have been involved. suspect attempted to conceal evidence. at least one accomplice was involved in the act.,5,0
FIR-01834,kidnapping,parking_lot,MH,morning,rope,forced_entry,vehicle,juvenile,1,1,1,0,use_of_technology|night_operation|planned_operation|repeat_target,Digital tools or devices were used. crime was executed during nighttime hours. evidence of pre-planned operation. location or victim was targeted previously.,9,0
FIR-01835,cybercrime,industrial_area,KL,morning,rope,roof_access,financial_institution,18-25,0,1,1,1,accomplice_involved|insider_help,At least one accomplice was involved in the act. insider assistance may have been involved.,4,0
FIR-01836,drug_offense,bank_premises,TS,night,none,none,public_space,26-35,0,0,0,0,planned_operation|night_operation,Evidence of pre-planned operation. crime was executed during nighttime hours.,5,1
FIR-01837,burglary,marketplace,BR,night,none,impersonation,commercial_establishment,36-45,1,1,1,0,escape_vehicle_used|use_of_technology|planned_operation|accomplice_involved|insider_help,Suspect escaped using a vehicle. digital tools or devices were used. evidence of pre-planned operation. at least one accomplice was involved in the act. insider assistance may have been involved.,7,1
FIR-01838,burglary,highway,KA,midnight,blunt_object,none,vehicle,46-60,0,0,1,0,psychological_manipulation|repeat_target,Victim was manipulated psychologically. location or victim was targeted previously.,7,0
FIR-01839,robbery,highway,TS,midnight,none,none,financial_institution,46-60,1,1,0,0,multiple_offenders|opportunistic|local_knowledge|planned_operation,Multiple offenders participated. crime appears to be opportunistic in nature. suspect demonstrated knowledge of the local area. evidence of pre-planned operation.,9,1
FIR-01840,murder,commercial_zone,AP,morning,none,forced_entry,individual,juvenile,1,1,1,0,psychological_manipulation|accomplice_involved|escape_vehicle_used,Victim was manipulated psychologically. at least one accomplice was involved in the act. suspect escaped using a vehicle.,10,1
FIR-01841,vehicle_theft,highway,TN,night,improvised_tool,unlocked_door,vehicle,26-35,1,0,0,0,accomplice_involved|use_of_technology|evidence_concealment|night_operation|insider_help,At least one accomplice was involved in the act. digital tools or devices were used. suspect attempted to conceal evidence. crime was executed during nighttime hours. insider assistance may have been involved.,5,1
FIR-01842,burglary,parking_lot,GJ,night,none,forced_entry,household,60+,1,1,1,0,local_knowledge|lone_wolf|use_of_disguise|use_of_technology,Suspect demonstrated knowledge of the local area. single offender acted alone. suspect used a disguise to conceal identity. digital tools or devices were used.,6,1
FIR-01843,vehicle_theft,marketplace,AP,early_morning,improvised_tool,lock_picking,digital_asset,60+,1,1,0,0,repeat_target|evidence_concealment|lone_wolf|planned_operation|local_knowledge,Location or victim was targeted previously. suspect attempted to conceal evidence. single offender acted alone. evidence of pre-planned operation. suspect demonstrated knowledge of the local area.,4,0
FIR-01844,kidnapping,residential_area,GJ,early_morning,knife,social_engineering,individual,46-60,1,1,0,0,psychological_manipulation|local_knowledge|evidence_concealment,Victim was manipulated psychologically. suspect demonstrated knowledge of the local area. suspect attempted to conceal evidence.,10,1
FIR-01845,kidnapping,public_transport,KA,morning,chemical,none,public_space,60+,0,0,0,0,opportunistic|insider_help|prior_surveillance|escape_vehicle_used|psychological_manipulation,Crime appears to be opportunistic in nature. insider assistance may have been involved. suspect conducted prior surveillance of the target. suspect escaped using a vehicle. victim was manipulated psychologically.,8,0
FIR-01846,cybercrime,parking_lot,KL,afternoon,none,cyber_access,government_property,60+,1,4,1,1,local_knowledge|multiple_offenders,Suspect demonstrated knowledge of the local area. multiple offenders participated.,4,1
FIR-01847,drug_offense,educational_institution,HR,midnight,chemical,roof_access,multiple,juvenile,1,0,0,0,use_of_disguise|use_of_technology|planned_operation|physical_restraint,Suspect used a disguise to conceal identity. digital tools or devices were used. evidence of pre-planned operation. victim was physically restrained.,5,1
FIR-01848,cybercrime,public_transport,MH,evening,none,none,infrastructure,46-60,1,0,1,1,use_of_technology|insider_help|planned_operation,Digital tools or devices were used. insider assistance may have been involved. evidence of pre-planned operation.,4,0
FIR-01849,murder,residential_area,RJ,night,blunt_object,none,commercial_establishment,juvenile,1,0,1,0,opportunistic|prior_surveillance|lone_wolf|psychological_manipulation,Crime appears to be opportunistic in nature. suspect conducted prior surveillance of the target. single offender acted alone. victim was manipulated psychologically.,10,1
FIR-01850,assault,educational_institution,AP,evening,none,none,individual,juvenile,0,0,1,0,opportunistic|insider_help,Crime appears to be opportunistic in nature. insider assistance may have been involved.,5,1
FIR-01851,murder,marketplace,GJ,night,knife,forced_entry,individual,60+,1,0,1,0,prior_surveillance|escape_vehicle_used,Suspect conducted prior surveillance of the target. suspect escaped using a vehicle.,9,1
FIR-01852,kidnapping,public_transport,BR,morning,chemical,social_engineering,individual,46-60,0,1,1,0,escape_vehicle_used|lone_wolf,Suspect escaped using a vehicle. single offender acted alone.,9,1
FIR-01853,kidnapping,marketplace,MP,morning,none,none,individual,18-25,0,0,0,0,use_of_technology|prior_surveillance,Digital tools or devices were used. suspect conducted prior surveillance of the target.,8,1
FIR-01854,cybercrime,residential_area,GJ,evening,blunt_object,cyber_access,individual,juvenile,0,0,1,1,opportunistic|repeat_target|escape_vehicle_used,Crime appears to be opportunistic in nature. location or victim was targeted previously. suspect escaped using a vehicle.,4,1
FIR-01855,assault,public_transport,DL,evening,blunt_object,none,household,juvenile,1,1,0,0,physical_restraint|use_of_disguise|use_of_technology|escape_vehicle_used,Victim was physically restrained. suspect used a disguise to conceal identity. digital tools or devices were used. suspect escaped using a vehicle.,6,1
FIR-01856,robbery,bank_premises,KL,early_morning,firearm,none,public_space,36-45,1,1,1,0,opportunistic|evidence_concealment,Crime appears to be opportunistic in nature. suspect attempted to conceal evidence.,7,1
FIR-01857,assault,marketplace,HR,evening,none,social_engineering,individual,60+,0,0,1,0,planned_operation|psychological_manipulation|multiple_offenders|prior_surveillance,Evidence of pre-planned operation. victim was manipulated psychologically. multiple offenders participated. suspect conducted prior surveillance of the target.,7,1
FIR-01858,vehicle_theft,rural_area,MP,early_morning,improvised_tool,lock_picking,vehicle,juvenile,1,0,0,0,opportunistic|use_of_technology|repeat_target|planned_operation,Crime appears to be opportunistic in nature. digital tools or devices were used. location or victim was targeted previously. evidence of pre-planned operation.,4,0
FIR-01859,murder,residential_area,WB,midnight,knife,forced_entry,individual,60+,1,0,0,0,accomplice_involved|opportunistic|use_of_technology|night_operation,At least one accomplice was involved in the act. crime appears to be opportunistic in nature. digital tools or devices were used. crime was executed during nighttime hours.,10,1
FIR-01860,murder,parking_lot,DL,evening,blunt_object,forced_entry,individual,juvenile,0,0,0,0,repeat_target|prior_surveillance|opportunistic,Location or victim was targeted previously. suspect conducted prior surveillance of the target. crime appears to be opportunistic in nature.,9,1
FIR-01861,cybercrime,educational_institution,RJ,morning,none,unlocked_door,digital_asset,juvenile,1,1,0,1,evidence_concealment|psychological_manipulation,Suspect attempted to conceal evidence. victim was manipulated psychologically.,5,0
FIR-01862,robbery,public_transport,TS,evening,improvised_tool,social_engineering,financial_institution,60+,1,1,0,0,accomplice_involved|insider_help|escape_vehicle_used|psychological_manipulation,At least one accomplice was involved in the act. insider assistance may have been involved. suspect escaped using a vehicle. victim was manipulated psychologically.,8,1
FIR-01863,vehicle_theft,rural_area,RJ,early_morning,firearm,lock_picking,government_property,60+,0,1,1,0,lone_wolf|insider_help|planned_operation|accomplice_involved|physical_restraint,Single offender acted alone. insider assistance may have been involved. evidence of pre-planned operation. at least one accomplice was involved in the act. victim was physically restrained.,3,0
FIR-01864,burglary,marketplace,UP,night,blunt_object,forced_entry,commercial_establishment,juvenile,0,1,1,0,prior_surveillance|repeat_target|escape_vehicle_used,Suspect conducted prior surveillance of the target. location or victim was targeted previously. suspect escaped using a vehicle.,5,0
FIR-01865,drug_offense,parking_lot,TS,evening,none,none,individual,26-35,0,1,1,0,use_of_technology|evidence_concealment|physical_restraint,Digital tools or devices were used. suspect attempted to conceal evidence. victim was physically restrained.,4,1
FIR-01866,assault,residential_area,KL,morning,none,none,individual,18-25,0,1,0,0,insider_help|physical_restraint,Insider assistance may have been involved. victim was physically restrained.,7,0
FIR-01867,vandalism,public_transport,MP,afternoon,improvised_tool,window_break,public_space,46-60,1,1,1,0,escape_vehicle_used|use_of_disguise|evidence_concealment|night_operation|physical_restraint,Suspect escaped using a vehicle. suspect used a disguise to conceal identity. suspect attempted to conceal evidence. crime was executed during nighttime hours. victim was physically restrained.,4,1
FIR-01868,kidnapping,residential_area,TS,morning,none,social_engineering,government_property,36-45,1,0,0,0,multiple_offenders|planned_operation,Multiple offenders participated. evidence of pre-planned operation.,9,1
FIR-01869,cybercrime,industrial_area,TN,morning,none,cyber_access,vehicle,36-45,1,2,1,1,opportunistic|lone_wolf|night_operation|multiple_offenders|evidence_concealment,Crime appears to be opportunistic in nature. single offender acted alone. crime was executed during nighttime hours. multiple offenders participated. suspect attempted to conceal evidence.,5,1
FIR-01870,fraud,commercial_zone,WB,morning,none,window_break,household,juvenile,1,0,1,1,physical_restraint|evidence_concealment|opportunistic|insider_help,Victim was physically restrained. suspect attempted to conceal evidence. crime appears to be opportunistic in nature. insider assistance may have been involved.,6,0
FIR-01871,assault,commercial_zone,KA,afternoon,firearm,none,individual,36-45,0,1,0,0,use_of_technology|psychological_manipulation|planned_operation,Digital tools or devices were used. victim was manipulated psychologically. evidence of pre-planned operation.,7,1
FIR-01872,cybercrime,residential_area,GJ,morning,none,cyber_access,digital_asset,36-45,0,1,0,1,escape_vehicle_used|psychological_manipulation|accomplice_involved|local_knowledge,Suspect escaped using a vehicle. victim was manipulated psychologically. at least one accomplice was involved in the act. suspect demonstrated knowledge of the local area.,5,0
FIR-01873,vehicle_theft,residential_area,MP,midnight,improvised_tool,unlocked_door,household,60+,1,1,0,0,local_knowledge|repeat_target|night_operation|escape_vehicle_used,Suspect demonstrated knowledge of the local area. location or victim was targeted previously. crime was executed during nighttime hours. suspect escaped using a vehicle.,5,1
FIR-01874,cybercrime,parking_lot,DL,morning,rope,lock_picking,financial_institution,36-45,0,0,1,1,multiple_offenders|night_operation|escape_vehicle_used|insider_help|repeat_target,Multiple offenders participated. crime was executed during nighttime hours. suspect escaped using a vehicle. insider assistance may have been involved. location or victim was targeted previously.,4,0
FIR-01875,vandalism,marketplace,GJ,midnight,blunt_object,none,government_property,juvenile,0,0,0,0,night_operation|lone_wolf,Crime was executed during nighttime hours. single offender acted alone.,2,1
FIR-01876,robbery,bank_premises,TS,night,firearm,forced_entry,financial_institution,18-25,1,1,0,0,accomplice_involved|use_of_technology|planned_operation,At least one accomplice was involved in the act. digital tools or devices were used. evidence of pre-planned operation.,8,0
FIR-01877,fraud,industrial_area,BR,afternoon,none,impersonation,commercial_establishment,juvenile,1,0,1,1,physical_restraint|accomplice_involved,Victim was physically restrained. at least one accomplice was involved in the act.,7,1
FIR-01878,kidnapping,commercial_zone,GJ,afternoon,chemical,social_engineering,digital_asset,60+,0,1,1,0,psychological_manipulation|escape_vehicle_used|physical_restraint,Victim was manipulated psychologically. suspect escaped using a vehicle. victim was physically restrained.,10,0
FIR-01879,fraud,public_transport,GJ,afternoon,none,impersonation,financial_institution,juvenile,1,3,1,1,evidence_concealment|psychological_manipulation|multiple_offenders|physical_restraint|lone_wolf,Suspect attempted to conceal evidence. victim was manipulated psychologically. multiple offenders participated. victim was physically restrained. single offender acted alone.,6,1
FIR-01880,kidnapping,bank_premises,GJ,afternoon,chemical,lock_picking,individual,juvenile,1,0,0,0,insider_help|physical_restraint|prior_surveillance|night_operation,Insider assistance may have been involved. victim was physically restrained. suspect conducted prior surveillance of the target. crime was executed during nighttime hours.,9,1
FIR-01881,drug_offense,public_transport,KA,early_morning,none,none,digital_asset,26-35,0,0,0,0,prior_surveillance|lone_wolf|insider_help|opportunistic|accomplice_involved,Suspect conducted prior surveillance of the target. single offender acted alone. insider assistance may have been involved. crime appears to be opportunistic in nature. at least one accomplice was involved in the act.,4,0
FIR-01882,drug_offense,residential_area,PB,midnight,knife,none,infrastructure,18-25,1,1,1,0,accomplice_involved|use_of_technology|opportunistic|local_knowledge,At least one accomplice was involved in the act. digital tools or devices were used. crime appears to be opportunistic in nature. suspect demonstrated knowledge of the local area.,4,1
FIR-01883,fraud,rural_area,PB,morning,none,none,multiple,juvenile,1,1,1,1,escape_vehicle_used|local_knowledge|lone_wolf|opportunistic|insider_help,Suspect escaped using a vehicle. suspect demonstrated knowledge of the local area. single offender acted alone. crime appears to be opportunistic in nature. insider assistance may have been involved.,7,0
FIR-01884,assault,marketplace,PB,evening,none,none,digital_asset,46-60,0,0,1,0,evidence_concealment|local_knowledge,Suspect attempted to conceal evidence. suspect demonstrated knowledge of the local area.,5,1
FIR-01885,vandalism,highway,KA,morning,blunt_object,none,commercial_establishment,36-45,0,1,1,0,repeat_target|prior_surveillance,Location or victim was targeted previously. suspect conducted prior surveillance of the target.,4,0
FIR-01886,burglary,industrial_area,AP,night,none,forced_entry,government_property,36-45,0,1,1,0,psychological_manipulation|night_operation|multiple_offenders|escape_vehicle_used|use_of_technology,Victim was manipulated psychologically. crime was executed during nighttime hours. multiple offenders participated. suspect escaped using a vehicle. digital tools or devices were used.,7,1
FIR-01887,kidnapping,industrial_area,KA,afternoon,knife,social_engineering,individual,juvenile,1,1,0,0,repeat_target|prior_surveillance|planned_operation|local_knowledge,Location or victim was targeted previously. suspect conducted prior surveillance of the target. evidence of pre-planned operation. suspect demonstrated knowledge of the local area.,9,1
FIR-01888,robbery,rural_area,BR,midnight,blunt_object,none,financial_institution,46-60,0,0,1,0,accomplice_involved|repeat_target|evidence_concealment,At least one accomplice was involved in the act. location or victim was targeted previously. suspect attempted to conceal evidence.,9,0
FIR-01889,robbery,residential_area,PB,evening,blunt_object,none,financial_institution,46-60,1,1,0,0,use_of_disguise|use_of_technology|psychological_manipulation|repeat_target,Suspect used a disguise to conceal identity. digital tools or devices were used. victim was manipulated psychologically. location or victim was targeted previously.,9,1
FIR-01890,assault,residential_area,UP,afternoon,knife,none,infrastructure,60+,0,1,1,0,accomplice_involved|physical_restraint,At least one accomplice was involved in the act. victim was physically restrained.,6,1
FIR-01891,murder,rural_area,GJ,evening,firearm,forced_entry,individual,26-35,0,0,1,0,planned_operation|repeat_target,Evidence of pre-planned operation. location or victim was targeted previously.,10,0
FIR-01892,cybercrime,parking_lot,GJ,evening,blunt_object,lock_picking,digital_asset,26-35,1,0,0,1,repeat_target|night_operation,Location or victim was targeted previously. crime was executed during nighttime hours.,4,0
FIR-01893,fraud,highway,MH,morning,none,impersonation,individual,26-35,1,0,1,1,prior_surveillance|planned_operation|insider_help|repeat_target|escape_vehicle_used,Suspect conducted prior surveillance of the target. evidence of pre-planned operation. insider assistance may have been involved. location or victim was targeted previously. suspect escaped using a vehicle.,8,1
FIR-01894,cybercrime,public_transport,KA,evening,rope,cyber_access,infrastructure,60+,0,1,1,1,lone_wolf|night_operation|prior_surveillance|use_of_disguise|physical_restraint,Single offender acted alone. crime was executed during nighttime hours. suspect conducted prior surveillance of the target. suspect used a disguise to conceal identity. victim was physically restrained.,5,1
FIR-01895,assault,marketplace,HR,afternoon,vehicle,none,individual,36-45,1,0,1,0,opportunistic|use_of_technology|repeat_target|lone_wolf,Crime appears to be opportunistic in nature. digital tools or devices were used. location or victim was targeted previously. single offender acted alone.,7,0
FIR-01896,vandalism,educational_institution,PB,night,blunt_object,none,multiple,26-35,0,0,0,0,physical_restraint|planned_operation|repeat_target|local_knowledge,Victim was physically restrained. evidence of pre-planned operation. location or victim was targeted previously. suspect demonstrated knowledge of the local area.,2,1
FIR-01897,cybercrime,rural_area,KA,afternoon,none,cyber_access,individual,26-35,0,1,0,1,use_of_disguise|use_of_technology,Suspect used a disguise to conceal identity. digital tools or devices were used.,5,0
FIR-01898,robbery,highway,UP,afternoon,none,none,individual,36-45,0,1,0,0,accomplice_involved|escape_vehicle_used|use_of_disguise|use_of_technology,At least one accomplice was involved in the act. suspect escaped using a vehicle. suspect used a disguise to conceal identity. digital tools or devices were used.,7,0
FIR-01899,murder,public_transport,RJ,evening,blunt_object,forced_entry,individual,juvenile,1,0,1,0,prior_surveillance|escape_vehicle_used|insider_help|physical_restraint,Suspect conducted prior surveillance of the target. suspect escaped using a vehicle. insider assistance may have been involved. victim was physically restrained.,10,0
FIR-01900,cybercrime,industrial_area,HR,afternoon,none,cyber_access,financial_institution,46-60,1,0,1,1,use_of_disguise|opportunistic|psychological_manipulation|prior_surveillance,Suspect used a disguise to conceal identity. crime appears to be opportunistic in nature. victim was manipulated psychologically. suspect conducted prior surveillance of the target.,5,1
FIR-01901,fraud,highway,AP,early_morning,rope,impersonation,commercial_establishment,46-60,0,1,1,1,insider_help|planned_operation,Insider assistance may have been involved. evidence of pre-planned operation.,6,0
FIR-01902,kidnapping,public_transport,AP,afternoon,chemical,social_engineering,individual,18-25,1,0,1,0,opportunistic|use_of_disguise|repeat_target,Crime appears to be opportunistic in nature. suspect used a disguise to conceal identity. location or victim was targeted previously.,8,0
FIR-01903,kidnapping,educational_institution,PB,morning,rope,none,public_space,46-60,0,1,0,0,evidence_concealment|use_of_technology|repeat_target|lone_wolf|insider_help,Suspect attempted to conceal evidence. digital tools or devices were used. location or victim was targeted previously. single offender acted alone. insider assistance may have been involved.,10,0
FIR-01904,robbery,highway,BR,night,knife,none,individual,46-60,0,0,1,0,opportunistic|local_knowledge|evidence_concealment,Crime appears to be opportunistic in nature. suspect demonstrated knowledge of the local area. suspect attempted to conceal evidence.,9,0
FIR-01905,cybercrime,residential_area,WB,morning,none,social_engineering,individual,juvenile,1,0,1,1,use_of_disguise|physical_restraint,Suspect used a disguise to conceal identity. victim was physically restrained.,5,0
FIR-01906,burglary,industrial_area,MH,afternoon,knife,forced_entry,household,18-25,1,3,1,0,multiple_offenders|insider_help|night_operation|psychological_manipulation,Multiple offenders participated. insider assistance may have been involved. crime was executed during nighttime hours. victim was manipulated psychologically.,6,1
FIR-01907,kidnapping,residential_area,PB,afternoon,knife,social_engineering,individual,18-25,0,0,1,0,planned_operation|prior_surveillance|night_operation|local_knowledge|use_of_disguise,Evidence of pre-planned operation. suspect conducted prior surveillance of the target. crime was executed during nighttime hours. suspect demonstrated knowledge of the local area. suspect used a disguise to conceal identity.,10,0
FIR-01908,cybercrime,commercial_zone,MP,evening,none,cyber_access,digital_asset,juvenile,0,3,1,1,prior_surveillance|night_operation|multiple_offenders,Suspect conducted prior surveillance of the target. crime was executed during nighttime hours. multiple offenders participated.,4,0
FIR-01909,drug_offense,commercial_zone,TS,midnight,none,lock_picking,household,juvenile,0,0,1,0,lone_wolf|insider_help,Single offender acted alone. insider assistance may have been involved.,4,0
FIR-01910,kidnapping,industrial_area,PB,morning,chemical,social_engineering,individual,36-45,1,4,0,0,psychological_manipulation|prior_surveillance|night_operation|multiple_offenders,Victim was manipulated psychologically. suspect conducted prior surveillance of the target. crime was executed during nighttime hours. multiple offenders participated.,9,0
FIR-01911,assault,public_transport,KL,afternoon,improvised_tool,none,individual,60+,1,1,1,0,repeat_target|escape_vehicle_used|evidence_concealment,Location or victim was targeted previously. suspect escaped using a vehicle. suspect attempted to conceal evidence.,5,0
FIR-01912,kidnapping,highway,WB,morning,chemical,social_engineering,individual,46-60,0,1,0,0,use_of_disguise|evidence_concealment|escape_vehicle_used|local_knowledge|planned_operation,Suspect used a disguise to conceal identity. suspect attempted to conceal evidence. suspect escaped using a vehicle. suspect demonstrated knowledge of the local area. evidence of pre-planned operation.,9,0
FIR-01913,drug_offense,rural_area,KA,early_morning,none,none,household,juvenile,0,0,1,0,evidence_concealment|planned_operation|repeat_target|physical_restraint|accomplice_involved,Suspect attempted to conceal evidence. evidence of pre-planned operation. location or victim was targeted previously. victim was physically restrained. at least one accomplice was involved in the act.,6,1
FIR-01914,fraud,rural_area,KA,afternoon,rope,social_engineering,financial_institution,60+,0,1,0,1,repeat_target|physical_restraint,Location or victim was targeted previously. victim was physically restrained.,7,1
FIR-01915,cybercrime,bank_premises,PB,afternoon,firearm,cyber_access,financial_institution,46-60,1,0,1,1,prior_surveillance|local_knowledge|escape_vehicle_used|evidence_concealment,Suspect conducted prior surveillance of the target. suspect demonstrated knowledge of the local area. suspect escaped using a vehicle. suspect attempted to conceal evidence.,6,0
FIR-01916,vandalism,rural_area,HR,midnight,blunt_object,unlocked_door,commercial_establishment,46-60,1,0,1,0,night_operation|physical_restraint,Crime was executed during nighttime hours. victim was physically restrained.,2,0
FIR-01917,burglary,bank_premises,BR,night,blunt_object,lock_picking,commercial_establishment,juvenile,1,0,0,0,repeat_target|prior_surveillance,Location or victim was targeted previously. suspect conducted prior surveillance of the target.,5,0
FIR-01918,robbery,industrial_area,TN,evening,rope,social_engineering,public_space,juvenile,0,1,1,0,physical_restraint|local_knowledge|repeat_target,Victim was physically restrained. suspect demonstrated knowledge of the local area. location or victim was targeted previously.,8,0
FIR-01919,murder,educational_institution,AP,evening,blunt_object,none,public_space,18-25,1,0,1,0,accomplice_involved|opportunistic|repeat_target|planned_operation|insider_help,At least one accomplice was involved in the act. crime appears to be opportunistic in nature. location or victim was targeted previously. evidence of pre-planned operation. insider assistance may have been involved.,9,1
FIR-01920,cybercrime,marketplace,TN,early_morning,none,cyber_access,infrastructure,60+,0,0,0,1,escape_vehicle_used|use_of_technology,Suspect escaped using a vehicle. digital tools or devices were used.,5,0
FIR-01921,assault,marketplace,BR,evening,knife,none,individual,46-60,1,0,1,0,psychological_manipulation|use_of_technology,Victim was manipulated psychologically. digital tools or devices were used.,5,1
FIR-01922,kidnapping,parking_lot,MH,afternoon,knife,social_engineering,individual,60+,0,1,1,0,lone_wolf|night_operation,Single offender acted alone. crime was executed during nighttime hours.,9,0
FIR-01923,murder,parking_lot,PB,midnight,chemical,forced_entry,individual,18-25,0,1,1,0,use_of_technology|accomplice_involved,Digital tools or devices were used. at least one accomplice was involved in the act.,10,0
FIR-01924,murder,industrial_area,TS,night,vehicle,none,individual,26-35,1,1,0,0,accomplice_involved|night_operation,At least one accomplice was involved in the act. crime was executed during nighttime hours.,10,0
FIR-01925,vandalism,parking_lot,KL,midnight,improvised_tool,none,commercial_establishment,juvenile,0,1,1,0,insider_help|use_of_technology|lone_wolf,Insider assistance may have been involved. digital tools or devices were used. single offender acted alone.,4,0
FIR-01926,kidnapping,commercial_zone,HR,early_morning,none,impersonation,individual,18-25,0,0,1,0,prior_surveillance|psychological_manipulation|night_operation|physical_restraint,Suspect conducted prior surveillance of the target. victim was manipulated psychologically. crime was executed during nighttime hours. victim was physically restrained.,9,0
FIR-01927,cybercrime,parking_lot,TN,evening,none,cyber_access,digital_asset,60+,0,0,1,1,prior_surveillance|use_of_disguise|planned_operation|local_knowledge|multiple_offenders,Suspect conducted prior surveillance of the target. suspect used a disguise to conceal identity. evidence of pre-planned operation. suspect demonstrated knowledge of the local area. multiple offenders participated.,4,1
FIR-01928,robbery,commercial_zone,MP,midnight,knife,social_engineering,household,36-45,1,0,0,0,lone_wolf|multiple_offenders|insider_help|planned_operation,Single offender acted alone. multiple offenders participated. insider assistance may have been involved. evidence of pre-planned operation.,8,0
FIR-01929,drug_offense,rural_area,KA,night,none,none,public_space,36-45,1,0,1,0,insider_help|psychological_manipulation|multiple_offenders,Insider assistance may have been involved. victim was manipulated psychologically. multiple offenders participated.,5,1
FIR-01930,murder,highway,GJ,midnight,blunt_object,none,individual,26-35,0,1,1,0,use_of_disguise|night_operation|planned_operation|repeat_target|physical_restraint,Suspect used a disguise to conceal identity. crime was executed during nighttime hours. evidence of pre-planned operation. location or victim was targeted previously. victim was physically restrained.,10,0
FIR-01931,robbery,educational_institution,HR,midnight,knife,social_engineering,financial_institution,60+,0,0,0,0,psychological_manipulation|use_of_disguise|escape_vehicle_used,Victim was manipulated psychologically. suspect used a disguise to conceal identity. suspect escaped using a vehicle.,9,1
FIR-01932,drug_offense,public_transport,MP,night,vehicle,lock_picking,public_space,18-25,0,1,1,0,psychological_manipulation|insider_help,Victim was manipulated psychologically. insider assistance may have been involved.,6,1
FIR-01933,burglary,commercial_zone,TN,night,none,window_break,household,46-60,1,0,0,0,accomplice_involved|use_of_disguise|local_knowledge|insider_help,At least one accomplice was involved in the act. suspect used a disguise to conceal identity. suspect demonstrated knowledge of the local area. insider assistance may have been involved.,6,1
FIR-01934,cybercrime,educational_institution,BR,afternoon,none,cyber_access,digital_asset,46-60,1,1,0,1,psychological_manipulation|insider_help|prior_surveillance|opportunistic,Victim was manipulated psychologically. insider assistance may have been involved. suspect conducted prior surveillance of the target. crime appears to be opportunistic in nature.,5,1
FIR-01935,kidnapping,marketplace,RJ,evening,chemical,none,commercial_establishment,juvenile,1,1,1,0,opportunistic|escape_vehicle_used|lone_wolf|use_of_technology|psychological_manipulation,Crime appears to be opportunistic in nature. suspect escaped using a vehicle. single offender acted alone. digital tools or devices were used. victim was manipulated psychologically.,9,1
FIR-01936,kidnapping,educational_institution,MP,morning,firearm,none,individual,36-45,0,0,0,0,multiple_offenders|use_of_technology|accomplice_involved,Multiple offenders participated. digital tools or devices were used. at least one accomplice was involved in the act.,8,0
FIR-01937,assault,highway,GJ,afternoon,none,none,individual,18-25,1,1,0,0,night_operation|lone_wolf|use_of_technology|opportunistic,Crime was executed during nighttime hours. single offender acted alone. digital tools or devices were used. crime appears to be opportunistic in nature.,6,1
FIR-01938,drug_offense,rural_area,TN,midnight,none,none,individual,36-45,1,1,0,0,repeat_target|planned_operation|insider_help,Location or victim was targeted previously. evidence of pre-planned operation. insider assistance may have been involved.,6,1
FIR-01939,cybercrime,bank_premises,KL,night,vehicle,unlocked_door,financial_institution,46-60,1,0,1,1,use_of_disguise|night_operation|evidence_concealment,Suspect used a disguise to conceal identity. crime was executed during nighttime hours. suspect attempted to conceal evidence.,5,0
FIR-01940,assault,highway,TS,evening,none,tunneling,individual,juvenile,0,1,0,0,planned_operation|prior_surveillance|physical_restraint,Evidence of pre-planned operation. suspect conducted prior surveillance of the target. victim was physically restrained.,6,1
FIR-01941,drug_offense,highway,TN,early_morning,none,none,individual,18-25,1,0,0,0,local_knowledge|prior_surveillance|accomplice_involved|insider_help,Suspect demonstrated knowledge of the local area. suspect conducted prior surveillance of the target. at least one accomplice was involved in the act. insider assistance may have been involved.,5,1
FIR-01942,vehicle_theft,educational_institution,DL,midnight,improvised_tool,window_break,public_space,46-60,0,0,0,0,insider_help|repeat_target|multiple_offenders|psychological_manipulation|escape_vehicle_used,Insider assistance may have been involved. location or victim was targeted previously. multiple offenders participated. victim was manipulated psychologically. suspect escaped using a vehicle.,5,1
FIR-01943,robbery,bank_premises,GJ,evening,firearm,social_engineering,individual,26-35,0,1,1,0,use_of_disguise|repeat_target|local_knowledge|prior_surveillance,Suspect used a disguise to conceal identity. location or victim was targeted previously. suspect demonstrated knowledge of the local area. suspect conducted prior surveillance of the target.,8,0
FIR-01944,assault,commercial_zone,RJ,afternoon,none,none,individual,juvenile,0,0,1,0,accomplice_involved|escape_vehicle_used|psychological_manipulation|local_knowledge|prior_surveillance,At least one accomplice was involved in the act. suspect escaped using a vehicle. victim was manipulated psychologically. suspect demonstrated knowledge of the local area. suspect conducted prior surveillance of the target.,6,1
FIR-01945,kidnapping,highway,BR,evening,knife,social_engineering,individual,18-25,1,1,1,0,prior_surveillance|planned_operation,Suspect conducted prior surveillance of the target. evidence of pre-planned operation.,9,1
FIR-01946,murder,educational_institution,BR,morning,rope,social_engineering,individual,18-25,1,1,0,0,escape_vehicle_used|repeat_target|evidence_concealment,Suspect escaped using a vehicle. location or victim was targeted previously. suspect attempted to conceal evidence.,9,1
FIR-01947,robbery,residential_area,TS,night,firearm,none,individual,26-35,0,4,1,0,multiple_offenders|planned_operation,Multiple offenders participated. evidence of pre-planned operation.,8,1
FIR-01948,vehicle_theft,rural_area,KL,midnight,none,lock_picking,vehicle,26-35,0,0,0,0,opportunistic|repeat_target|local_knowledge,Crime appears to be opportunistic in nature. location or victim was targeted previously. suspect demonstrated knowledge of the local area.,3,0
FIR-01949,assault,industrial_area,PB,afternoon,none,lock_picking,individual,juvenile,1,2,0,0,prior_surveillance|accomplice_involved|multiple_offenders|use_of_disguise|planned_operation,Suspect conducted prior surveillance of the target. at least one accomplice was involved in the act. multiple offenders participated. suspect used a disguise to conceal identity. evidence of pre-planned operation.,5,1
FIR-01950,fraud,educational_institution,MH,evening,none,social_engineering,financial_institution,18-25,1,1,1,1,escape_vehicle_used|prior_surveillance|evidence_concealment,Suspect escaped using a vehicle. suspect conducted prior surveillance of the target. suspect attempted to conceal evidence.,7,0
FIR-01951,assault,highway,KA,morning,none,none,public_space,26-35,1,4,0,0,repeat_target|multiple_offenders|escape_vehicle_used|use_of_technology,Location or victim was targeted previously. multiple offenders participated. suspect escaped using a vehicle. digital tools or devices were used.,7,0
FIR-01952,vehicle_theft,industrial_area,TS,night,chemical,unlocked_door,vehicle,46-60,1,1,0,0,prior_surveillance|opportunistic|evidence_concealment|local_knowledge,Suspect conducted prior surveillance of the target. crime appears to be opportunistic in nature. suspect attempted to conceal evidence. suspect demonstrated knowledge of the local area.,5,0
FIR-01953,fraud,residential_area,MH,afternoon,improvised_tool,social_engineering,individual,46-60,0,0,1,1,use_of_technology|insider_help|physical_restraint|escape_vehicle_used,Digital tools or devices were used. insider assistance may have been involved. victim was physically restrained. suspect escaped using a vehicle.,6,1
FIR-01954,robbery,bank_premises,BR,midnight,blunt_object,forced_entry,financial_institution,60+,0,1,1,0,local_knowledge|opportunistic|psychological_manipulation|insider_help,Suspect demonstrated knowledge of the local area. crime appears to be opportunistic in nature. victim was manipulated psychologically. insider assistance may have been involved.,8,0
FIR-01955,vandalism,educational_institution,KA,midnight,improvised_tool,cyber_access,government_property,36-45,1,0,0,0,night_operation|use_of_technology,Crime was executed during nighttime hours. digital tools or devices were used.,3,1
FIR-01956,fraud,public_transport,DL,morning,none,roof_access,financial_institution,26-35,1,1,1,1,local_knowledge|physical_restraint|evidence_concealment,Suspect demonstrated knowledge of the local area. victim was physically restrained. suspect attempted to conceal evidence.,7,0
FIR-01957,assault,highway,RJ,night,knife,none,individual,18-25,0,0,0,0,lone_wolf|opportunistic,Single offender acted alone. crime appears to be opportunistic in nature.,7,1
FIR-01958,fraud,residential_area,AP,afternoon,none,social_engineering,financial_institution,18-25,0,0,1,1,insider_help|physical_restraint|opportunistic|use_of_disguise,Insider assistance may have been involved. victim was physically restrained. crime appears to be opportunistic in nature. suspect used a disguise to conceal identity.,7,0
FIR-01959,vehicle_theft,parking_lot,WB,early_morning,none,none,vehicle,46-60,0,1,1,0,lone_wolf|opportunistic|repeat_target|escape_vehicle_used,Single offender acted alone. crime appears to be opportunistic in nature. location or victim was targeted previously. suspect escaped using a vehicle.,5,1
FIR-01960,burglary,highway,AP,night,none,lock_picking,commercial_establishment,26-35,0,1,0,0,insider_help|physical_restraint|planned_operation|accomplice_involved|prior_surveillance,Insider assistance may have been involved. victim was physically restrained. evidence of pre-planned operation. at least one accomplice was involved in the act. suspect conducted prior surveillance of the target.,7,0
FIR-01961,fraud,educational_institution,KL,afternoon,none,social_engineering,individual,juvenile,0,3,0,1,multiple_offenders|physical_restraint|psychological_manipulation|repeat_target,Multiple offenders participated. victim was physically restrained. victim was manipulated psychologically. location or victim was targeted previously.,6,0
FIR-01962,robbery,parking_lot,DL,night,knife,social_engineering,financial_institution,46-60,1,0,1,0,opportunistic|night_operation|planned_operation|lone_wolf|repeat_target,Crime appears to be opportunistic in nature. crime was executed during nighttime hours. evidence of pre-planned operation. single offender acted alone. location or victim was targeted previously.,7,0
FIR-01963,drug_offense,rural_area,KL,evening,none,impersonation,digital_asset,36-45,1,1,1,0,repeat_target|multiple_offenders,Location or victim was targeted previously. multiple offenders participated.,4,1
FIR-01964,drug_offense,residential_area,MP,early_morning,none,none,public_space,60+,1,0,1,0,psychological_manipulation|lone_wolf|opportunistic|night_operation,Victim was manipulated psychologically. single offender acted alone. crime appears to be opportunistic in nature. crime was executed during nighttime hours.,4,1
FIR-01965,vehicle_theft,marketplace,RJ,midnight,improvised_tool,unlocked_door,individual,juvenile,0,0,0,0,use_of_technology|evidence_concealment|escape_vehicle_used|accomplice_involved,Digital tools or devices were used. suspect attempted to conceal evidence. suspect escaped using a vehicle. at least one accomplice was involved in the act.,4,1
FIR-01966,burglary,residential_area,RJ,afternoon,none,lock_picking,household,60+,1,0,1,0,lone_wolf|local_knowledge,Single offender acted alone. suspect demonstrated knowledge of the local area.,6,0
FIR-01967,drug_offense,industrial_area,BR,morning,knife,unlocked_door,government_property,36-45,1,0,1,0,use_of_technology|physical_restraint|escape_vehicle_used|insider_help,Digital tools or devices were used. victim was physically restrained. suspect escaped using a vehicle. insider assistance may have been involved.,6,1
FIR-01968,robbery,educational_institution,KL,midnight,firearm,cyber_access,financial_institution,36-45,0,0,0,0,insider_help|psychological_manipulation|evidence_concealment|accomplice_involved|prior_surveillance,Insider assistance may have been involved. victim was manipulated psychologically. suspect attempted to conceal evidence. at least one accomplice was involved in the act. suspect conducted prior surveillance of the target.,8,0
FIR-01969,fraud,residential_area,DL,morning,none,cyber_access,commercial_establishment,60+,0,1,1,1,prior_surveillance|repeat_target|evidence_concealment,Suspect conducted prior surveillance of the target. location or victim was targeted previously. suspect attempted to conceal evidence.,6,0
FIR-01970,burglary,rural_area,WB,night,blunt_object,forced_entry,public_space,18-25,0,1,0,0,lone_wolf|accomplice_involved,Single offender acted alone. at least one accomplice was involved in the act.,6,0
FIR-01971,murder,industrial_area,KL,evening,firearm,forced_entry,individual,46-60,0,0,1,0,physical_restraint|night_operation,Victim was physically restrained. crime was executed during nighttime hours.,10,0
FIR-01972,kidnapping,educational_institution,DL,morning,improvised_tool,social_engineering,individual,18-25,1,1,1,0,use_of_disguise|opportunistic|use_of_technology,Suspect used a disguise to conceal identity. crime appears to be opportunistic in nature. digital tools or devices were used.,9,1
FIR-01973,assault,public_transport,AP,evening,none,impersonation,individual,36-45,1,0,0,0,psychological_manipulation|escape_vehicle_used,Victim was manipulated psychologically. suspect escaped using a vehicle.,6,0
FIR-01974,kidnapping,highway,WB,morning,firearm,social_engineering,individual,36-45,1,0,1,0,physical_restraint|psychological_manipulation|prior_surveillance|opportunistic,Victim was physically restrained. victim was manipulated psychologically. suspect conducted prior surveillance of the target. crime appears to be opportunistic in nature.,10,1
FIR-01975,assault,industrial_area,KL,afternoon,chemical,none,individual,46-60,1,0,0,0,lone_wolf|use_of_technology,Single offender acted alone. digital tools or devices were used.,6,0
FIR-01976,drug_offense,bank_premises,MP,midnight,knife,none,public_space,60+,1,0,0,0,psychological_manipulation|multiple_offenders|opportunistic|use_of_disguise,Victim was manipulated psychologically. multiple offenders participated. crime appears to be opportunistic in nature. suspect used a disguise to conceal identity.,5,1
FIR-01977,murder,parking_lot,MH,evening,knife,forced_entry,individual,26-35,0,1,0,0,use_of_technology|repeat_target|accomplice_involved|use_of_disguise|night_operation,Digital tools or devices were used. location or victim was targeted previously. at least one accomplice was involved in the act. suspect used a disguise to conceal identity. crime was executed during nighttime hours.,10,0
FIR-01978,fraud,industrial_area,TS,morning,none,none,financial_institution,26-35,1,2,0,1,use_of_disguise|insider_help|local_knowledge|multiple_offenders,Suspect used a disguise to conceal identity. insider assistance may have been involved. suspect demonstrated knowledge of the local area. multiple offenders participated.,7,0
FIR-01979,vandalism,educational_institution,HR,midnight,blunt_object,none,government_property,26-35,0,0,0,0,use_of_disguise|physical_restraint,Suspect used a disguise to conceal identity. victim was physically restrained.,3,0
FIR-01980,vehicle_theft,highway,TN,evening,improvised_tool,impersonation,vehicle,26-35,1,0,0,0,repeat_target|multiple_offenders|psychological_manipulation,Location or victim was targeted previously. multiple offenders participated. victim was manipulated psychologically.,4,1
FIR-01981,burglary,public_transport,HR,night,blunt_object,window_break,commercial_establishment,36-45,0,0,0,0,night_operation|local_knowledge|use_of_disguise|planned_operation,Crime was executed during nighttime hours. suspect demonstrated knowledge of the local area. suspect used a disguise to conceal identity. evidence of pre-planned operation.,6,1
FIR-01982,burglary,bank_premises,MP,night,none,window_break,vehicle,juvenile,1,1,0,0,planned_operation|night_operation,Evidence of pre-planned operation. crime was executed during nighttime hours.,5,1
FIR-01983,drug_offense,parking_lot,MH,early_morning,none,none,public_space,46-60,0,1,1,0,insider_help|accomplice_involved,Insider assistance may have been involved. at least one accomplice was involved in the act.,6,1
FIR-01984,kidnapping,highway,UP,morning,knife,lock_picking,public_space,26-35,0,0,0,0,escape_vehicle_used|physical_restraint|use_of_technology,Suspect escaped using a vehicle. victim was physically restrained. digital tools or devices were used.,9,0
FIR-01985,murder,commercial_zone,RJ,afternoon,blunt_object,forced_entry,multiple,18-25,1,1,1,0,prior_surveillance|night_operation|lone_wolf,Suspect conducted prior surveillance of the target. crime was executed during nighttime hours. single offender acted alone.,10,1
FIR-01986,kidnapping,public_transport,KA,afternoon,rope,none,individual,juvenile,0,1,0,0,accomplice_involved|repeat_target|night_operation|use_of_technology,At least one accomplice was involved in the act. location or victim was targeted previously. crime was executed during nighttime hours. digital tools or devices were used.,9,0
FIR-01987,kidnapping,industrial_area,PB,morning,none,none,financial_institution,18-25,1,0,1,0,repeat_target|evidence_concealment|escape_vehicle_used|use_of_technology|insider_help,Location or victim was targeted previously. suspect attempted to conceal evidence. suspect escaped using a vehicle. digital tools or devices were used. insider assistance may have been involved.,8,1
FIR-01988,robbery,bank_premises,DL,midnight,vehicle,tunneling,financial_institution,36-45,0,1,1,0,psychological_manipulation|multiple_offenders,Victim was manipulated psychologically. multiple offenders participated.,9,0
FIR-01989,burglary,parking_lot,BR,midnight,improvised_tool,lock_picking,commercial_establishment,46-60,0,0,0,0,prior_surveillance|planned_operation|physical_restraint,Suspect conducted prior surveillance of the target. evidence of pre-planned operation. victim was physically restrained.,6,1
FIR-01990,fraud,bank_premises,DL,afternoon,none,cyber_access,commercial_establishment,18-25,0,1,1,1,psychological_manipulation|night_operation|repeat_target|accomplice_involved|use_of_technology,Victim was manipulated psychologically. crime was executed during nighttime hours. location or victim was targeted previously. at least one accomplice was involved in the act. digital tools or devices were used.,8,1
FIR-01991,murder,commercial_zone,WB,midnight,knife,forced_entry,individual,36-45,1,0,0,0,multiple_offenders|use_of_disguise,Multiple offenders participated. suspect used a disguise to conceal identity.,10,0
FIR-01992,kidnapping,commercial_zone,KA,evening,knife,social_engineering,individual,60+,0,0,1,0,prior_surveillance|escape_vehicle_used,Suspect conducted prior surveillance of the target. suspect escaped using a vehicle.,8,1
FIR-01993,kidnapping,marketplace,TS,night,knife,social_engineering,government_property,36-45,0,1,0,0,night_operation|accomplice_involved,Crime was executed during nighttime hours. at least one accomplice was involved in the act.,8,0
FIR-01994,drug_offense,bank_premises,WB,midnight,blunt_object,none,individual,36-45,0,1,1,0,insider_help|night_operation|multiple_offenders|escape_vehicle_used,Insider assistance may have been involved. crime was executed during nighttime hours. multiple offenders participated. suspect escaped using a vehicle.,4,0
FIR-01995,vehicle_theft,marketplace,KA,early_morning,improvised_tool,unlocked_door,vehicle,36-45,1,1,0,0,accomplice_involved|use_of_disguise|evidence_concealment|psychological_manipulation,At least one accomplice was involved in the act. suspect used a disguise to conceal identity. suspect attempted to conceal evidence. victim was manipulated psychologically.,5,0
FIR-01996,robbery,bank_premises,AP,midnight,none,social_engineering,financial_institution,18-25,0,2,1,0,physical_restraint|use_of_disguise|local_knowledge|multiple_offenders|prior_surveillance,Victim was physically restrained. suspect used a disguise to conceal identity. suspect demonstrated knowledge of the local area. multiple offenders participated. suspect conducted prior surveillance of the target.,9,0
FIR-01997,fraud,residential_area,AP,midnight,none,social_engineering,commercial_establishment,36-45,0,0,0,1,opportunistic|use_of_technology|evidence_concealment,Crime appears to be opportunistic in nature. digital tools or devices were used. suspect attempted to conceal evidence.,8,1
FIR-01998,fraud,marketplace,TS,morning,none,cyber_access,commercial_establishment,46-60,0,1,1,1,planned_operation|escape_vehicle_used|evidence_concealment|lone_wolf|accomplice_involved,Evidence of pre-planned operation. suspect escaped using a vehicle. suspect attempted to conceal evidence. single offender acted alone. at least one accomplice was involved in the act.,8,0
FIR-01999,fraud,public_transport,GJ,night,none,social_engineering,commercial_establishment,60+,0,1,1,1,use_of_disguise|physical_restraint,Suspect used a disguise to conceal identity. victim was physically restrained.,6,1
FIR-02000,vandalism,parking_lot,TS,midnight,vehicle,none,commercial_establishment,36-45,0,0,0,0,evidence_concealment|use_of_technology,Suspect attempted to conceal evidence. digital tools or devices were used.,2,0
FIR-02001,burglary,highway,MH,night,blunt_object,forced_entry,commercial_establishment,46-60,1,1,0,0,use_of_disguise|opportunistic|insider_help|lone_wolf,Suspect used a disguise to conceal identity. crime appears to be opportunistic in nature. insider assistance may have been involved. single offender acted alone.,5,1
FIR-02002,vandalism,rural_area,KL,midnight,blunt_object,none,public_space,46-60,0,1,1,0,use_of_technology|use_of_disguise|psychological_manipulation,Digital tools or devices were used. suspect used a disguise to conceal identity. victim was manipulated psychologically.,4,1
FIR-02003,kidnapping,commercial_zone,DL,evening,none,social_engineering,vehicle,36-45,0,0,0,0,psychological_manipulation|accomplice_involved|use_of_disguise,Victim was manipulated psychologically. at least one accomplice was involved in the act. suspect used a disguise to conceal identity.,9,0
FIR-02004,fraud,industrial_area,HR,afternoon,none,impersonation,commercial_establishment,36-45,0,1,1,1,evidence_concealment|opportunistic|prior_surveillance|night_operation,Suspect attempted to conceal evidence. crime appears to be opportunistic in nature. suspect conducted prior surveillance of the target. crime was executed during nighttime hours.,6,0
FIR-02005,vandalism,residential_area,DL,night,chemical,none,commercial_establishment,36-45,0,3,1,0,evidence_concealment|multiple_offenders,Suspect attempted to conceal evidence. multiple offenders participated.,3,1
FIR-02006,vandalism,educational_institution,GJ,midnight,firearm,none,government_property,18-25,1,1,1,0,accomplice_involved|night_operation|use_of_disguise,At least one accomplice was involved in the act. crime was executed during nighttime hours. suspect used a disguise to conceal identity.,2,1
FIR-02007,assault,bank_premises,KL,afternoon,knife,none,public_space,juvenile,1,1,1,0,opportunistic|use_of_technology|escape_vehicle_used|night_operation|psychological_manipulation,Crime appears to be opportunistic in nature. digital tools or devices were used. suspect escaped using a vehicle. crime was executed during nighttime hours. victim was manipulated psychologically.,6,1
FIR-02008,kidnapping,highway,BR,early_morning,chemical,social_engineering,individual,60+,1,1,0,0,opportunistic|multiple_offenders|insider_help|evidence_concealment|planned_operation,Crime appears to be opportunistic in nature. multiple offenders participated. insider assistance may have been involved. suspect attempted to conceal evidence. evidence of pre-planned operation.,9,0
FIR-02009,vandalism,public_transport,UP,midnight,blunt_object,none,public_space,36-45,0,1,0,0,accomplice_involved|opportunistic,At least one accomplice was involved in the act. crime appears to be opportunistic in nature.,3,0
FIR-02010,murder,rural_area,PB,evening,none,forced_entry,individual,18-25,0,0,1,0,insider_help|physical_restraint|planned_operation|opportunistic|use_of_disguise,Insider assistance may have been involved. victim was physically restrained. evidence of pre-planned operation. crime appears to be opportunistic in nature. suspect used a disguise to conceal identity.,10,0
FIR-02011,vandalism,parking_lot,KL,evening,improvised_tool,none,commercial_establishment,46-60,0,0,1,0,use_of_disguise|evidence_concealment|escape_vehicle_used|physical_restraint|local_knowledge,Suspect used a disguise to conceal identity. suspect attempted to conceal evidence. suspect escaped using a vehicle. victim was physically restrained. suspect demonstrated knowledge of the local area.,4,1
FIR-02012,cybercrime,commercial_zone,UP,morning,none,cyber_access,digital_asset,18-25,1,0,0,1,evidence_concealment|multiple_offenders|repeat_target,Suspect attempted to conceal evidence. multiple offenders participated. location or victim was targeted previously.,4,1
FIR-02013,kidnapping,bank_premises,UP,night,firearm,social_engineering,individual,26-35,0,1,1,0,use_of_disguise|escape_vehicle_used|physical_restraint|opportunistic,Suspect used a disguise to conceal identity. suspect escaped using a vehicle. victim was physically restrained. crime appears to be opportunistic in nature.,8,0
FIR-02014,fraud,bank_premises,TS,morning,none,impersonation,commercial_establishment,36-45,1,0,0,1,planned_operation|prior_surveillance|local_knowledge|psychological_manipulation|use_of_disguise,Evidence of pre-planned operation. suspect conducted prior surveillance of the target. suspect demonstrated knowledge of the local area. victim was manipulated psychologically. suspect used a disguise to conceal identity.,8,0
FIR-02015,vehicle_theft,rural_area,TS,night,improvised_tool,unlocked_door,vehicle,46-60,1,1,1,0,opportunistic|planned_operation|use_of_technology|psychological_manipulation|repeat_target,Crime appears to be opportunistic in nature. evidence of pre-planned operation. digital tools or devices were used. victim was manipulated psychologically. location or victim was targeted previously.,4,0
FIR-02016,cybercrime,commercial_zone,GJ,afternoon,none,cyber_access,digital_asset,46-60,0,1,1,1,accomplice_involved|lone_wolf,At least one accomplice was involved in the act. single offender acted alone.,5,0
FIR-02017,fraud,residential_area,BR,midnight,none,social_engineering,individual,46-60,0,0,0,1,evidence_concealment|physical_restraint|insider_help|local_knowledge|repeat_target,Suspect attempted to conceal evidence. victim was physically restrained. insider assistance may have been involved. suspect demonstrated knowledge of the local area. location or victim was targeted previously.,7,1
FIR-02018,murder,highway,TN,evening,firearm,forced_entry,government_property,26-35,0,4,1,0,physical_restraint|multiple_offenders|insider_help,Victim was physically restrained. multiple offenders participated. insider assistance may have been involved.,10,0
FIR-02019,vehicle_theft,bank_premises,AP,midnight,improvised_tool,lock_picking,commercial_establishment,juvenile,0,1,0,0,prior_surveillance|use_of_disguise|night_operation|insider_help,Suspect conducted prior surveillance of the target. suspect used a disguise to conceal identity. crime was executed during nighttime hours. insider assistance may have been involved.,5,1
FIR-02020,cybercrime,residential_area,WB,early_morning,none,cyber_access,individual,26-35,1,0,1,1,prior_surveillance|physical_restraint|insider_help|psychological_manipulation|lone_wolf,Suspect conducted prior surveillance of the target. victim was physically restrained. insider assistance may have been involved. victim was manipulated psychologically. single offender acted alone.,6,1
FIR-02021,fraud,bank_premises,WB,evening,none,impersonation,financial_institution,juvenile,0,1,1,1,insider_help|planned_operation|lone_wolf|opportunistic|night_operation,Insider assistance may have been involved. evidence of pre-planned operation. single offender acted alone. crime appears to be opportunistic in nature. crime was executed during nighttime hours.,8,0
FIR-02022,cybercrime,commercial_zone,AP,evening,vehicle,cyber_access,digital_asset,60+,0,1,0,1,use_of_technology|local_knowledge|escape_vehicle_used|physical_restraint,Digital tools or devices were used. suspect demonstrated knowledge of the local area. suspect escaped using a vehicle. victim was physically restrained.,4,0
FIR-02023,vandalism,industrial_area,UP,midnight,improvised_tool,none,commercial_establishment,juvenile,1,0,1,0,lone_wolf|insider_help|opportunistic|planned_operation,Single offender acted alone. insider assistance may have been involved. crime appears to be opportunistic in nature. evidence of pre-planned operation.,2,0
FIR-02024,fraud,residential_area,AP,morning,knife,social_engineering,individual,26-35,1,1,1,1,escape_vehicle_used|evidence_concealment|accomplice_involved|insider_help,Suspect escaped using a vehicle. suspect attempted to conceal evidence. at least one accomplice was involved in the act. insider assistance may have been involved.,7,1
FIR-02025,burglary,marketplace,UP,night,none,lock_picking,household,juvenile,1,1,0,0,insider_help|lone_wolf|prior_surveillance,Insider assistance may have been involved. single offender acted alone. suspect conducted prior surveillance of the target.,6,0
FIR-02026,vehicle_theft,parking_lot,HR,night,improvised_tool,tunneling,vehicle,36-45,1,1,1,0,night_operation|physical_restraint|planned_operation,Crime was executed during nighttime hours. victim was physically restrained. evidence of pre-planned operation.,5,0
FIR-02027,fraud,public_transport,AP,morning,improvised_tool,cyber_access,digital_asset,juvenile,0,1,1,1,insider_help|physical_restraint|psychological_manipulation|use_of_technology|escape_vehicle_used,Insider assistance may have been involved. victim was physically restrained. victim was manipulated psychologically. digital tools or devices were used. suspect escaped using a vehicle.,7,1
FIR-02028,burglary,educational_institution,GJ,midnight,knife,lock_picking,individual,26-35,0,0,0,0,repeat_target|physical_restraint|planned_operation|use_of_disguise|lone_wolf,Location or victim was targeted previously. victim was physically restrained. evidence of pre-planned operation. suspect used a disguise to conceal identity. single offender acted alone.,7,0
FIR-02029,burglary,marketplace,UP,night,none,forced_entry,household,46-60,1,1,1,0,insider_help|prior_surveillance|opportunistic|physical_restraint|repeat_target,Insider assistance may have been involved. suspect conducted prior surveillance of the target. crime appears to be opportunistic in nature. victim was physically restrained. location or victim was targeted previously.,7,1
FIR-02030,murder,industrial_area,HR,midnight,blunt_object,none,public_space,26-35,0,1,0,0,lone_wolf|psychological_manipulation,Single offender acted alone. victim was manipulated psychologically.,10,1
FIR-02031,murder,rural_area,TS,midnight,vehicle,unlocked_door,individual,46-60,0,0,1,0,planned_operation|multiple_offenders|physical_restraint|opportunistic|prior_surveillance,Evidence of pre-planned operation. multiple offenders participated. victim was physically restrained. crime appears to be opportunistic in nature. suspect conducted prior surveillance of the target.,10,0
FIR-02032,robbery,commercial_zone,RJ,early_morning,knife,social_engineering,infrastructure,26-35,0,3,0,0,prior_surveillance|multiple_offenders|use_of_disguise|insider_help|use_of_technology,Suspect conducted prior surveillance of the target. multiple offenders participated. suspect used a disguise to conceal identity. insider assistance may have been involved. digital tools or devices were used.,7,0
FIR-02033,robbery,residential_area,KL,evening,firearm,social_engineering,individual,36-45,1,1,0,0,escape_vehicle_used|use_of_technology,Suspect escaped using a vehicle. digital tools or devices were used.,8,1
FIR-02034,kidnapping,rural_area,RJ,night,firearm,impersonation,individual,60+,1,2,1,0,evidence_concealment|insider_help|opportunistic|multiple_offenders|physical_restraint,Suspect attempted to conceal evidence. insider assistance may have been involved. crime appears to be opportunistic in nature. multiple offenders participated. victim was physically restrained.,8,1
FIR-02035,robbery,educational_institution,UP,afternoon,blunt_object,cyber_access,individual,juvenile,1,1,1,0,prior_surveillance|psychological_manipulation,Suspect conducted prior surveillance of the target. victim was manipulated psychologically.,8,1
FIR-02036,assault,industrial_area,DL,night,blunt_object,none,individual,26-35,1,0,0,0,use_of_disguise|opportunistic|prior_surveillance|local_knowledge,Suspect used a disguise to conceal identity. crime appears to be opportunistic in nature. suspect conducted prior surveillance of the target. suspect demonstrated knowledge of the local area.,6,1
FIR-02037,kidnapping,highway,DL,evening,firearm,social_engineering,individual,36-45,1,0,0,0,prior_surveillance|escape_vehicle_used|repeat_target|insider_help,Suspect conducted prior surveillance of the target. suspect escaped using a vehicle. location or victim was targeted previously. insider assistance may have been involved.,9,0
FIR-02038,burglary,residential_area,PB,afternoon,none,lock_picking,commercial_establishment,36-45,0,0,1,0,local_knowledge|repeat_target,Suspect demonstrated knowledge of the local area. location or victim was targeted previously.,6,0
FIR-02039,kidnapping,public_transport,TN,evening,none,none,digital_asset,46-60,1,0,1,0,repeat_target|multiple_offenders|use_of_disguise|evidence_concealment|opportunistic,Location or victim was targeted previously. multiple offenders participated. suspect used a disguise to conceal identity. suspect attempted to conceal evidence. crime appears to be opportunistic in nature.,10,1
FIR-02040,burglary,educational_institution,TS,night,chemical,forced_entry,commercial_establishment,26-35,0,0,1,0,local_knowledge|escape_vehicle_used|night_operation|psychological_manipulation|physical_restraint,Suspect demonstrated knowledge of the local area. suspect escaped using a vehicle. crime was executed during nighttime hours. victim was manipulated psychologically. victim was physically restrained.,5,1
FIR-02041,fraud,educational_institution,TS,morning,none,impersonation,household,juvenile,0,1,0,1,lone_wolf|prior_surveillance,Single offender acted alone. suspect conducted prior surveillance of the target.,8,0
FIR-02042,robbery,bank_premises,TN,night,rope,unlocked_door,infrastructure,juvenile,0,0,1,0,physical_restraint|planned_operation|evidence_concealment,Victim was physically restrained. evidence of pre-planned operation. suspect attempted to conceal evidence.,7,1
FIR-02043,burglary,commercial_zone,PB,midnight,none,lock_picking,household,18-25,1,0,0,0,night_operation|use_of_disguise|insider_help|planned_operation|physical_restraint,Crime was executed during nighttime hours. suspect used a disguise to conceal identity. insider assistance may have been involved. evidence of pre-planned operation. victim was physically restrained.,6,1
FIR-02044,vandalism,bank_premises,TS,midnight,improvised_tool,roof_access,government_property,juvenile,0,3,0,0,night_operation|insider_help|evidence_concealment|psychological_manipulation|multiple_offenders,Crime was executed during nighttime hours. insider assistance may have been involved. suspect attempted to conceal evidence. victim was manipulated psychologically. multiple offenders participated.,3,1
FIR-02045,kidnapping,rural_area,PB,afternoon,knife,none,individual,juvenile,1,1,0,0,escape_vehicle_used|use_of_disguise,Suspect escaped using a vehicle. suspect used a disguise to conceal identity.,9,1
FIR-02046,vandalism,parking_lot,PB,evening,vehicle,window_break,commercial_establishment,juvenile,1,0,0,0,accomplice_involved|repeat_target|physical_restraint|use_of_technology|insider_help,At least one accomplice was involved in the act. location or victim was targeted previously. victim was physically restrained. digital tools or devices were used. insider assistance may have been involved.,2,0
FIR-02047,drug_offense,marketplace,RJ,evening,blunt_object,none,individual,60+,1,0,0,0,physical_restraint|psychological_manipulation|lone_wolf|accomplice_involved|repeat_target,Victim was physically restrained. victim was manipulated psychologically. single offender acted alone. at least one accomplice was involved in the act. location or victim was targeted previously.,5,1
FIR-02048,kidnapping,bank_premises,UP,morning,knife,social_engineering,individual,18-25,0,2,1,0,repeat_target|multiple_offenders|accomplice_involved|night_operation|use_of_technology,Location or victim was targeted previously. multiple offenders participated. at least one accomplice was involved in the act. crime was executed during nighttime hours. digital tools or devices were used.,8,0
FIR-02049,robbery,rural_area,GJ,night,vehicle,social_engineering,public_space,juvenile,1,0,1,0,use_of_technology|psychological_manipulation,Digital tools or devices were used. victim was manipulated psychologically.,7,0
FIR-02050,assault,marketplace,BR,evening,none,none,individual,46-60,1,0,0,0,repeat_target|planned_operation|insider_help,Location or victim was targeted previously. evidence of pre-planned operation. insider assistance may have been involved.,5,1
FIR-02051,kidnapping,bank_premises,PB,afternoon,knife,impersonation,vehicle,46-60,1,0,1,0,local_knowledge|use_of_technology|insider_help|psychological_manipulation,Suspect demonstrated knowledge of the local area. digital tools or devices were used. insider assistance may have been involved. victim was manipulated psychologically.,9,0
FIR-02052,cybercrime,industrial_area,HR,morning,none,none,financial_institution,60+,0,1,1,1,use_of_technology|escape_vehicle_used|multiple_offenders|physical_restraint|prior_surveillance,Digital tools or devices were used. suspect escaped using a vehicle. multiple offenders participated. victim was physically restrained. suspect conducted prior surveillance of the target.,5,0
FIR-02053,kidnapping,commercial_zone,WB,midnight,firearm,none,individual,36-45,0,0,0,0,insider_help|repeat_target|prior_surveillance|night_operation,Insider assistance may have been involved. location or victim was targeted previously. suspect conducted prior surveillance of the target. crime was executed during nighttime hours.,10,0
FIR-02054,vehicle_theft,bank_premises,UP,midnight,none,lock_picking,vehicle,juvenile,1,4,1,0,accomplice_involved|multiple_offenders|evidence_concealment,At least one accomplice was involved in the act. multiple offenders participated. suspect attempted to conceal evidence.,3,0
FIR-02055,vehicle_theft,educational_institution,PB,midnight,none,lock_picking,vehicle,juvenile,1,0,1,0,prior_surveillance|psychological_manipulation,Suspect conducted prior surveillance of the target. victim was manipulated psychologically.,4,1
FIR-02056,assault,industrial_area,PB,night,blunt_object,none,individual,26-35,0,0,1,0,repeat_target|lone_wolf|opportunistic,Location or victim was targeted previously. single offender acted alone. crime appears to be opportunistic in nature.,7,1
FIR-02057,robbery,commercial_zone,PB,morning,knife,social_engineering,individual,26-35,0,0,1,0,prior_surveillance|planned_operation|use_of_disguise|escape_vehicle_used|physical_restraint,Suspect conducted prior surveillance of the target. evidence of pre-planned operation. suspect used a disguise to conceal identity. suspect escaped using a vehicle. victim was physically restrained.,7,0
FIR-02058,fraud,highway,DL,afternoon,knife,impersonation,financial_institution,46-60,0,1,0,1,night_operation|repeat_target|prior_surveillance,Crime was executed during nighttime hours. location or victim was targeted previously. suspect conducted prior surveillance of the target.,6,0
FIR-02059,burglary,parking_lot,MH,midnight,none,lock_picking,household,18-25,0,0,1,0,local_knowledge|use_of_disguise|planned_operation|evidence_concealment,Suspect demonstrated knowledge of the local area. suspect used a disguise to conceal identity. evidence of pre-planned operation. suspect attempted to conceal evidence.,5,1
FIR-02060,murder,commercial_zone,UP,midnight,blunt_object,cyber_access,individual,18-25,0,0,0,0,psychological_manipulation|use_of_disguise,Victim was manipulated psychologically. suspect used a disguise to conceal identity.,9,0
FIR-02061,vandalism,public_transport,TS,night,blunt_object,tunneling,commercial_establishment,46-60,0,1,1,0,evidence_concealment|local_knowledge|opportunistic|repeat_target,Suspect attempted to conceal evidence. suspect demonstrated knowledge of the local area. crime appears to be opportunistic in nature. location or victim was targeted previously.,2,1
FIR-02062,fraud,highway,RJ,afternoon,none,social_engineering,government_property,18-25,1,2,0,1,evidence_concealment|multiple_offenders|opportunistic,Suspect attempted to conceal evidence. multiple offenders participated. crime appears to be opportunistic in nature.,8,1
FIR-02063,cybercrime,marketplace,AP,afternoon,none,cyber_access,public_space,juvenile,0,0,0,1,night_operation|insider_help|local_knowledge,Crime was executed during nighttime hours. insider assistance may have been involved. suspect demonstrated knowledge of the local area.,6,1
FIR-02064,fraud,highway,RJ,midnight,none,impersonation,commercial_establishment,46-60,1,0,0,1,accomplice_involved|evidence_concealment,At least one accomplice was involved in the act. suspect attempted to conceal evidence.,6,1
FIR-02065,vehicle_theft,residential_area,AP,night,none,impersonation,digital_asset,60+,1,1,0,0,use_of_technology|use_of_disguise|local_knowledge|planned_operation|multiple_offenders,Digital tools or devices were used. suspect used a disguise to conceal identity. suspect demonstrated knowledge of the local area. evidence of pre-planned operation. multiple offenders participated.,3,0
FIR-02066,kidnapping,marketplace,AP,morning,firearm,social_engineering,individual,juvenile,0,1,0,0,psychological_manipulation|insider_help|escape_vehicle_used|repeat_target,Victim was manipulated psychologically. insider assistance may have been involved. suspect escaped using a vehicle. location or victim was targeted previously.,8,1
FIR-02067,drug_offense,rural_area,HR,early_morning,knife,none,financial_institution,18-25,1,0,1,0,escape_vehicle_used|physical_restraint|opportunistic,Suspect escaped using a vehicle. victim was physically restrained. crime appears to be opportunistic in nature.,5,1
FIR-02068,assault,highway,DL,evening,blunt_object,none,infrastructure,36-45,1,0,1,0,psychological_manipulation|escape_vehicle_used|planned_operation|prior_surveillance|use_of_disguise,Victim was manipulated psychologically. suspect escaped using a vehicle. evidence of pre-planned operation. suspect conducted prior surveillance of the target. suspect used a disguise to conceal identity.,5,1
FIR-02069,murder,rural_area,UP,midnight,firearm,forced_entry,individual,18-25,1,1,1,0,evidence_concealment|escape_vehicle_used|local_knowledge|psychological_manipulation|opportunistic,Suspect attempted to conceal evidence. suspect escaped using a vehicle. suspect demonstrated knowledge of the local area. victim was manipulated psychologically. crime appears to be opportunistic in nature.,9,1
FIR-02070,drug_offense,rural_area,DL,early_morning,none,none,individual,juvenile,1,1,1,0,use_of_technology|accomplice_involved|use_of_disguise,Digital tools or devices were used. at least one accomplice was involved in the act. suspect used a disguise to conceal identity.,6,1
FIR-02071,cybercrime,commercial_zone,BR,evening,none,cyber_access,government_property,46-60,0,2,1,1,local_knowledge|physical_restraint|opportunistic|repeat_target|multiple_offenders,Suspect demonstrated knowledge of the local area. victim was physically restrained. crime appears to be opportunistic in nature. location or victim was targeted previously. multiple offenders participated.,6,0
FIR-02072,burglary,marketplace,RJ,night,rope,lock_picking,household,juvenile,1,0,0,0,night_operation|accomplice_involved,Crime was executed during nighttime hours. at least one accomplice was involved in the act.,6,1
FIR-02073,robbery,marketplace,RJ,evening,knife,none,vehicle,46-60,1,1,1,0,use_of_technology|prior_surveillance|lone_wolf|accomplice_involved|physical_restraint,Digital tools or devices were used. suspect conducted prior surveillance of the target. single offender acted alone. at least one accomplice was involved in the act. victim was physically restrained.,9,1
FIR-02074,assault,commercial_zone,PB,midnight,blunt_object,none,household,36-45,1,0,1,0,opportunistic|repeat_target|psychological_manipulation|escape_vehicle_used,Crime appears to be opportunistic in nature. location or victim was targeted previously. victim was manipulated psychologically. suspect escaped using a vehicle.,5,0
FIR-02075,murder,residential_area,RJ,midnight,blunt_object,forced_entry,individual,60+,0,1,1,0,repeat_target|escape_vehicle_used|accomplice_involved|local_knowledge,Location or victim was targeted previously. suspect escaped using a vehicle. at least one accomplice was involved in the act. suspect demonstrated knowledge of the local area.,10,1
FIR-02076,burglary,highway,UP,midnight,none,window_break,commercial_establishment,26-35,1,0,1,0,physical_restraint|planned_operation|repeat_target|opportunistic|night_operation,Victim was physically restrained. evidence of pre-planned operation. location or victim was targeted previously. crime appears to be opportunistic in nature. crime was executed during nighttime hours.,5,0
FIR-02077,cybercrime,public_transport,BR,afternoon,chemical,cyber_access,individual,36-45,0,0,0,1,physical_restraint|psychological_manipulation|planned_operation,Victim was physically restrained. victim was manipulated psychologically. evidence of pre-planned operation.,4,0
FIR-02078,murder,marketplace,RJ,evening,blunt_object,forced_entry,vehicle,60+,1,1,1,0,prior_surveillance|repeat_target|accomplice_involved,Suspect conducted prior surveillance of the target. location or victim was targeted previously. at least one accomplice was involved in the act.,10,0
FIR-02079,murder,marketplace,RJ,midnight,vehicle,forced_entry,multiple,18-25,0,1,0,0,accomplice_involved|evidence_concealment|psychological_manipulation|planned_operation|use_of_technology,At least one accomplice was involved in the act. suspect attempted to conceal evidence. victim was manipulated psychologically. evidence of pre-planned operation. digital tools or devices were used.,9,0
FIR-02080,robbery,marketplace,DL,evening,knife,social_engineering,financial_institution,juvenile,0,1,1,0,psychological_manipulation|physical_restraint,Victim was manipulated psychologically. victim was physically restrained.,9,1
FIR-02081,burglary,marketplace,UP,afternoon,blunt_object,forced_entry,commercial_establishment,46-60,0,1,0,0,lone_wolf|escape_vehicle_used|use_of_disguise|planned_operation,Single offender acted alone. suspect escaped using a vehicle. suspect used a disguise to conceal identity. evidence of pre-planned operation.,5,1
FIR-02082,vandalism,educational_institution,HR,night,firearm,none,public_space,juvenile,0,0,0,0,opportunistic|escape_vehicle_used|insider_help|use_of_technology|psychological_manipulation,Crime appears to be opportunistic in nature. suspect escaped using a vehicle. insider assistance may have been involved. digital tools or devices were used. victim was manipulated psychologically.,4,0
FIR-02083,kidnapping,parking_lot,AP,morning,chemical,none,public_space,26-35,1,1,1,0,opportunistic|night_operation|lone_wolf,Crime appears to be opportunistic in nature. crime was executed during nighttime hours. single offender acted alone.,8,0
FIR-02084,murder,commercial_zone,UP,midnight,firearm,none,digital_asset,36-45,0,1,1,0,use_of_technology|accomplice_involved,Digital tools or devices were used. at least one accomplice was involved in the act.,9,0
FIR-02085,vehicle_theft,educational_institution,UP,midnight,improvised_tool,lock_picking,vehicle,60+,1,1,0,0,opportunistic|prior_surveillance|insider_help|physical_restraint,Crime appears to be opportunistic in nature. suspect conducted prior surveillance of the target. insider assistance may have been involved. victim was physically restrained.,4,1
FIR-02086,fraud,parking_lot,TS,afternoon,none,impersonation,vehicle,18-25,0,2,1,1,insider_help|multiple_offenders|psychological_manipulation|local_knowledge,Insider assistance may have been involved. multiple offenders participated. victim was manipulated psychologically. suspect demonstrated knowledge of the local area.,8,0
FIR-02087,drug_offense,marketplace,WB,early_morning,knife,roof_access,individual,18-25,0,0,0,0,repeat_target|night_operation|use_of_technology|escape_vehicle_used|psychological_manipulation,Location or victim was targeted previously. crime was executed during nighttime hours. digital tools or devices were used. suspect escaped using a vehicle. victim was manipulated psychologically.,6,1
FIR-02088,vandalism,public_transport,DL,night,chemical,none,commercial_establishment,juvenile,1,1,1,0,planned_operation|opportunistic|local_knowledge|psychological_manipulation,Evidence of pre-planned operation. crime appears to be opportunistic in nature. suspect demonstrated knowledge of the local area. victim was manipulated psychologically.,3,1
FIR-02089,drug_offense,industrial_area,PB,afternoon,none,lock_picking,commercial_establishment,18-25,1,1,0,0,evidence_concealment|local_knowledge,Suspect attempted to conceal evidence. suspect demonstrated knowledge of the local area.,5,1
FIR-02090,vandalism,bank_premises,WB,night,vehicle,none,public_space,18-25,0,0,0,0,insider_help|accomplice_involved,Insider assistance may have been involved. at least one accomplice was involved in the act.,4,1
FIR-02091,kidnapping,commercial_zone,PB,evening,knife,none,individual,36-45,0,1,0,0,insider_help|use_of_technology|prior_surveillance|night_operation,Insider assistance may have been involved. digital tools or devices were used. suspect conducted prior surveillance of the target. crime was executed during nighttime hours.,9,0
FIR-02092,drug_offense,industrial_area,PB,night,knife,cyber_access,public_space,26-35,1,0,1,0,prior_surveillance|insider_help|multiple_offenders|lone_wolf,Suspect conducted prior surveillance of the target. insider assistance may have been involved. multiple offenders participated. single offender acted alone.,4,0
FIR-02093,vehicle_theft,commercial_zone,MH,afternoon,chemical,lock_picking,vehicle,46-60,0,1,1,0,insider_help|use_of_technology|opportunistic,Insider assistance may have been involved. digital tools or devices were used. crime appears to be opportunistic in nature.,3,1
FIR-02094,murder,commercial_zone,RJ,evening,blunt_object,tunneling,individual,26-35,0,0,0,0,psychological_manipulation|lone_wolf,Victim was manipulated psychologically. single offender acted alone.,9,0
FIR-02095,murder,public_transport,DL,evening,blunt_object,forced_entry,individual,juvenile,0,4,1,0,multiple_offenders|escape_vehicle_used,Multiple offenders participated. suspect escaped using a vehicle.,9,1
FIR-02096,fraud,residential_area,WB,early_morning,none,impersonation,government_property,18-25,0,1,0,1,lone_wolf|prior_surveillance,Single offender acted alone. suspect conducted prior surveillance of the target.,6,0
FIR-02097,burglary,marketplace,HR,night,blunt_object,forced_entry,household,18-25,1,1,1,0,use_of_technology|insider_help|escape_vehicle_used,Digital tools or devices were used. insider assistance may have been involved. suspect escaped using a vehicle.,6,1
FIR-02098,murder,parking_lot,AP,midnight,firearm,tunneling,commercial_establishment,60+,1,0,0,0,local_knowledge|evidence_concealment|insider_help,Suspect demonstrated knowledge of the local area. suspect attempted to conceal evidence. insider assistance may have been involved.,9,0
FIR-02099,murder,residential_area,GJ,midnight,blunt_object,roof_access,multiple,18-25,0,1,1,0,prior_surveillance|lone_wolf|use_of_technology|accomplice_involved,Suspect conducted prior surveillance of the target. single offender acted alone. digital tools or devices were used. at least one accomplice was involved in the act.,10,0
FIR-02100,fraud,residential_area,KA,afternoon,improvised_tool,unlocked_door,individual,26-35,1,1,1,1,use_of_disguise|lone_wolf|opportunistic|escape_vehicle_used,Suspect used a disguise to conceal identity. single offender acted alone. crime appears to be opportunistic in nature. suspect escaped using a vehicle.,7,0
FIR-02101,burglary,parking_lot,TN,night,blunt_object,window_break,multiple,60+,1,0,1,0,use_of_disguise|night_operation,Suspect used a disguise to conceal identity. crime was executed during nighttime hours.,7,0
FIR-02102,burglary,highway,KA,night,none,lock_picking,government_property,26-35,0,0,0,0,accomplice_involved|prior_surveillance,At least one accomplice was involved in the act. suspect conducted prior surveillance of the target.,6,1
FIR-02103,cybercrime,educational_institution,MP,afternoon,none,window_break,digital_asset,60+,0,0,1,1,opportunistic|evidence_concealment|planned_operation|prior_surveillance,Crime appears to be opportunistic in nature. suspect attempted to conceal evidence. evidence of pre-planned operation. suspect conducted prior surveillance of the target.,6,1
FIR-02104,kidnapping,parking_lot,KL,afternoon,firearm,none,individual,26-35,1,1,0,0,opportunistic|psychological_manipulation,Crime appears to be opportunistic in nature. victim was manipulated psychologically.,9,0
FIR-02105,fraud,residential_area,PB,morning,none,impersonation,commercial_establishment,36-45,0,1,1,1,evidence_concealment|repeat_target,Suspect attempted to conceal evidence. location or victim was targeted previously.,7,1
FIR-02106,murder,industrial_area,TN,midnight,firearm,none,individual,60+,1,0,1,0,local_knowledge|insider_help|prior_surveillance|use_of_disguise|opportunistic,Suspect demonstrated knowledge of the local area. insider assistance may have been involved. suspect conducted prior surveillance of the target. suspect used a disguise to conceal identity. crime appears to be opportunistic in nature.,10,1
FIR-02107,drug_offense,commercial_zone,MP,midnight,none,none,public_space,60+,1,3,0,0,use_of_disguise|multiple_offenders,Suspect used a disguise to conceal identity. multiple offenders participated.,4,1
FIR-02108,cybercrime,parking_lot,KL,midnight,none,cyber_access,commercial_establishment,36-45,0,1,0,1,use_of_technology|lone_wolf,Digital tools or devices were used. single offender acted alone.,6,0
FIR-02109,burglary,educational_institution,KL,midnight,blunt_object,window_break,household,46-60,0,1,1,0,prior_surveillance|psychological_manipulation|insider_help|local_knowledge|night_operation,Suspect conducted prior surveillance of the target. victim was manipulated psychologically. insider assistance may have been involved. suspect demonstrated knowledge of the local area. crime was executed during nighttime hours.,7,1
FIR-02110,cybercrime,rural_area,AP,evening,none,cyber_access,digital_asset,juvenile,1,1,1,1,night_operation|planned_operation|use_of_disguise|use_of_technology|physical_restraint,Crime was executed during nighttime hours. evidence of pre-planned operation. suspect used a disguise to conceal identity. digital tools or devices were used. victim was physically restrained.,5,1
FIR-02111,kidnapping,industrial_area,PB,afternoon,firearm,roof_access,individual,36-45,1,0,1,0,planned_operation|accomplice_involved|insider_help|evidence_concealment,Evidence of pre-planned operation. at least one accomplice was involved in the act. insider assistance may have been involved. suspect attempted to conceal evidence.,9,0
FIR-02112,kidnapping,public_transport,AP,evening,knife,none,digital_asset,60+,0,1,0,0,evidence_concealment|prior_surveillance|psychological_manipulation|repeat_target|local_knowledge,Suspect attempted to conceal evidence. suspect conducted prior surveillance of the target. victim was manipulated psychologically. location or victim was targeted previously. suspect demonstrated knowledge of the local area.,9,0
FIR-02113,cybercrime,residential_area,DL,afternoon,knife,cyber_access,financial_institution,60+,1,1,1,1,use_of_technology|physical_restraint|repeat_target|prior_surveillance,Digital tools or devices were used. victim was physically restrained. location or victim was targeted previously. suspect conducted prior surveillance of the target.,6,0
FIR-02114,fraud,educational_institution,GJ,afternoon,none,none,infrastructure,26-35,0,2,0,1,local_knowledge|multiple_offenders|evidence_concealment|psychological_manipulation|planned_operation,Suspect demonstrated knowledge of the local area. multiple offenders participated. suspect attempted to conceal evidence. victim was manipulated psychologically. evidence of pre-planned operation.,7,1
FIR-02115,burglary,industrial_area,BR,afternoon,none,window_break,public_space,36-45,0,1,0,0,repeat_target|insider_help|planned_operation,Location or victim was targeted previously. insider assistance may have been involved. evidence of pre-planned operation.,7,0
FIR-02116,drug_offense,public_transport,BR,midnight,rope,social_engineering,individual,36-45,1,1,1,0,opportunistic|local_knowledge,Crime appears to be opportunistic in nature. suspect demonstrated knowledge of the local area.,6,1
FIR-02117,drug_offense,parking_lot,HR,early_morning,knife,window_break,public_space,36-45,1,1,0,0,insider_help|evidence_concealment|lone_wolf|local_knowledge,Insider assistance may have been involved. suspect attempted to conceal evidence. single offender acted alone. suspect demonstrated knowledge of the local area.,6,1
FIR-02118,cybercrime,highway,GJ,afternoon,none,roof_access,digital_asset,46-60,1,0,1,1,opportunistic|evidence_concealment|physical_restraint|use_of_disguise|lone_wolf,Crime appears to be opportunistic in nature. suspect attempted to conceal evidence. victim was physically restrained. suspect used a disguise to conceal identity. single offender acted alone.,5,1
FIR-02119,kidnapping,bank_premises,TN,evening,knife,none,individual,juvenile,1,0,1,0,prior_surveillance|use_of_disguise|night_operation|local_knowledge,Suspect conducted prior surveillance of the target. suspect used a disguise to conceal identity. crime was executed during nighttime hours. suspect demonstrated knowledge of the local area.,8,0
FIR-02120,vandalism,highway,AP,morning,blunt_object,window_break,government_property,60+,0,1,1,0,night_operation|psychological_manipulation,Crime was executed during nighttime hours. victim was manipulated psychologically.,4,0
FIR-02121,cybercrime,educational_institution,BR,morning,none,unlocked_door,household,36-45,1,0,0,1,night_operation|accomplice_involved|psychological_manipulation|use_of_disguise,Crime was executed during nighttime hours. at least one accomplice was involved in the act. victim was manipulated psychologically. suspect used a disguise to conceal identity.,4,1
FIR-02122,fraud,educational_institution,MP,afternoon,none,impersonation,financial_institution,18-25,0,1,1,1,escape_vehicle_used|lone_wolf|multiple_offenders|psychological_manipulation|evidence_concealment,Suspect escaped using a vehicle. single offender acted alone. multiple offenders participated. victim was manipulated psychologically. suspect attempted to conceal evidence.,7,0
FIR-02123,kidnapping,public_transport,PB,evening,chemical,social_engineering,individual,juvenile,0,1,0,0,lone_wolf|insider_help|local_knowledge,Single offender acted alone. insider assistance may have been involved. suspect demonstrated knowledge of the local area.,8,1
FIR-02124,robbery,educational_institution,TS,midnight,knife,social_engineering,individual,60+,1,1,1,0,lone_wolf|use_of_disguise|planned_operation,Single offender acted alone. suspect used a disguise to conceal identity. evidence of pre-planned operation.,9,0
FIR-02125,vandalism,highway,UP,midnight,firearm,none,infrastructure,36-45,0,0,1,0,use_of_technology|insider_help|local_knowledge|evidence_concealment|planned_operation,Digital tools or devices were used. insider assistance may have been involved. suspect demonstrated knowledge of the local area. suspect attempted to conceal evidence. evidence of pre-planned operation.,2,0
FIR-02126,burglary,commercial_zone,GJ,night,rope,window_break,commercial_establishment,60+,0,1,0,0,accomplice_involved|use_of_disguise,At least one accomplice was involved in the act. suspect used a disguise to conceal identity.,5,1
FIR-02127,burglary,marketplace,BR,night,blunt_object,forced_entry,household,juvenile,1,1,1,0,lone_wolf|use_of_technology|accomplice_involved|repeat_target,Single offender acted alone. digital tools or devices were used. at least one accomplice was involved in the act. location or victim was targeted previously.,5,1
FIR-02128,burglary,bank_premises,GJ,night,none,forced_entry,vehicle,26-35,1,0,0,0,use_of_disguise|multiple_offenders|night_operation,Suspect used a disguise to conceal identity. multiple offenders participated. crime was executed during nighttime hours.,7,1
FIR-02129,murder,residential_area,DL,night,knife,forced_entry,financial_institution,18-25,0,0,0,0,planned_operation|insider_help|night_operation|multiple_offenders|physical_restraint,Evidence of pre-planned operation. insider assistance may have been involved. crime was executed during nighttime hours. multiple offenders participated. victim was physically restrained.,10,0
FIR-02130,burglary,educational_institution,MH,midnight,none,lock_picking,commercial_establishment,juvenile,1,1,1,0,local_knowledge|opportunistic|repeat_target,Suspect demonstrated knowledge of the local area. crime appears to be opportunistic in nature. location or victim was targeted previously.,7,0
FIR-02131,burglary,commercial_zone,PB,midnight,none,window_break,public_space,juvenile,0,1,0,0,accomplice_involved|repeat_target,At least one accomplice was involved in the act. location or victim was targeted previously.,5,1
FIR-02132,robbery,marketplace,AP,night,rope,roof_access,individual,36-45,0,1,1,0,evidence_concealment|insider_help|physical_restraint|planned_operation,Suspect attempted to conceal evidence. insider assistance may have been involved. victim was physically restrained. evidence of pre-planned operation.,8,1
FIR-02133,kidnapping,residential_area,AP,afternoon,knife,social_engineering,individual,36-45,0,0,0,0,night_operation|local_knowledge|escape_vehicle_used|lone_wolf|insider_help,Crime was executed during nighttime hours. suspect demonstrated knowledge of the local area. suspect escaped using a vehicle. single offender acted alone. insider assistance may have been involved.,9,0
FIR-02134,murder,bank_premises,DL,early_morning,knife,window_break,individual,juvenile,0,1,1,0,escape_vehicle_used|lone_wolf|insider_help|prior_surveillance,Suspect escaped using a vehicle. single offender acted alone. insider assistance may have been involved. suspect conducted prior surveillance of the target.,10,0
FIR-02135,fraud,industrial_area,BR,afternoon,none,impersonation,government_property,46-60,1,0,1,1,local_knowledge|insider_help|evidence_concealment,Suspect demonstrated knowledge of the local area. insider assistance may have been involved. suspect attempted to conceal evidence.,8,0
FIR-02136,burglary,highway,KA,night,blunt_object,window_break,commercial_establishment,46-60,0,0,1,0,accomplice_involved|repeat_target|use_of_disguise|lone_wolf|evidence_concealment,At least one accomplice was involved in the act. location or victim was targeted previously. suspect used a disguise to conceal identity. single offender acted alone. suspect attempted to conceal evidence.,7,1
FIR-02137,assault,residential_area,MP,early_morning,blunt_object,none,individual,36-45,1,0,1,0,insider_help|planned_operation|opportunistic|physical_restraint,Insider assistance may have been involved. evidence of pre-planned operation. crime appears to be opportunistic in nature. victim was physically restrained.,7,1
FIR-02138,kidnapping,residential_area,HR,morning,knife,social_engineering,vehicle,juvenile,0,1,0,0,use_of_disguise|escape_vehicle_used,Suspect used a disguise to conceal identity. suspect escaped using a vehicle.,9,0
FIR-02139,drug_offense,rural_area,RJ,early_morning,none,cyber_access,public_space,36-45,1,0,0,0,evidence_concealment|insider_help|local_knowledge|prior_surveillance|planned_operation,Suspect attempted to conceal evidence. insider assistance may have been involved. suspect demonstrated knowledge of the local area. suspect conducted prior surveillance of the target. evidence of pre-planned operation.,4,1
FIR-02140,assault,industrial_area,GJ,evening,blunt_object,none,multiple,juvenile,1,1,1,0,escape_vehicle_used|physical_restraint|insider_help,Suspect escaped using a vehicle. victim was physically restrained. insider assistance may have been involved.,5,1
FIR-02141,cybercrime,educational_institution,KL,early_morning,none,roof_access,individual,26-35,0,1,0,1,prior_surveillance|accomplice_involved|use_of_disguise|psychological_manipulation|multiple_offenders,Suspect conducted prior surveillance of the target. at least one accomplice was involved in the act. suspect used a disguise to conceal identity. victim was manipulated psychologically. multiple offenders participated.,5,1
FIR-02142,drug_offense,commercial_zone,PB,night,none,unlocked_door,individual,36-45,0,0,1,0,local_knowledge|escape_vehicle_used,Suspect demonstrated knowledge of the local area. suspect escaped using a vehicle.,4,1
FIR-02143,fraud,highway,AP,morning,none,impersonation,digital_asset,18-25,1,1,1,1,local_knowledge|lone_wolf|multiple_offenders|escape_vehicle_used,Suspect demonstrated knowledge of the local area. single offender acted alone. multiple offenders participated. suspect escaped using a vehicle.,6,1
FIR-02144,vehicle_theft,rural_area,GJ,evening,knife,lock_picking,vehicle,26-35,1,1,1,0,local_knowledge|physical_restraint,Suspect demonstrated knowledge of the local area. victim was physically restrained.,5,1
FIR-02145,vehicle_theft,commercial_zone,MH,midnight,none,cyber_access,government_property,juvenile,0,4,0,0,local_knowledge|opportunistic|use_of_technology|repeat_target|multiple_offenders,Suspect demonstrated knowledge of the local area. crime appears to be opportunistic in nature. digital tools or devices were used. location or victim was targeted previously. multiple offenders participated.,3,1
FIR-02146,burglary,residential_area,MP,afternoon,vehicle,forced_entry,digital_asset,60+,0,0,1,0,accomplice_involved|planned_operation|repeat_target|physical_restraint|psychological_manipulation,At least one accomplice was involved in the act. evidence of pre-planned operation. location or victim was targeted previously. victim was physically restrained. victim was manipulated psychologically.,6,1
FIR-02147,cybercrime,residential_area,WB,evening,none,tunneling,financial_institution,18-25,0,2,0,1,opportunistic|multiple_offenders,Crime appears to be opportunistic in nature. multiple offenders participated.,5,0
FIR-02148,vehicle_theft,rural_area,GJ,night,firearm,lock_picking,infrastructure,36-45,1,0,1,0,prior_surveillance|use_of_technology|repeat_target,Suspect conducted prior surveillance of the target. digital tools or devices were used. location or victim was targeted previously.,4,1
FIR-02149,assault,residential_area,KL,afternoon,knife,none,individual,26-35,1,1,1,0,use_of_disguise|opportunistic|multiple_offenders|lone_wolf,Suspect used a disguise to conceal identity. crime appears to be opportunistic in nature. multiple offenders participated. single offender acted alone.,5,0
FIR-02150,assault,residential_area,GJ,evening,knife,none,individual,60+,1,0,1,0,use_of_technology|accomplice_involved,Digital tools or devices were used. at least one accomplice was involved in the act.,6,1
FIR-02151,robbery,rural_area,GJ,evening,blunt_object,forced_entry,government_property,juvenile,1,0,1,0,planned_operation|local_knowledge|lone_wolf,Evidence of pre-planned operation. suspect demonstrated knowledge of the local area. single offender acted alone.,8,1
FIR-02152,drug_offense,rural_area,PB,early_morning,none,none,individual,18-25,1,1,0,0,local_knowledge|prior_surveillance,Suspect demonstrated knowledge of the local area. suspect conducted prior surveillance of the target.,4,1
FIR-02153,murder,parking_lot,UP,midnight,knife,lock_picking,individual,juvenile,0,1,0,0,insider_help|lone_wolf,Insider assistance may have been involved. single offender acted alone.,10,0
FIR-02154,kidnapping,parking_lot,GJ,afternoon,knife,none,vehicle,26-35,0,1,0,0,escape_vehicle_used|prior_surveillance,Suspect escaped using a vehicle. suspect conducted prior surveillance of the target.,10,0
FIR-02155,cybercrime,public_transport,HR,morning,none,lock_picking,financial_institution,60+,1,0,0,1,prior_surveillance|repeat_target|use_of_disguise,Suspect conducted prior surveillance of the target. location or victim was targeted previously. suspect used a disguise to conceal identity.,4,0
FIR-02156,drug_offense,marketplace,KA,night,none,none,individual,juvenile,1,3,1,0,insider_help|local_knowledge|multiple_offenders|use_of_technology,Insider assistance may have been involved. suspect demonstrated knowledge of the local area. multiple offenders participated. digital tools or devices were used.,5,0
FIR-02157,murder,bank_premises,RJ,midnight,knife,forced_entry,individual,46-60,0,1,0,0,multiple_offenders|use_of_technology|prior_surveillance,Multiple offenders participated. digital tools or devices were used. suspect conducted prior surveillance of the target.,10,0
FIR-02158,drug_offense,educational_institution,WB,morning,none,none,individual,36-45,1,1,0,0,escape_vehicle_used|accomplice_involved|use_of_technology|evidence_concealment|planned_operation,Suspect escaped using a vehicle. at least one accomplice was involved in the act. digital tools or devices were used. suspect attempted to conceal evidence. evidence of pre-planned operation.,4,1
FIR-02159,kidnapping,residential_area,RJ,evening,none,none,digital_asset,juvenile,0,0,1,0,use_of_disguise|lone_wolf|evidence_concealment|insider_help|physical_restraint,Suspect used a disguise to conceal identity. single offender acted alone. suspect attempted to conceal evidence. insider assistance may have been involved. victim was physically restrained.,10,1
FIR-02160,assault,industrial_area,KA,night,blunt_object,none,individual,60+,1,0,1,0,lone_wolf|prior_surveillance|night_operation|accomplice_involved|evidence_concealment,Single offender acted alone. suspect conducted prior surveillance of the target. crime was executed during nighttime hours. at least one accomplice was involved in the act. suspect attempted to conceal evidence.,7,1
FIR-02161,drug_offense,bank_premises,MH,night,chemical,none,public_space,46-60,0,1,1,0,insider_help|night_operation|repeat_target|planned_operation,Insider assistance may have been involved. crime was executed during nighttime hours. location or victim was targeted previously. evidence of pre-planned operation.,5,0
FIR-02162,assault,highway,KL,evening,none,none,individual,60+,1,1,1,0,psychological_manipulation|lone_wolf,Victim was manipulated psychologically. single offender acted alone.,7,0
FIR-02163,vehicle_theft,rural_area,BR,early_morning,none,lock_picking,vehicle,60+,0,1,0,0,night_operation|use_of_disguise|planned_operation|escape_vehicle_used|use_of_technology,Crime was executed during nighttime hours. suspect used a disguise to conceal identity. evidence of pre-planned operation. suspect escaped using a vehicle. digital tools or devices were used.,3,1
FIR-02164,fraud,educational_institution,DL,afternoon,none,social_engineering,individual,18-25,0,1,0,1,local_knowledge|use_of_disguise|repeat_target|insider_help,Suspect demonstrated knowledge of the local area. suspect used a disguise to conceal identity. location or victim was targeted previously. insider assistance may have been involved.,7,0
FIR-02165,vehicle_theft,highway,UP,evening,none,social_engineering,vehicle,36-45,1,1,0,0,prior_surveillance|lone_wolf|insider_help|use_of_technology,Suspect conducted prior surveillance of the target. single offender acted alone. insider assistance may have been involved. digital tools or devices were used.,4,1
FIR-02166,robbery,bank_premises,GJ,midnight,blunt_object,social_engineering,financial_institution,60+,0,1,1,0,repeat_target|opportunistic|lone_wolf|psychological_manipulation,Location or victim was targeted previously. crime appears to be opportunistic in nature. single offender acted alone. victim was manipulated psychologically.,7,0
FIR-02167,drug_offense,industrial_area,RJ,evening,none,none,commercial_establishment,60+,0,0,0,0,accomplice_involved|planned_operation|psychological_manipulation|prior_surveillance,At least one accomplice was involved in the act. evidence of pre-planned operation. victim was manipulated psychologically. suspect conducted prior surveillance of the target.,5,1
FIR-02168,drug_offense,industrial_area,PB,early_morning,none,none,multiple,18-25,0,1,0,0,repeat_target|use_of_disguise|opportunistic|psychological_manipulation|evidence_concealment,Location or victim was targeted previously. suspect used a disguise to conceal identity. crime appears to be opportunistic in nature. victim was manipulated psychologically. suspect attempted to conceal evidence.,6,1
FIR-02169,vandalism,bank_premises,MP,midnight,improvised_tool,forced_entry,public_space,juvenile,0,0,1,0,evidence_concealment|psychological_manipulation|accomplice_involved,Suspect attempted to conceal evidence. victim was manipulated psychologically. at least one accomplice was involved in the act.,4,0
FIR-02170,assault,highway,PB,afternoon,none,none,individual,26-35,1,4,0,0,multiple_offenders|accomplice_involved,Multiple offenders participated. at least one accomplice was involved in the act.,5,1
FIR-02171,burglary,rural_area,BR,night,none,lock_picking,government_property,26-35,0,1,1,0,accomplice_involved|evidence_concealment,At least one accomplice was involved in the act. suspect attempted to conceal evidence.,7,1
FIR-02172,assault,industrial_area,UP,night,knife,social_engineering,vehicle,60+,1,1,1,0,planned_operation|prior_surveillance|insider_help|local_knowledge|night_operation,Evidence of pre-planned operation. suspect conducted prior surveillance of the target. insider assistance may have been involved. suspect demonstrated knowledge of the local area. crime was executed during nighttime hours.,6,1
FIR-02173,kidnapping,commercial_zone,PB,morning,chemical,social_engineering,individual,juvenile,0,0,1,0,use_of_technology|prior_surveillance|psychological_manipulation,Digital tools or devices were used. suspect conducted prior surveillance of the target. victim was manipulated psychologically.,8,1
FIR-02174,cybercrime,rural_area,BR,afternoon,none,window_break,digital_asset,18-25,1,2,0,1,accomplice_involved|multiple_offenders|opportunistic|night_operation,At least one accomplice was involved in the act. multiple offenders participated. crime appears to be opportunistic in nature. crime was executed during nighttime hours.,5,1
FIR-02175,robbery,rural_area,AP,early_morning,vehicle,social_engineering,financial_institution,26-35,0,1,1,0,psychological_manipulation|physical_restraint|escape_vehicle_used|use_of_disguise|prior_surveillance,Victim was manipulated psychologically. victim was physically restrained. suspect escaped using a vehicle. suspect used a disguise to conceal identity. suspect conducted prior surveillance of the target.,7,1
FIR-02176,assault,highway,KL,night,knife,social_engineering,household,26-35,1,1,1,0,repeat_target|physical_restraint|insider_help,Location or victim was targeted previously. victim was physically restrained. insider assistance may have been involved.,6,1
FIR-02177,vehicle_theft,marketplace,TS,early_morning,vehicle,roof_access,vehicle,60+,0,1,1,0,physical_restraint|multiple_offenders,Victim was physically restrained. multiple offenders participated.,4,0
FIR-02178,kidnapping,highway,TS,night,knife,none,individual,36-45,0,1,1,0,prior_surveillance|evidence_concealment,Suspect conducted prior surveillance of the target. suspect attempted to conceal evidence.,9,0
FIR-02179,assault,industrial_area,UP,evening,none,none,individual,46-60,1,0,0,0,evidence_concealment|local_knowledge|prior_surveillance|lone_wolf,Suspect attempted to conceal evidence. suspect demonstrated knowledge of the local area. suspect conducted prior surveillance of the target. single offender acted alone.,7,1
FIR-02180,fraud,rural_area,GJ,afternoon,none,social_engineering,financial_institution,36-45,0,0,1,1,insider_help|repeat_target|night_operation,Insider assistance may have been involved. location or victim was targeted previously. crime was executed during nighttime hours.,7,0
FIR-02181,burglary,public_transport,BR,night,none,window_break,commercial_establishment,26-35,1,0,0,0,psychological_manipulation|physical_restraint|prior_surveillance|escape_vehicle_used,Victim was manipulated psychologically. victim was physically restrained. suspect conducted prior surveillance of the target. suspect escaped using a vehicle.,7,1
FIR-02182,drug_offense,bank_premises,GJ,early_morning,knife,none,individual,juvenile,1,2,0,0,planned_operation|local_knowledge|insider_help|psychological_manipulation|multiple_offenders,Evidence of pre-planned operation. suspect demonstrated knowledge of the local area. insider assistance may have been involved. victim was manipulated psychologically. multiple offenders participated.,4,1
FIR-02183,murder,industrial_area,RJ,midnight,knife,forced_entry,individual,36-45,1,1,0,0,planned_operation|use_of_disguise|evidence_concealment|opportunistic,Evidence of pre-planned operation. suspect used a disguise to conceal identity. suspect attempted to conceal evidence. crime appears to be opportunistic in nature.,9,0
FIR-02184,cybercrime,industrial_area,TS,early_morning,none,cyber_access,financial_institution,60+,1,1,1,1,planned_operation|evidence_concealment|physical_restraint|local_knowledge|accomplice_involved,Evidence of pre-planned operation. suspect attempted to conceal evidence. victim was physically restrained. suspect demonstrated knowledge of the local area. at least one accomplice was involved in the act.,5,0
FIR-02185,cybercrime,parking_lot,MP,evening,none,unlocked_door,individual,18-25,1,0,1,1,prior_surveillance|accomplice_involved|planned_operation,Suspect conducted prior surveillance of the target. at least one accomplice was involved in the act. evidence of pre-planned operation.,5,0
FIR-02186,vandalism,commercial_zone,TS,afternoon,chemical,none,public_space,26-35,1,0,0,0,planned_operation|night_operation|accomplice_involved,Evidence of pre-planned operation. crime was executed during nighttime hours. at least one accomplice was involved in the act.,3,0
FIR-02187,vehicle_theft,marketplace,GJ,midnight,none,unlocked_door,household,36-45,0,0,1,0,night_operation|local_knowledge|prior_surveillance,Crime was executed during nighttime hours. suspect demonstrated knowledge of the local area. suspect conducted prior surveillance of the target.,3,0
FIR-02188,drug_offense,residential_area,GJ,early_morning,none,none,public_space,juvenile,1,1,0,0,psychological_manipulation|night_operation|use_of_technology,Victim was manipulated psychologically. crime was executed during nighttime hours. digital tools or devices were used.,4,0
FIR-02189,robbery,industrial_area,MP,night,rope,none,financial_institution,60+,0,0,0,0,evidence_concealment|repeat_target|psychological_manipulation,Suspect attempted to conceal evidence. location or victim was targeted previously. victim was manipulated psychologically.,8,0
FIR-02190,kidnapping,industrial_area,KA,midnight,firearm,social_engineering,vehicle,60+,0,2,1,0,evidence_concealment|use_of_disguise|multiple_offenders,Suspect attempted to conceal evidence. suspect used a disguise to conceal identity. multiple offenders participated.,9,0
FIR-02191,vandalism,parking_lot,AP,night,chemical,none,government_property,60+,1,0,1,0,psychological_manipulation|evidence_concealment|physical_restraint|local_knowledge,Victim was manipulated psychologically. suspect attempted to conceal evidence. victim was physically restrained. suspect demonstrated knowledge of the local area.,3,0
FIR-02192,vehicle_theft,rural_area,PB,night,improvised_tool,social_engineering,household,36-45,0,0,1,0,psychological_manipulation|prior_surveillance|evidence_concealment|insider_help|lone_wolf,Victim was manipulated psychologically. suspect conducted prior surveillance of the target. suspect attempted to conceal evidence. insider assistance may have been involved. single offender acted alone.,3,1
FIR-02193,robbery,residential_area,GJ,night,blunt_object,none,individual,36-45,0,4,1,0,use_of_technology|multiple_offenders|escape_vehicle_used|opportunistic,Digital tools or devices were used. multiple offenders participated. suspect escaped using a vehicle. crime appears to be opportunistic in nature.,7,1
FIR-02194,kidnapping,public_transport,MH,midnight,vehicle,none,individual,26-35,0,1,1,0,opportunistic|planned_operation,Crime appears to be opportunistic in nature. evidence of pre-planned operation.,9,0
FIR-02195,cybercrime,parking_lot,WB,afternoon,none,impersonation,commercial_establishment,60+,0,1,0,1,use_of_disguise|local_knowledge|prior_surveillance|opportunistic,Suspect used a disguise to conceal identity. suspect demonstrated knowledge of the local area. suspect conducted prior surveillance of the target. crime appears to be opportunistic in nature.,6,1
FIR-02196,assault,commercial_zone,KL,evening,rope,none,commercial_establishment,26-35,0,2,0,0,multiple_offenders|evidence_concealment,Multiple offenders participated. suspect attempted to conceal evidence.,6,1
FIR-02197,murder,bank_premises,TS,night,blunt_object,forced_entry,individual,juvenile,0,0,1,0,repeat_target|physical_restraint|night_operation|prior_surveillance|lone_wolf,Location or victim was targeted previously. victim was physically restrained. crime was executed during nighttime hours. suspect conducted prior surveillance of the target. single offender acted alone.,10,0
FIR-02198,burglary,residential_area,AP,night,none,forced_entry,commercial_establishment,26-35,1,1,1,0,night_operation|insider_help,Crime was executed during nighttime hours. insider assistance may have been involved.,7,1
FIR-02199,vandalism,highway,MH,night,blunt_object,none,commercial_establishment,60+,0,1,0,0,multiple_offenders|evidence_concealment|accomplice_involved|use_of_disguise,Multiple offenders participated. suspect attempted to conceal evidence. at least one accomplice was involved in the act. suspect used a disguise to conceal identity.,4,1
FIR-02200,drug_offense,bank_premises,UP,midnight,improvised_tool,none,infrastructure,46-60,1,1,1,0,lone_wolf|opportunistic|physical_restraint,Single offender acted alone. crime appears to be opportunistic in nature. victim was physically restrained.,6,1
FIR-02201,assault,parking_lot,WB,night,none,social_engineering,individual,60+,1,0,0,0,use_of_technology|insider_help|multiple_offenders|opportunistic,Digital tools or devices were used. insider assistance may have been involved. multiple offenders participated. crime appears to be opportunistic in nature.,6,1
FIR-02202,vehicle_theft,highway,HR,morning,firearm,lock_picking,vehicle,36-45,0,0,1,0,use_of_technology|prior_surveillance,Digital tools or devices were used. suspect conducted prior surveillance of the target.,5,1
FIR-02203,kidnapping,residential_area,KA,evening,knife,none,individual,46-60,0,1,0,0,planned_operation|psychological_manipulation|accomplice_involved,Evidence of pre-planned operation. victim was manipulated psychologically. at least one accomplice was involved in the act.,10,0
FIR-02204,murder,bank_premises,DL,early_morning,none,lock_picking,individual,60+,0,1,1,0,prior_surveillance|evidence_concealment|repeat_target|insider_help|physical_restraint,Suspect conducted prior surveillance of the target. suspect attempted to conceal evidence. location or victim was targeted previously. insider assistance may have been involved. victim was physically restrained.,10,1
FIR-02205,vandalism,educational_institution,WB,midnight,chemical,none,multiple,18-25,0,1,0,0,use_of_disguise|physical_restraint,Suspect used a disguise to conceal identity. victim was physically restrained.,2,0
FIR-02206,burglary,educational_institution,RJ,midnight,none,forced_entry,government_property,juvenile,0,1,0,0,local_knowledge|accomplice_involved|lone_wolf|insider_help|evidence_concealment,Suspect demonstrated knowledge of the local area. at least one accomplice was involved in the act. single offender acted alone. insider assistance may have been involved. suspect attempted to conceal evidence.,7,0
FIR-02207,burglary,residential_area,AP,midnight,blunt_object,forced_entry,commercial_establishment,26-35,0,0,0,0,psychological_manipulation|escape_vehicle_used|insider_help|use_of_disguise|repeat_target,Victim was manipulated psychologically. suspect escaped using a vehicle. insider assistance may have been involved. suspect used a disguise to conceal identity. location or victim was targeted previously.,5,0
FIR-02208,vehicle_theft,industrial_area,TS,night,firearm,unlocked_door,vehicle,18-25,1,1,1,0,lone_wolf|planned_operation|repeat_target|psychological_manipulation,Single offender acted alone. evidence of pre-planned operation. location or victim was targeted previously. victim was manipulated psychologically.,5,0
FIR-02209,drug_offense,highway,TN,morning,none,lock_picking,individual,18-25,1,0,1,0,repeat_target|insider_help|local_knowledge,Location or victim was targeted previously. insider assistance may have been involved. suspect demonstrated knowledge of the local area.,5,1
FIR-02210,vandalism,educational_institution,KL,night,chemical,none,vehicle,18-25,1,0,1,0,use_of_disguise|night_operation|use_of_technology,Suspect used a disguise to conceal identity. crime was executed during nighttime hours. digital tools or devices were used.,2,1
FIR-02211,fraud,rural_area,HR,afternoon,firearm,tunneling,financial_institution,26-35,0,1,0,1,planned_operation|insider_help|opportunistic,Evidence of pre-planned operation. insider assistance may have been involved. crime appears to be opportunistic in nature.,6,1
FIR-02212,robbery,public_transport,KL,night,blunt_object,social_engineering,financial_institution,26-35,1,1,1,0,escape_vehicle_used|local_knowledge|evidence_concealment,Suspect escaped using a vehicle. suspect demonstrated knowledge of the local area. suspect attempted to conceal evidence.,9,1
FIR-02213,kidnapping,rural_area,KL,morning,firearm,none,individual,26-35,0,0,1,0,opportunistic|physical_restraint|repeat_target|prior_surveillance,Crime appears to be opportunistic in nature. victim was physically restrained. location or victim was targeted previously. suspect conducted prior surveillance of the target.,10,0
FIR-02214,assault,highway,TS,night,none,none,individual,18-25,0,1,0,0,planned_operation|evidence_concealment|prior_surveillance|use_of_technology|multiple_offenders,Evidence of pre-planned operation. suspect attempted to conceal evidence. suspect conducted prior surveillance of the target. digital tools or devices were used. multiple offenders participated.,7,1
FIR-02215,kidnapping,commercial_zone,GJ,morning,improvised_tool,lock_picking,individual,juvenile,1,1,0,0,lone_wolf|escape_vehicle_used|prior_surveillance,Single offender acted alone. suspect escaped using a vehicle. suspect conducted prior surveillance of the target.,8,0
FIR-02216,cybercrime,highway,KL,evening,none,cyber_access,individual,18-25,0,0,1,1,lone_wolf|physical_restraint|evidence_concealment,Single offender acted alone. victim was physically restrained. suspect attempted to conceal evidence.,4,0
FIR-02217,vehicle_theft,public_transport,PB,early_morning,firearm,unlocked_door,commercial_establishment,60+,0,1,1,0,lone_wolf|escape_vehicle_used|evidence_concealment|opportunistic,Single offender acted alone. suspect escaped using a vehicle. suspect attempted to conceal evidence. crime appears to be opportunistic in nature.,5,0
FIR-02218,cybercrime,residential_area,BR,afternoon,blunt_object,cyber_access,commercial_establishment,46-60,0,4,1,1,multiple_offenders|evidence_concealment|repeat_target|psychological_manipulation,Multiple offenders participated. suspect attempted to conceal evidence. location or victim was targeted previously. victim was manipulated psychologically.,4,1
FIR-02219,robbery,parking_lot,KA,night,blunt_object,social_engineering,individual,46-60,1,0,0,0,local_knowledge|psychological_manipulation,Suspect demonstrated knowledge of the local area. victim was manipulated psychologically.,7,0
FIR-02220,robbery,marketplace,HR,evening,blunt_object,social_engineering,financial_institution,juvenile,1,1,0,0,planned_operation|psychological_manipulation|prior_surveillance|opportunistic|evidence_concealment,Evidence of pre-planned operation. victim was manipulated psychologically. suspect conducted prior surveillance of the target. crime appears to be opportunistic in nature. suspect attempted to conceal evidence.,9,1
FIR-02221,fraud,bank_premises,AP,afternoon,none,social_engineering,financial_institution,46-60,0,0,0,1,local_knowledge|evidence_concealment,Suspect demonstrated knowledge of the local area. suspect attempted to conceal evidence.,6,1
FIR-02222,murder,bank_premises,MP,evening,knife,none,individual,juvenile,0,0,0,0,use_of_technology|local_knowledge|lone_wolf|repeat_target,Digital tools or devices were used. suspect demonstrated knowledge of the local area. single offender acted alone. location or victim was targeted previously.,10,0
FIR-02223,vehicle_theft,commercial_zone,AP,early_morning,none,cyber_access,financial_institution,60+,1,0,0,0,physical_restraint|night_operation,Victim was physically restrained. crime was executed during nighttime hours.,4,1
FIR-02224,vandalism,industrial_area,MP,night,rope,tunneling,public_space,juvenile,1,1,1,0,use_of_disguise|local_knowledge,Suspect used a disguise to conceal identity. suspect demonstrated knowledge of the local area.,4,1
FIR-02225,murder,parking_lot,WB,night,knife,none,vehicle,60+,1,0,0,0,planned_operation|prior_surveillance,Evidence of pre-planned operation. suspect conducted prior surveillance of the target.,9,1
FIR-02226,robbery,marketplace,MP,night,blunt_object,none,individual,26-35,0,0,1,0,use_of_disguise|use_of_technology,Suspect used a disguise to conceal identity. digital tools or devices were used.,7,1
FIR-02227,vehicle_theft,commercial_zone,BR,midnight,improvised_tool,unlocked_door,vehicle,46-60,0,0,0,0,escape_vehicle_used|night_operation,Suspect escaped using a vehicle. crime was executed during nighttime hours.,3,1
FIR-02228,murder,bank_premises,MH,night,blunt_object,lock_picking,individual,60+,1,1,0,0,accomplice_involved|use_of_disguise|prior_surveillance|physical_restraint|psychological_manipulation,At least one accomplice was involved in the act. suspect used a disguise to conceal identity. suspect conducted prior surveillance of the target. victim was physically restrained. victim was manipulated psychologically.,9,0
FIR-02229,robbery,residential_area,WB,afternoon,blunt_object,social_engineering,financial_institution,36-45,1,0,1,0,opportunistic|prior_surveillance|psychological_manipulation|escape_vehicle_used|repeat_target,Crime appears to be opportunistic in nature. suspect conducted prior surveillance of the target. victim was manipulated psychologically. suspect escaped using a vehicle. location or victim was targeted previously.,9,1
FIR-02230,vehicle_theft,highway,GJ,midnight,none,lock_picking,commercial_establishment,18-25,0,3,0,0,physical_restraint|multiple_offenders,Victim was physically restrained. multiple offenders participated.,4,0
FIR-02231,murder,parking_lot,WB,midnight,knife,forced_entry,individual,36-45,1,0,1,0,physical_restraint|prior_surveillance|insider_help,Victim was physically restrained. suspect conducted prior surveillance of the target. insider assistance may have been involved.,10,1
FIR-02232,vandalism,public_transport,MP,midnight,blunt_object,none,public_space,60+,0,2,0,0,evidence_concealment|repeat_target|night_operation|multiple_offenders,Suspect attempted to conceal evidence. location or victim was targeted previously. crime was executed during nighttime hours. multiple offenders participated.,4,0
FIR-02233,burglary,educational_institution,MP,midnight,blunt_object,forced_entry,household,36-45,1,0,1,0,use_of_technology|planned_operation,Digital tools or devices were used. evidence of pre-planned operation.,5,1
FIR-02234,fraud,commercial_zone,DL,afternoon,none,impersonation,individual,46-60,0,1,1,1,repeat_target|night_operation,Location or victim was targeted previously. crime was executed during nighttime hours.,6,1
FIR-02235,robbery,marketplace,MH,evening,knife,forced_entry,household,26-35,0,1,1,0,night_operation|lone_wolf|escape_vehicle_used|physical_restraint,Crime was executed during nighttime hours. single offender acted alone. suspect escaped using a vehicle. victim was physically restrained.,8,0
FIR-02236,fraud,educational_institution,KL,afternoon,none,impersonation,financial_institution,18-25,0,1,0,1,escape_vehicle_used|planned_operation|use_of_technology|evidence_concealment|psychological_manipulation,Suspect escaped using a vehicle. evidence of pre-planned operation. digital tools or devices were used. suspect attempted to conceal evidence. victim was manipulated psychologically.,8,0
FIR-02237,burglary,highway,GJ,night,firearm,window_break,financial_institution,60+,1,3,0,0,local_knowledge|evidence_concealment|repeat_target|accomplice_involved|multiple_offenders,Suspect demonstrated knowledge of the local area. suspect attempted to conceal evidence. location or victim was targeted previously. at least one accomplice was involved in the act. multiple offenders participated.,5,1
FIR-02238,vandalism,residential_area,MH,afternoon,vehicle,none,public_space,46-60,1,3,0,0,multiple_offenders|escape_vehicle_used,Multiple offenders participated. suspect escaped using a vehicle.,3,1
FIR-02239,fraud,commercial_zone,HR,afternoon,none,impersonation,financial_institution,juvenile,0,1,1,1,use_of_technology|opportunistic|prior_surveillance,Digital tools or devices were used. crime appears to be opportunistic in nature. suspect conducted prior surveillance of the target.,6,0
FIR-02240,cybercrime,highway,UP,morning,none,impersonation,digital_asset,juvenile,1,0,1,1,psychological_manipulation|opportunistic|night_operation,Victim was manipulated psychologically. crime appears to be opportunistic in nature. crime was executed during nighttime hours.,4,0
FIR-02241,robbery,marketplace,KA,night,blunt_object,unlocked_door,individual,26-35,0,0,1,0,local_knowledge|night_operation,Suspect demonstrated knowledge of the local area. crime was executed during nighttime hours.,8,0
FIR-02242,drug_offense,parking_lot,BR,night,none,none,public_space,60+,1,0,0,0,multiple_offenders|psychological_manipulation|lone_wolf,Multiple offenders participated. victim was manipulated psychologically. single offender acted alone.,5,0
FIR-02243,burglary,bank_premises,RJ,evening,improvised_tool,lock_picking,commercial_establishment,26-35,1,0,1,0,use_of_technology|lone_wolf,Digital tools or devices were used. single offender acted alone.,7,1
FIR-02244,vehicle_theft,industrial_area,RJ,night,none,lock_picking,multiple,46-60,1,1,0,0,escape_vehicle_used|psychological_manipulation|opportunistic,Suspect escaped using a vehicle. victim was manipulated psychologically. crime appears to be opportunistic in nature.,3,1
FIR-02245,drug_offense,rural_area,DL,night,none,none,public_space,46-60,0,0,0,0,accomplice_involved|local_knowledge,At least one accomplice was involved in the act. suspect demonstrated knowledge of the local area.,6,1
FIR-02246,fraud,public_transport,BR,afternoon,none,social_engineering,individual,46-60,0,1,1,1,night_operation|escape_vehicle_used,Crime was executed during nighttime hours. suspect escaped using a vehicle.,7,0
FIR-02247,vandalism,commercial_zone,WB,night,vehicle,none,public_space,46-60,1,1,0,0,evidence_concealment|repeat_target|local_knowledge|lone_wolf,Suspect attempted to conceal evidence. location or victim was targeted previously. suspect demonstrated knowledge of the local area. single offender acted alone.,4,1
FIR-02248,kidnapping,public_transport,HR,morning,knife,none,individual,juvenile,0,1,0,0,escape_vehicle_used|planned_operation|insider_help|lone_wolf,Suspect escaped using a vehicle. evidence of pre-planned operation. insider assistance may have been involved. single offender acted alone.,10,0
FIR-02249,vandalism,residential_area,TS,midnight,improvised_tool,none,public_space,18-25,0,0,1,0,accomplice_involved|opportunistic,At least one accomplice was involved in the act. crime appears to be opportunistic in nature.,3,1
FIR-02250,robbery,parking_lot,WB,midnight,blunt_object,social_engineering,commercial_establishment,46-60,1,0,0,0,multiple_offenders|prior_surveillance,Multiple offenders participated. suspect conducted prior surveillance of the target.,9,0
FIR-02251,murder,educational_institution,TS,morning,rope,none,public_space,60+,1,1,0,0,accomplice_involved|evidence_concealment|night_operation,At least one accomplice was involved in the act. suspect attempted to conceal evidence. crime was executed during nighttime hours.,10,0
FIR-02252,cybercrime,highway,DL,afternoon,rope,cyber_access,commercial_establishment,juvenile,1,1,1,1,lone_wolf|planned_operation|use_of_disguise|prior_surveillance,Single offender acted alone. evidence of pre-planned operation. suspect used a disguise to conceal identity. suspect conducted prior surveillance of the target.,5,1
FIR-02253,vehicle_theft,public_transport,TS,afternoon,rope,unlocked_door,public_space,juvenile,1,0,0,0,psychological_manipulation|physical_restraint|use_of_disguise|planned_operation|local_knowledge,Victim was manipulated psychologically. victim was physically restrained. suspect used a disguise to conceal identity. evidence of pre-planned operation. suspect demonstrated knowledge of the local area.,5,1
FIR-02254,drug_offense,bank_premises,GJ,night,none,window_break,public_space,60+,0,0,1,0,local_knowledge|opportunistic,Suspect demonstrated knowledge of the local area. crime appears to be opportunistic in nature.,4,0
FIR-02255,robbery,bank_premises,HR,evening,firearm,none,commercial_establishment,46-60,1,0,1,0,lone_wolf|night_operation,Single offender acted alone. crime was executed during nighttime hours.,8,1
FIR-02256,vehicle_theft,public_transport,BR,evening,none,lock_picking,vehicle,36-45,1,1,0,0,planned_operation|use_of_technology|escape_vehicle_used,Evidence of pre-planned operation. digital tools or devices were used. suspect escaped using a vehicle.,4,0
FIR-02257,vehicle_theft,educational_institution,RJ,early_morning,none,lock_picking,vehicle,36-45,1,0,0,0,evidence_concealment|night_operation|use_of_technology,Suspect attempted to conceal evidence. crime was executed during nighttime hours. digital tools or devices were used.,4,1
FIR-02258,vehicle_theft,rural_area,TS,evening,none,lock_picking,vehicle,18-25,0,0,1,0,insider_help|prior_surveillance|use_of_disguise|accomplice_involved,Insider assistance may have been involved. suspect conducted prior surveillance of the target. suspect used a disguise to conceal identity. at least one accomplice was involved in the act.,4,1
FIR-02259,burglary,highway,UP,night,improvised_tool,forced_entry,public_space,juvenile,0,1,0,0,prior_surveillance|insider_help|use_of_disguise|planned_operation,Suspect conducted prior surveillance of the target. insider assistance may have been involved. suspect used a disguise to conceal identity. evidence of pre-planned operation.,7,0
FIR-02260,burglary,marketplace,TS,night,none,forced_entry,household,46-60,1,0,1,0,insider_help|local_knowledge|prior_surveillance|lone_wolf,Insider assistance may have been involved. suspect demonstrated knowledge of the local area. suspect conducted prior surveillance of the target. single offender acted alone.,5,1
FIR-02261,drug_offense,parking_lot,KL,midnight,none,none,digital_asset,46-60,1,1,0,0,accomplice_involved|insider_help|use_of_disguise,At least one accomplice was involved in the act. insider assistance may have been involved. suspect used a disguise to conceal identity.,6,1
FIR-02262,robbery,marketplace,MH,evening,knife,social_engineering,digital_asset,46-60,1,0,0,0,local_knowledge|insider_help|prior_surveillance|accomplice_involved,Suspect demonstrated knowledge of the local area. insider assistance may have been involved. suspect conducted prior surveillance of the target. at least one accomplice was involved in the act.,7,1
FIR-02263,cybercrime,educational_institution,WB,morning,none,social_engineering,commercial_establishment,46-60,1,1,0,1,local_knowledge|use_of_disguise|night_operation|insider_help,Suspect demonstrated knowledge of the local area. suspect used a disguise to conceal identity. crime was executed during nighttime hours. insider assistance may have been involved.,6,1
FIR-02264,murder,parking_lot,TS,morning,knife,cyber_access,financial_institution,60+,1,0,1,0,insider_help|planned_operation,Insider assistance may have been involved. evidence of pre-planned operation.,10,0
FIR-02265,fraud,highway,TN,afternoon,none,impersonation,commercial_establishment,60+,0,1,1,1,escape_vehicle_used|planned_operation|local_knowledge|accomplice_involved|use_of_technology,Suspect escaped using a vehicle. evidence of pre-planned operation. suspect demonstrated knowledge of the local area. at least one accomplice was involved in the act. digital tools or devices were used.,6,1
FIR-02266,murder,bank_premises,RJ,midnight,blunt_object,tunneling,individual,18-25,1,0,0,0,lone_wolf|repeat_target|evidence_concealment,Single offender acted alone. location or victim was targeted previously. suspect attempted to conceal evidence.,10,0
FIR-02267,vandalism,highway,TS,evening,improvised_tool,none,public_space,36-45,1,1,0,0,evidence_concealment|local_knowledge,Suspect attempted to conceal evidence. suspect demonstrated knowledge of the local area.,4,1
FIR-02268,kidnapping,parking_lot,MH,midnight,knife,none,individual,26-35,1,0,1,0,physical_restraint|night_operation,Victim was physically restrained. crime was executed during nighttime hours.,8,0
FIR-02269,vandalism,residential_area,RJ,night,vehicle,unlocked_door,government_property,46-60,0,0,0,0,lone_wolf|evidence_concealment,Single offender acted alone. suspect attempted to conceal evidence.,3,0
FIR-02270,robbery,rural_area,DL,evening,firearm,none,individual,juvenile,0,3,0,0,escape_vehicle_used|insider_help|opportunistic|multiple_offenders|local_knowledge,Suspect escaped using a vehicle. insider assistance may have been involved. crime appears to be opportunistic in nature. multiple offenders participated. suspect demonstrated knowledge of the local area.,9,1
FIR-02271,assault,residential_area,GJ,evening,blunt_object,none,digital_asset,26-35,0,1,1,0,night_operation|prior_surveillance|physical_restraint|planned_operation,Crime was executed during nighttime hours. suspect conducted prior surveillance of the target. victim was physically restrained. evidence of pre-planned operation.,5,1
FIR-02272,robbery,residential_area,UP,evening,knife,tunneling,financial_institution,60+,1,0,1,0,local_knowledge|physical_restraint|insider_help|escape_vehicle_used,Suspect demonstrated knowledge of the local area. victim was physically restrained. insider assistance may have been involved. suspect escaped using a vehicle.,9,1
FIR-02273,vehicle_theft,rural_area,RJ,early_morning,improvised_tool,impersonation,vehicle,26-35,0,0,0,0,planned_operation|repeat_target|local_knowledge|use_of_disguise|evidence_concealment,Evidence of pre-planned operation. location or victim was targeted previously. suspect demonstrated knowledge of the local area. suspect used a disguise to conceal identity. suspect attempted to conceal evidence.,3,1
FIR-02274,cybercrime,commercial_zone,WB,evening,none,roof_access,individual,46-60,0,0,1,1,physical_restraint|accomplice_involved,Victim was physically restrained. at least one accomplice was involved in the act.,4,1
FIR-02275,vehicle_theft,marketplace,MH,night,improvised_tool,unlocked_door,vehicle,46-60,0,1,1,0,planned_operation|lone_wolf|prior_surveillance,Evidence of pre-planned operation. single offender acted alone. suspect conducted prior surveillance of the target.,5,0
FIR-02276,vehicle_theft,rural_area,AP,early_morning,chemical,lock_picking,vehicle,36-45,0,1,1,0,accomplice_involved|insider_help,At least one accomplice was involved in the act. insider assistance may have been involved.,4,1
FIR-02277,assault,marketplace,DL,early_morning,vehicle,none,individual,60+,0,1,1,0,night_operation|local_knowledge|prior_surveillance|repeat_target,Crime was executed during nighttime hours. suspect demonstrated knowledge of the local area. suspect conducted prior surveillance of the target. location or victim was targeted previously.,6,1
FIR-02278,murder,marketplace,WB,evening,blunt_object,none,individual,18-25,1,0,0,0,evidence_concealment|opportunistic|lone_wolf|local_knowledge|insider_help,Suspect attempted to conceal evidence. crime appears to be opportunistic in nature. single offender acted alone. suspect demonstrated knowledge of the local area. insider assistance may have been involved.,9,0
FIR-02279,vandalism,educational_institution,MP,midnight,chemical,none,government_property,18-25,0,2,0,0,local_knowledge|multiple_offenders|physical_restraint,Suspect demonstrated knowledge of the local area. multiple offenders participated. victim was physically restrained.,4,1
FIR-02280,vehicle_theft,parking_lot,MP,midnight,none,unlocked_door,digital_asset,juvenile,0,2,0,0,insider_help|physical_restraint|accomplice_involved|repeat_target|multiple_offenders,Insider assistance may have been involved. victim was physically restrained. at least one accomplice was involved in the act. location or victim was targeted previously. multiple offenders participated.,3,1
FIR-02281,vandalism,marketplace,GJ,night,improvised_tool,none,government_property,18-25,1,1,1,0,repeat_target|insider_help|use_of_technology|planned_operation,Location or victim was targeted previously. insider assistance may have been involved. digital tools or devices were used. evidence of pre-planned operation.,4,1
FIR-02282,murder,parking_lot,AP,morning,improvised_tool,forced_entry,individual,18-25,1,0,0,0,local_knowledge|evidence_concealment|prior_surveillance|night_operation,Suspect demonstrated knowledge of the local area. suspect attempted to conceal evidence. suspect conducted prior surveillance of the target. crime was executed during nighttime hours.,9,0
FIR-02283,fraud,marketplace,BR,morning,none,social_engineering,commercial_establishment,juvenile,0,0,0,1,prior_surveillance|accomplice_involved|night_operation|physical_restraint,Suspect conducted prior surveillance of the target. at least one accomplice was involved in the act. crime was executed during nighttime hours. victim was physically restrained.,8,0
FIR-02284,fraud,public_transport,HR,afternoon,none,cyber_access,digital_asset,juvenile,0,4,1,1,use_of_disguise|use_of_technology|planned_operation|evidence_concealment|multiple_offenders,Suspect used a disguise to conceal identity. digital tools or devices were used. evidence of pre-planned operation. suspect attempted to conceal evidence. multiple offenders participated.,7,0
FIR-02285,robbery,public_transport,KL,night,blunt_object,unlocked_door,individual,18-25,0,2,0,0,physical_restraint|psychological_manipulation|multiple_offenders,Victim was physically restrained. victim was manipulated psychologically. multiple offenders participated.,8,0
FIR-02286,vandalism,public_transport,KA,midnight,improvised_tool,none,public_space,36-45,1,0,0,0,use_of_technology|physical_restraint|psychological_manipulation,Digital tools or devices were used. victim was physically restrained. victim was manipulated psychologically.,2,1
FIR-02287,murder,public_transport,BR,night,blunt_object,forced_entry,multiple,26-35,0,0,1,0,prior_surveillance|local_knowledge,Suspect conducted prior surveillance of the target. suspect demonstrated knowledge of the local area.,9,0
FIR-02288,vehicle_theft,residential_area,AP,afternoon,improvised_tool,unlocked_door,vehicle,juvenile,1,1,0,0,planned_operation|accomplice_involved|local_knowledge,Evidence of pre-planned operation. at least one accomplice was involved in the act. suspect demonstrated knowledge of the local area.,3,0
FIR-02289,cybercrime,marketplace,MP,early_morning,none,cyber_access,digital_asset,36-45,1,0,0,1,opportunistic|insider_help,Crime appears to be opportunistic in nature. insider assistance may have been involved.,6,1
FIR-02290,vehicle_theft,educational_institution,WB,midnight,knife,unlocked_door,vehicle,26-35,1,2,0,0,use_of_disguise|planned_operation|multiple_offenders|escape_vehicle_used|psychological_manipulation,Suspect used a disguise to conceal identity. evidence of pre-planned operation. multiple offenders participated. suspect escaped using a vehicle. victim was manipulated psychologically.,5,0
FIR-02291,kidnapping,public_transport,UP,morning,chemical,social_engineering,public_space,60+,0,1,1,0,repeat_target|night_operation|evidence_concealment|psychological_manipulation,Location or victim was targeted previously. crime was executed during nighttime hours. suspect attempted to conceal evidence. victim was manipulated psychologically.,9,0
FIR-02292,kidnapping,marketplace,UP,morning,chemical,forced_entry,individual,60+,1,4,0,0,accomplice_involved|evidence_concealment|multiple_offenders|physical_restraint,At least one accomplice was involved in the act. suspect attempted to conceal evidence. multiple offenders participated. victim was physically restrained.,10,0
FIR-02293,drug_offense,industrial_area,TS,early_morning,none,none,public_space,26-35,0,0,1,0,repeat_target|multiple_offenders|use_of_technology|psychological_manipulation|planned_operation,Location or victim was targeted previously. multiple offenders participated. digital tools or devices were used. victim was manipulated psychologically. evidence of pre-planned operation.,6,0
FIR-02294,drug_offense,public_transport,HR,night,knife,unlocked_door,household,60+,1,1,0,0,lone_wolf|psychological_manipulation,Single offender acted alone. victim was manipulated psychologically.,4,1
FIR-02295,fraud,rural_area,UP,morning,vehicle,social_engineering,digital_asset,juvenile,1,2,1,1,multiple_offenders|accomplice_involved,Multiple offenders participated. at least one accomplice was involved in the act.,8,1
FIR-02296,vehicle_theft,educational_institution,HR,night,improvised_tool,lock_picking,vehicle,18-25,0,2,1,0,use_of_technology|lone_wolf|multiple_offenders|local_knowledge,Digital tools or devices were used. single offender acted alone. multiple offenders participated. suspect demonstrated knowledge of the local area.,3,1
FIR-02297,burglary,marketplace,WB,night,blunt_object,none,individual,46-60,1,1,0,0,planned_operation|physical_restraint|prior_surveillance|multiple_offenders,Evidence of pre-planned operation. victim was physically restrained. suspect conducted prior surveillance of the target. multiple offenders participated.,6,1
FIR-02298,vandalism,highway,BR,midnight,chemical,none,public_space,18-25,0,0,0,0,escape_vehicle_used|planned_operation|local_knowledge|opportunistic|evidence_concealment,Suspect escaped using a vehicle. evidence of pre-planned operation. suspect demonstrated knowledge of the local area. crime appears to be opportunistic in nature. suspect attempted to conceal evidence.,4,0
FIR-02299,vandalism,bank_premises,GJ,midnight,improvised_tool,none,commercial_establishment,46-60,0,1,0,0,opportunistic|local_knowledge|use_of_technology|prior_surveillance|psychological_manipulation,Crime appears to be opportunistic in nature. suspect demonstrated knowledge of the local area. digital tools or devices were used. suspect conducted prior surveillance of the target. victim was manipulated psychologically.,3,0
FIR-02300,drug_offense,rural_area,TS,midnight,none,none,public_space,60+,0,1,1,0,local_knowledge|evidence_concealment|lone_wolf|psychological_manipulation,Suspect demonstrated knowledge of the local area. suspect attempted to conceal evidence. single offender acted alone. victim was manipulated psychologically.,4,0
FIR-02301,fraud,marketplace,MP,morning,none,impersonation,commercial_establishment,juvenile,0,0,0,1,escape_vehicle_used|use_of_technology|insider_help|opportunistic|prior_surveillance,Suspect escaped using a vehicle. digital tools or devices were used. insider assistance may have been involved. crime appears to be opportunistic in nature. suspect conducted prior surveillance of the target.,8,0
FIR-02302,burglary,educational_institution,AP,night,none,lock_picking,public_space,18-25,1,0,0,0,use_of_technology|lone_wolf|evidence_concealment|repeat_target|insider_help,Digital tools or devices were used. single offender acted alone. suspect attempted to conceal evidence. location or victim was targeted previously. insider assistance may have been involved.,5,0
FIR-02303,assault,parking_lot,DL,night,knife,window_break,individual,36-45,0,1,1,0,night_operation|accomplice_involved,Crime was executed during nighttime hours. at least one accomplice was involved in the act.,5,1
FIR-02304,assault,highway,TS,afternoon,none,none,individual,juvenile,0,3,0,0,multiple_offenders|psychological_manipulation|planned_operation|repeat_target|insider_help,Multiple offenders participated. victim was manipulated psychologically. evidence of pre-planned operation. location or victim was targeted previously. insider assistance may have been involved.,5,1
FIR-02305,fraud,public_transport,TS,afternoon,knife,social_engineering,individual,juvenile,1,1,0,1,use_of_disguise|psychological_manipulation|multiple_offenders|use_of_technology|night_operation,Suspect used a disguise to conceal identity. victim was manipulated psychologically. multiple offenders participated. digital tools or devices were used. crime was executed during nighttime hours.,7,1
FIR-02306,burglary,public_transport,MP,evening,blunt_object,window_break,government_property,juvenile,1,3,0,0,repeat_target|use_of_technology|multiple_offenders|psychological_manipulation,Location or victim was targeted previously. digital tools or devices were used. multiple offenders participated. victim was manipulated psychologically.,6,1
FIR-02307,vehicle_theft,residential_area,MH,midnight,improvised_tool,unlocked_door,vehicle,36-45,1,0,0,0,evidence_concealment|lone_wolf|insider_help,Suspect attempted to conceal evidence. single offender acted alone. insider assistance may have been involved.,5,1
FIR-02308,cybercrime,marketplace,HR,morning,none,cyber_access,financial_institution,46-60,0,1,1,1,night_operation|psychological_manipulation,Crime was executed during nighttime hours. victim was manipulated psychologically.,4,1
FIR-02309,cybercrime,marketplace,MH,evening,none,cyber_access,financial_institution,46-60,0,1,1,1,local_knowledge|psychological_manipulation|insider_help,Suspect demonstrated knowledge of the local area. victim was manipulated psychologically. insider assistance may have been involved.,5,0
FIR-02310,vandalism,marketplace,KA,early_morning,none,roof_access,financial_institution,46-60,0,1,0,0,psychological_manipulation|use_of_disguise|night_operation|local_knowledge|prior_surveillance,Victim was manipulated psychologically. suspect used a disguise to conceal identity. crime was executed during nighttime hours. suspect demonstrated knowledge of the local area. suspect conducted prior surveillance of the target.,3,0
FIR-02311,vehicle_theft,residential_area,RJ,night,improvised_tool,lock_picking,individual,18-25,0,1,1,0,escape_vehicle_used|opportunistic|repeat_target|insider_help|lone_wolf,Suspect escaped using a vehicle. crime appears to be opportunistic in nature. location or victim was targeted previously. insider assistance may have been involved. single offender acted alone.,5,1
FIR-02312,robbery,public_transport,TN,morning,firearm,social_engineering,commercial_establishment,juvenile,0,0,0,0,opportunistic|accomplice_involved|insider_help|local_knowledge,Crime appears to be opportunistic in nature. at least one accomplice was involved in the act. insider assistance may have been involved. suspect demonstrated knowledge of the local area.,8,0
FIR-02313,burglary,commercial_zone,UP,night,none,window_break,commercial_establishment,juvenile,0,0,1,0,physical_restraint|repeat_target,Victim was physically restrained. location or victim was targeted previously.,5,0
FIR-02314,fraud,highway,DL,afternoon,none,social_engineering,financial_institution,46-60,1,1,0,1,lone_wolf|planned_operation,Single offender acted alone. evidence of pre-planned operation.,6,0
FIR-02315,robbery,highway,RJ,midnight,knife,social_engineering,individual,46-60,0,1,1,0,use_of_technology|planned_operation|escape_vehicle_used|repeat_target|accomplice_involved,Digital tools or devices were used. evidence of pre-planned operation. suspect escaped using a vehicle. location or victim was targeted previously. at least one accomplice was involved in the act.,7,1
FIR-02316,kidnapping,marketplace,BR,afternoon,firearm,social_engineering,individual,36-45,1,0,1,0,evidence_concealment|local_knowledge|lone_wolf|night_operation|psychological_manipulation,Suspect attempted to conceal evidence. suspect demonstrated knowledge of the local area. single offender acted alone. crime was executed during nighttime hours. victim was manipulated psychologically.,9,0
FIR-02317,kidnapping,educational_institution,KL,evening,chemical,none,household,60+,1,1,0,0,accomplice_involved|psychological_manipulation|insider_help|local_knowledge,At least one accomplice was involved in the act. victim was manipulated psychologically. insider assistance may have been involved. suspect demonstrated knowledge of the local area.,8,0
FIR-02318,vandalism,marketplace,GJ,midnight,blunt_object,none,public_space,18-25,0,1,0,0,use_of_disguise|escape_vehicle_used|accomplice_involved|opportunistic|psychological_manipulation,Suspect used a disguise to conceal identity. suspect escaped using a vehicle. at least one accomplice was involved in the act. crime appears to be opportunistic in nature. victim was manipulated psychologically.,4,0
FIR-02319,vehicle_theft,rural_area,KL,night,none,lock_picking,vehicle,60+,0,4,0,0,accomplice_involved|psychological_manipulation|multiple_offenders|local_knowledge|night_operation,At least one accomplice was involved in the act. victim was manipulated psychologically. multiple offenders participated. suspect demonstrated knowledge of the local area. crime was executed during nighttime hours.,5,1
FIR-02320,fraud,highway,GJ,midnight,chemical,impersonation,financial_institution,18-25,1,1,1,1,evidence_concealment|insider_help,Suspect attempted to conceal evidence. insider assistance may have been involved.,6,0
FIR-02321,assault,educational_institution,MH,afternoon,blunt_object,none,individual,18-25,0,1,0,0,evidence_concealment|repeat_target|use_of_disguise|physical_restraint,Suspect attempted to conceal evidence. location or victim was targeted previously. suspect used a disguise to conceal identity. victim was physically restrained.,5,0
FIR-02322,cybercrime,industrial_area,KL,morning,none,cyber_access,individual,46-60,0,1,1,1,escape_vehicle_used|repeat_target|use_of_technology|local_knowledge,Suspect escaped using a vehicle. location or victim was targeted previously. digital tools or devices were used. suspect demonstrated knowledge of the local area.,4,1
FIR-02323,vehicle_theft,public_transport,MH,night,improvised_tool,lock_picking,vehicle,26-35,1,3,1,0,lone_wolf|multiple_offenders,Single offender acted alone. multiple offenders participated.,4,1
FIR-02324,fraud,highway,UP,morning,none,impersonation,household,46-60,1,0,1,1,use_of_disguise|insider_help|accomplice_involved|night_operation,Suspect used a disguise to conceal identity. insider assistance may have been involved. at least one accomplice was involved in the act. crime was executed during nighttime hours.,8,1
FIR-02325,fraud,educational_institution,GJ,afternoon,none,impersonation,commercial_establishment,60+,0,1,1,1,evidence_concealment|planned_operation,Suspect attempted to conceal evidence. evidence of pre-planned operation.,8,0
FIR-02326,robbery,public_transport,AP,evening,knife,none,individual,26-35,1,0,1,0,repeat_target|lone_wolf|evidence_concealment,Location or victim was targeted previously. single offender acted alone. suspect attempted to conceal evidence.,8,1
FIR-02327,burglary,educational_institution,DL,midnight,blunt_object,window_break,vehicle,36-45,0,0,0,0,night_operation|psychological_manipulation,Crime was executed during nighttime hours. victim was manipulated psychologically.,7,0
FIR-02328,robbery,parking_lot,PB,midnight,blunt_object,roof_access,commercial_establishment,46-60,0,0,1,0,use_of_technology|repeat_target|evidence_concealment|escape_vehicle_used,Digital tools or devices were used. location or victim was targeted previously. suspect attempted to conceal evidence. suspect escaped using a vehicle.,7,1
FIR-02329,murder,public_transport,MH,midnight,rope,lock_picking,individual,46-60,0,1,0,0,lone_wolf|repeat_target,Single offender acted alone. location or victim was targeted previously.,10,0
FIR-02330,drug_offense,commercial_zone,AP,night,none,none,government_property,46-60,0,1,1,0,physical_restraint|prior_surveillance|use_of_disguise|escape_vehicle_used,Victim was physically restrained. suspect conducted prior surveillance of the target. suspect used a disguise to conceal identity. suspect escaped using a vehicle.,5,1
FIR-02331,fraud,public_transport,BR,afternoon,none,impersonation,individual,46-60,1,4,0,1,opportunistic|planned_operation|prior_surveillance|multiple_offenders|use_of_technology,Crime appears to be opportunistic in nature. evidence of pre-planned operation. suspect conducted prior surveillance of the target. multiple offenders participated. digital tools or devices were used.,8,1
FIR-02332,robbery,marketplace,UP,night,knife,none,individual,46-60,0,0,0,0,evidence_concealment|psychological_manipulation|use_of_disguise|local_knowledge|escape_vehicle_used,Suspect attempted to conceal evidence. victim was manipulated psychologically. suspect used a disguise to conceal identity. suspect demonstrated knowledge of the local area. suspect escaped using a vehicle.,9,0
FIR-02333,vehicle_theft,industrial_area,PB,night,rope,lock_picking,vehicle,18-25,0,1,0,0,local_knowledge|psychological_manipulation|planned_operation|use_of_disguise|accomplice_involved,Suspect demonstrated knowledge of the local area. victim was manipulated psychologically. evidence of pre-planned operation. suspect used a disguise to conceal identity. at least one accomplice was involved in the act.,3,1
FIR-02334,vandalism,parking_lot,PB,early_morning,blunt_object,none,government_property,26-35,0,2,0,0,multiple_offenders|night_operation|opportunistic,Multiple offenders participated. crime was executed during nighttime hours. crime appears to be opportunistic in nature.,2,0
FIR-02335,kidnapping,rural_area,DL,evening,chemical,unlocked_door,individual,46-60,1,1,1,0,insider_help|night_operation|opportunistic,Insider assistance may have been involved. crime was executed during nighttime hours. crime appears to be opportunistic in nature.,10,1
FIR-02336,assault,highway,TS,midnight,none,none,individual,juvenile,0,0,1,0,psychological_manipulation|lone_wolf|use_of_technology|insider_help,Victim was manipulated psychologically. single offender acted alone. digital tools or devices were used. insider assistance may have been involved.,5,1
FIR-02337,robbery,marketplace,GJ,evening,none,none,financial_institution,46-60,0,0,1,0,accomplice_involved|use_of_disguise|insider_help,At least one accomplice was involved in the act. suspect used a disguise to conceal identity. insider assistance may have been involved.,9,0
FIR-02338,fraud,bank_premises,GJ,night,none,social_engineering,individual,26-35,0,0,1,1,evidence_concealment|repeat_target|physical_restraint|lone_wolf,Suspect attempted to conceal evidence. location or victim was targeted previously. victim was physically restrained. single offender acted alone.,6,1
FIR-02339,assault,industrial_area,PB,afternoon,knife,tunneling,public_space,juvenile,1,1,1,0,escape_vehicle_used|insider_help,Suspect escaped using a vehicle. insider assistance may have been involved.,5,0
FIR-02340,vehicle_theft,rural_area,PB,midnight,none,unlocked_door,vehicle,26-35,0,3,0,0,multiple_offenders|use_of_technology|prior_surveillance|escape_vehicle_used,Multiple offenders participated. digital tools or devices were used. suspect conducted prior surveillance of the target. suspect escaped using a vehicle.,4,0
FIR-02341,burglary,educational_institution,TS,night,none,forced_entry,household,46-60,0,0,0,0,evidence_concealment|psychological_manipulation|prior_surveillance|multiple_offenders,Suspect attempted to conceal evidence. victim was manipulated psychologically. suspect conducted prior surveillance of the target. multiple offenders participated.,6,1
FIR-02342,kidnapping,marketplace,WB,evening,knife,window_break,individual,60+,0,0,1,0,evidence_concealment|insider_help|repeat_target|lone_wolf,Suspect attempted to conceal evidence. insider assistance may have been involved. location or victim was targeted previously. single offender acted alone.,8,0
FIR-02343,murder,public_transport,TS,evening,knife,none,individual,26-35,0,0,0,0,prior_surveillance|multiple_offenders,Suspect conducted prior surveillance of the target. multiple offenders participated.,9,0
FIR-02344,assault,highway,HR,night,knife,roof_access,individual,46-60,0,1,1,0,evidence_concealment|planned_operation|opportunistic,Suspect attempted to conceal evidence. evidence of pre-planned operation. crime appears to be opportunistic in nature.,6,0
FIR-02345,assault,highway,MP,night,vehicle,none,individual,26-35,0,0,0,0,local_knowledge|repeat_target|multiple_offenders,Suspect demonstrated knowledge of the local area. location or victim was targeted previously. multiple offenders participated.,6,0
FIR-02346,burglary,public_transport,WB,night,blunt_object,lock_picking,household,26-35,0,1,1,0,repeat_target|physical_restraint|evidence_concealment|psychological_manipulation,Location or victim was targeted previously. victim was physically restrained. suspect attempted to conceal evidence. victim was manipulated psychologically.,7,0
FIR-02347,murder,public_transport,WB,night,firearm,forced_entry,individual,18-25,1,0,0,0,night_operation|multiple_offenders|accomplice_involved|use_of_technology,Crime was executed during nighttime hours. multiple offenders participated. at least one accomplice was involved in the act. digital tools or devices were used.,10,1
FIR-02348,drug_offense,public_transport,BR,midnight,knife,none,individual,18-25,0,1,0,0,physical_restraint|accomplice_involved|evidence_concealment,Victim was physically restrained. at least one accomplice was involved in the act. suspect attempted to conceal evidence.,5,0
FIR-02349,robbery,highway,PB,night,firearm,impersonation,individual,juvenile,1,1,0,0,psychological_manipulation|physical_restraint,Victim was manipulated psychologically. victim was physically restrained.,7,1
FIR-02350,kidnapping,bank_premises,AP,afternoon,chemical,none,digital_asset,46-60,1,1,1,0,use_of_disguise|planned_operation|psychological_manipulation|escape_vehicle_used|accomplice_involved,Suspect used a disguise to conceal identity. evidence of pre-planned operation. victim was manipulated psychologically. suspect escaped using a vehicle. at least one accomplice was involved in the act.,10,0
FIR-02351,kidnapping,rural_area,KL,evening,firearm,none,individual,18-25,1,0,1,0,accomplice_involved|psychological_manipulation|local_knowledge|prior_surveillance|opportunistic,At least one accomplice was involved in the act. victim was manipulated psychologically. suspect demonstrated knowledge of the local area. suspect conducted prior surveillance of the target. crime appears to be opportunistic in nature.,8,1
FIR-02352,burglary,rural_area,GJ,midnight,none,forced_entry,government_property,46-60,0,1,1,0,multiple_offenders|physical_restraint|opportunistic|evidence_concealment|lone_wolf,Multiple offenders participated. victim was physically restrained. crime appears to be opportunistic in nature. suspect attempted to conceal evidence. single offender acted alone.,5,0
FIR-02353,drug_offense,rural_area,BR,night,none,none,individual,46-60,1,0,0,0,insider_help|local_knowledge|escape_vehicle_used,Insider assistance may have been involved. suspect demonstrated knowledge of the local area. suspect escaped using a vehicle.,5,0
FIR-02354,assault,commercial_zone,UP,midnight,knife,none,household,36-45,0,0,1,0,use_of_technology|local_knowledge|night_operation|opportunistic|accomplice_involved,Digital tools or devices were used. suspect demonstrated knowledge of the local area. crime was executed during nighttime hours. crime appears to be opportunistic in nature. at least one accomplice was involved in the act.,6,0
FIR-02355,vehicle_theft,industrial_area,KL,early_morning,improvised_tool,lock_picking,vehicle,46-60,1,1,0,0,prior_surveillance|local_knowledge|psychological_manipulation|insider_help|planned_operation,Suspect conducted prior surveillance of the target. suspect demonstrated knowledge of the local area. victim was manipulated psychologically. insider assistance may have been involved. evidence of pre-planned operation.,4,1
FIR-02356,vehicle_theft,highway,DL,midnight,none,unlocked_door,vehicle,26-35,0,0,1,0,evidence_concealment|prior_surveillance|local_knowledge,Suspect attempted to conceal evidence. suspect conducted prior surveillance of the target. suspect demonstrated knowledge of the local area.,3,1
FIR-02357,robbery,highway,GJ,evening,firearm,none,individual,46-60,1,0,1,0,escape_vehicle_used|use_of_disguise|planned_operation|prior_surveillance,Suspect escaped using a vehicle. suspect used a disguise to conceal identity. evidence of pre-planned operation. suspect conducted prior surveillance of the target.,7,1
FIR-02358,cybercrime,public_transport,HR,morning,none,window_break,vehicle,juvenile,1,1,1,1,night_operation|evidence_concealment,Crime was executed during nighttime hours. suspect attempted to conceal evidence.,4,0
FIR-02359,drug_offense,rural_area,MP,morning,none,none,individual,36-45,0,0,1,0,insider_help|opportunistic|lone_wolf,Insider assistance may have been involved. crime appears to be opportunistic in nature. single offender acted alone.,5,0
FIR-02360,vandalism,parking_lot,MH,night,improvised_tool,none,public_space,46-60,1,0,1,0,escape_vehicle_used|insider_help|evidence_concealment|night_operation,Suspect escaped using a vehicle. insider assistance may have been involved. suspect attempted to conceal evidence. crime was executed during nighttime hours.,2,0
FIR-02361,vandalism,educational_institution,BR,morning,chemical,none,public_space,36-45,0,1,1,0,night_operation|insider_help,Crime was executed during nighttime hours. insider assistance may have been involved.,2,0
FIR-02362,kidnapping,parking_lot,PB,afternoon,knife,none,individual,36-45,0,1,0,0,opportunistic|night_operation|use_of_disguise,Crime appears to be opportunistic in nature. crime was executed during nighttime hours. suspect used a disguise to conceal identity.,8,0
FIR-02363,burglary,marketplace,KL,night,none,window_break,multiple,juvenile,0,1,0,0,insider_help|opportunistic|physical_restraint|accomplice_involved|psychological_manipulation,Insider assistance may have been involved. crime appears to be opportunistic in nature. victim was physically restrained. at least one accomplice was involved in the act. victim was manipulated psychologically.,5,0
FIR-02364,burglary,commercial_zone,MH,morning,none,forced_entry,commercial_establishment,26-35,0,1,0,0,physical_restraint|lone_wolf|opportunistic,Victim was physically restrained. single offender acted alone. crime appears to be opportunistic in nature.,5,1
FIR-02365,assault,public_transport,WB,evening,knife,none,individual,18-25,0,1,0,0,opportunistic|repeat_target|psychological_manipulation,Crime appears to be opportunistic in nature. location or victim was targeted previously. victim was manipulated psychologically.,5,1
FIR-02366,vehicle_theft,parking_lot,BR,night,improvised_tool,unlocked_door,commercial_establishment,26-35,0,4,1,0,multiple_offenders|escape_vehicle_used|insider_help|local_knowledge,Multiple offenders participated. suspect escaped using a vehicle. insider assistance may have been involved. suspect demonstrated knowledge of the local area.,3,1
FIR-02367,murder,marketplace,AP,midnight,knife,none,individual,juvenile,1,0,1,0,insider_help|planned_operation|prior_surveillance,Insider assistance may have been involved. evidence of pre-planned operation. suspect conducted prior surveillance of the target.,9,1
FIR-02368,kidnapping,educational_institution,HR,evening,firearm,none,individual,26-35,0,2,0,0,lone_wolf|multiple_offenders|insider_help|night_operation|use_of_technology,Single offender acted alone. multiple offenders participated. insider assistance may have been involved. crime was executed during nighttime hours. digital tools or devices were used.,8,0
FIR-02369,drug_offense,public_transport,KL,midnight,none,none,financial_institution,46-60,0,0,1,0,psychological_manipulation|use_of_disguise|escape_vehicle_used,Victim was manipulated psychologically. suspect used a disguise to conceal identity. suspect escaped using a vehicle.,5,1
FIR-02370,assault,educational_institution,DL,evening,knife,window_break,household,26-35,1,1,1,0,opportunistic|use_of_disguise|physical_restraint|lone_wolf,Crime appears to be opportunistic in nature. suspect used a disguise to conceal identity. victim was physically restrained. single offender acted alone.,6,1
FIR-02371,burglary,industrial_area,AP,night,vehicle,forced_entry,commercial_establishment,60+,0,1,0,0,lone_wolf|repeat_target|accomplice_involved,Single offender acted alone. location or victim was targeted previously. at least one accomplice was involved in the act.,5,1
FIR-02372,vehicle_theft,residential_area,TN,evening,firearm,unlocked_door,multiple,26-35,0,0,1,0,psychological_manipulation|use_of_technology|insider_help|opportunistic,Victim was manipulated psychologically. digital tools or devices were used. insider assistance may have been involved. crime appears to be opportunistic in nature.,3,1
FIR-02373,murder,commercial_zone,RJ,night,firearm,none,individual,46-60,0,1,0,0,physical_restraint|planned_operation|psychological_manipulation|insider_help,Victim was physically restrained. evidence of pre-planned operation. victim was manipulated psychologically. insider assistance may have been involved.,10,0
FIR-02374,vandalism,parking_lot,TS,night,knife,impersonation,public_space,18-25,0,2,0,0,prior_surveillance|escape_vehicle_used|use_of_disguise|opportunistic|multiple_offenders,Suspect conducted prior surveillance of the target. suspect escaped using a vehicle. suspect used a disguise to conceal identity. crime appears to be opportunistic in nature. multiple offenders participated.,3,0
FIR-02375,robbery,commercial_zone,RJ,early_morning,firearm,tunneling,financial_institution,18-25,0,2,0,0,multiple_offenders|lone_wolf|psychological_manipulation|use_of_technology|prior_surveillance,Multiple offenders participated. single offender acted alone. victim was manipulated psychologically. digital tools or devices were used. suspect conducted prior surveillance of the target.,9,0
FIR-02376,fraud,rural_area,KL,afternoon,none,social_engineering,commercial_establishment,18-25,1,0,1,1,psychological_manipulation|repeat_target|multiple_offenders|escape_vehicle_used|local_knowledge,Victim was manipulated psychologically. location or victim was targeted previously. multiple offenders participated. suspect escaped using a vehicle. suspect demonstrated knowledge of the local area.,7,1
FIR-02377,vehicle_theft,public_transport,MH,night,improvised_tool,lock_picking,vehicle,juvenile,0,2,0,0,multiple_offenders|use_of_technology|night_operation|psychological_manipulation,Multiple offenders participated. digital tools or devices were used. crime was executed during nighttime hours. victim was manipulated psychologically.,5,0
FIR-02378,robbery,educational_institution,MP,morning,firearm,social_engineering,financial_institution,36-45,0,4,1,0,lone_wolf|psychological_manipulation|evidence_concealment|multiple_offenders|planned_operation,Single offender acted alone. victim was manipulated psychologically. suspect attempted to conceal evidence. multiple offenders participated. evidence of pre-planned operation.,7,1
FIR-02379,vehicle_theft,commercial_zone,KA,early_morning,none,cyber_access,individual,18-25,0,0,0,0,prior_surveillance|opportunistic|planned_operation|physical_restraint,Suspect conducted prior surveillance of the target. crime appears to be opportunistic in nature. evidence of pre-planned operation. victim was physically restrained.,3,0
FIR-02380,drug_offense,residential_area,UP,early_morning,knife,none,individual,36-45,0,1,0,0,physical_restraint|lone_wolf,Victim was physically restrained. single offender acted alone.,4,1
FIR-02381,burglary,educational_institution,TN,evening,none,lock_picking,household,60+,1,1,1,0,escape_vehicle_used|local_knowledge|prior_surveillance|night_operation,Suspect escaped using a vehicle. suspect demonstrated knowledge of the local area. suspect conducted prior surveillance of the target. crime was executed during nighttime hours.,7,1
FIR-02382,burglary,commercial_zone,MP,night,vehicle,cyber_access,commercial_establishment,26-35,1,0,1,0,psychological_manipulation|planned_operation,Victim was manipulated psychologically. evidence of pre-planned operation.,6,1
FIR-02383,assault,commercial_zone,DL,evening,blunt_object,none,individual,26-35,1,4,0,0,opportunistic|multiple_offenders|escape_vehicle_used|insider_help|accomplice_involved,Crime appears to be opportunistic in nature. multiple offenders participated. suspect escaped using a vehicle. insider assistance may have been involved. at least one accomplice was involved in the act.,6,1
FIR-02384,cybercrime,marketplace,GJ,afternoon,knife,cyber_access,individual,18-25,1,0,0,1,accomplice_involved|insider_help,At least one accomplice was involved in the act. insider assistance may have been involved.,4,1
FIR-02385,burglary,educational_institution,MP,midnight,blunt_object,unlocked_door,household,juvenile,0,1,0,0,multiple_offenders|psychological_manipulation,Multiple offenders participated. victim was manipulated psychologically.,6,0
FIR-02386,kidnapping,residential_area,HR,evening,none,none,government_property,juvenile,0,3,0,0,opportunistic|multiple_offenders,Crime appears to be opportunistic in nature. multiple offenders participated.,10,0
FIR-02387,vandalism,parking_lot,AP,night,chemical,none,vehicle,26-35,1,0,1,0,use_of_technology|psychological_manipulation|night_operation|repeat_target,Digital tools or devices were used. victim was manipulated psychologically. crime was executed during nighttime hours. location or victim was targeted previously.,2,0
FIR-02388,kidnapping,bank_premises,BR,morning,knife,social_engineering,government_property,juvenile,1,1,0,0,use_of_disguise|local_knowledge|evidence_concealment|physical_restraint,Suspect used a disguise to conceal identity. suspect demonstrated knowledge of the local area. suspect attempted to conceal evidence. victim was physically restrained.,8,0
FIR-02389,cybercrime,marketplace,DL,evening,none,cyber_access,financial_institution,46-60,1,0,1,1,repeat_target|evidence_concealment,Location or victim was targeted previously. suspect attempted to conceal evidence.,6,0
FIR-02390,robbery,bank_premises,TS,morning,improvised_tool,none,individual,18-25,1,0,1,0,local_knowledge|accomplice_involved|multiple_offenders|escape_vehicle_used|planned_operation,Suspect demonstrated knowledge of the local area. at least one accomplice was involved in the act. multiple offenders participated. suspect escaped using a vehicle. evidence of pre-planned operation.,7,1
FIR-02391,assault,parking_lot,HR,night,knife,social_engineering,individual,36-45,1,0,0,0,prior_surveillance|use_of_technology,Suspect conducted prior surveillance of the target. digital tools or devices were used.,7,1
FIR-02392,vandalism,highway,BR,midnight,improvised_tool,none,commercial_establishment,18-25,0,1,1,0,escape_vehicle_used|prior_surveillance|planned_operation,Suspect escaped using a vehicle. suspect conducted prior surveillance of the target. evidence of pre-planned operation.,3,1
FIR-02393,burglary,parking_lot,MP,afternoon,none,window_break,household,juvenile,1,0,1,0,opportunistic|evidence_concealment|prior_surveillance|escape_vehicle_used|local_knowledge,Crime appears to be opportunistic in nature. suspect attempted to conceal evidence. suspect conducted prior surveillance of the target. suspect escaped using a vehicle. suspect demonstrated knowledge of the local area.,7,1
FIR-02394,fraud,educational_institution,RJ,afternoon,none,social_engineering,commercial_establishment,18-25,1,0,1,1,escape_vehicle_used|prior_surveillance,Suspect escaped using a vehicle. suspect conducted prior surveillance of the target.,8,0
FIR-02395,kidnapping,highway,MP,morning,knife,unlocked_door,individual,36-45,1,1,1,0,insider_help|use_of_disguise,Insider assistance may have been involved. suspect used a disguise to conceal identity.,8,0
FIR-02396,cybercrime,residential_area,TS,evening,rope,cyber_access,financial_institution,60+,0,0,1,1,planned_operation|multiple_offenders|insider_help|opportunistic,Evidence of pre-planned operation. multiple offenders participated. insider assistance may have been involved. crime appears to be opportunistic in nature.,4,0
FIR-02397,murder,bank_premises,MH,evening,knife,social_engineering,financial_institution,36-45,0,1,1,0,planned_operation|evidence_concealment,Evidence of pre-planned operation. suspect attempted to conceal evidence.,10,0
FIR-02398,fraud,public_transport,TS,evening,vehicle,none,vehicle,26-35,0,0,0,1,physical_restraint|night_operation|evidence_concealment|use_of_disguise|insider_help,Victim was physically restrained. crime was executed during nighttime hours. suspect attempted to conceal evidence. suspect used a disguise to conceal identity. insider assistance may have been involved.,6,1
FIR-02399,murder,industrial_area,MP,evening,knife,forced_entry,individual,juvenile,1,0,0,0,use_of_technology|lone_wolf|accomplice_involved,Digital tools or devices were used. single offender acted alone. at least one accomplice was involved in the act.,10,0
FIR-02400,vandalism,highway,AP,midnight,vehicle,unlocked_door,public_space,juvenile,1,1,1,0,use_of_technology|repeat_target|lone_wolf|physical_restraint|prior_surveillance,Digital tools or devices were used. location or victim was targeted previously. single offender acted alone. victim was physically restrained. suspect conducted prior surveillance of the target.,4,1
FIR-02401,robbery,residential_area,KA,evening,improvised_tool,none,individual,26-35,0,0,1,0,opportunistic|escape_vehicle_used,Crime appears to be opportunistic in nature. suspect escaped using a vehicle.,9,1
FIR-02402,kidnapping,educational_institution,AP,afternoon,none,none,individual,46-60,0,0,0,0,lone_wolf|repeat_target|opportunistic,Single offender acted alone. location or victim was targeted previously. crime appears to be opportunistic in nature.,10,1
FIR-02403,assault,public_transport,KL,night,none,none,individual,60+,0,4,1,0,insider_help|planned_operation|local_knowledge|psychological_manipulation|multiple_offenders,Insider assistance may have been involved. evidence of pre-planned operation. suspect demonstrated knowledge of the local area. victim was manipulated psychologically. multiple offenders participated.,5,1
FIR-02404,murder,educational_institution,KL,evening,knife,forced_entry,individual,18-25,0,1,1,0,opportunistic|repeat_target,Crime appears to be opportunistic in nature. location or victim was targeted previously.,9,0
FIR-02405,assault,marketplace,KL,afternoon,blunt_object,none,individual,36-45,1,1,0,0,accomplice_involved|evidence_concealment|prior_surveillance|planned_operation|local_knowledge,At least one accomplice was involved in the act. suspect attempted to conceal evidence. suspect conducted prior surveillance of the target. evidence of pre-planned operation. suspect demonstrated knowledge of the local area.,7,0
FIR-02406,cybercrime,educational_institution,TS,afternoon,none,tunneling,financial_institution,60+,0,1,0,1,physical_restraint|psychological_manipulation|opportunistic|prior_surveillance,Victim was physically restrained. victim was manipulated psychologically. crime appears to be opportunistic in nature. suspect conducted prior surveillance of the target.,6,0
FIR-02407,drug_offense,bank_premises,KA,morning,rope,impersonation,individual,juvenile,1,0,0,0,accomplice_involved|use_of_disguise|physical_restraint|escape_vehicle_used|planned_operation,At least one accomplice was involved in the act. suspect used a disguise to conceal identity. victim was physically restrained. suspect escaped using a vehicle. evidence of pre-planned operation.,4,1
FIR-02408,robbery,parking_lot,HR,night,blunt_object,none,household,juvenile,1,1,0,0,multiple_offenders|prior_surveillance|accomplice_involved|opportunistic|lone_wolf,Multiple offenders participated. suspect conducted prior surveillance of the target. at least one accomplice was involved in the act. crime appears to be opportunistic in nature. single offender acted alone.,9,1
FIR-02409,cybercrime,bank_premises,TN,early_morning,none,cyber_access,digital_asset,18-25,0,1,0,1,physical_restraint|psychological_manipulation,Victim was physically restrained. victim was manipulated psychologically.,6,0
FIR-02410,fraud,residential_area,KL,afternoon,none,social_engineering,financial_institution,60+,0,1,1,1,multiple_offenders|insider_help|lone_wolf|opportunistic|local_knowledge,Multiple offenders participated. insider assistance may have been involved. single offender acted alone. crime appears to be opportunistic in nature. suspect demonstrated knowledge of the local area.,7,1
FIR-02411,murder,public_transport,RJ,midnight,none,forced_entry,individual,18-25,1,0,1,0,use_of_technology|insider_help|repeat_target,Digital tools or devices were used. insider assistance may have been involved. location or victim was targeted previously.,10,1
FIR-02412,vehicle_theft,public_transport,KA,midnight,none,lock_picking,government_property,36-45,0,1,1,0,lone_wolf|use_of_technology,Single offender acted alone. digital tools or devices were used.,4,1
FIR-02413,murder,parking_lot,KA,midnight,firearm,forced_entry,individual,36-45,1,2,1,0,accomplice_involved|multiple_offenders,At least one accomplice was involved in the act. multiple offenders participated.,9,0
FIR-02414,drug_offense,marketplace,RJ,midnight,improvised_tool,none,public_space,36-45,1,0,1,0,repeat_target|night_operation,Location or victim was targeted previously. crime was executed during nighttime hours.,5,1
FIR-02415,fraud,highway,HR,morning,none,social_engineering,individual,26-35,0,1,0,1,psychological_manipulation|use_of_disguise|physical_restraint|night_operation|evidence_concealment,Victim was manipulated psychologically. suspect used a disguise to conceal identity. victim was physically restrained. crime was executed during nighttime hours. suspect attempted to conceal evidence.,7,1
FIR-02416,murder,parking_lot,GJ,midnight,firearm,forced_entry,individual,36-45,0,0,0,0,insider_help|planned_operation|psychological_manipulation|repeat_target,Insider assistance may have been involved. evidence of pre-planned operation. victim was manipulated psychologically. location or victim was targeted previously.,9,0
FIR-02417,vandalism,public_transport,TS,night,improvised_tool,none,commercial_establishment,46-60,0,1,0,0,use_of_disguise|use_of_technology,Suspect used a disguise to conceal identity. digital tools or devices were used.,3,0
FIR-02418,murder,marketplace,PB,night,blunt_object,forced_entry,infrastructure,juvenile,0,0,0,0,use_of_technology|psychological_manipulation|lone_wolf,Digital tools or devices were used. victim was manipulated psychologically. single offender acted alone.,9,0
FIR-02419,vandalism,educational_institution,UP,midnight,improvised_tool,none,government_property,juvenile,0,0,1,0,prior_surveillance|repeat_target|escape_vehicle_used|planned_operation,Suspect conducted prior surveillance of the target. location or victim was targeted previously. suspect escaped using a vehicle. evidence of pre-planned operation.,3,0
FIR-02420,kidnapping,commercial_zone,GJ,afternoon,knife,social_engineering,individual,juvenile,1,0,1,0,planned_operation|insider_help|local_knowledge|use_of_technology|accomplice_involved,Evidence of pre-planned operation. insider assistance may have been involved. suspect demonstrated knowledge of the local area. digital tools or devices were used. at least one accomplice was involved in the act.,9,1
FIR-02421,assault,public_transport,KA,night,none,none,public_space,juvenile,1,1,1,0,use_of_disguise|physical_restraint|escape_vehicle_used,Suspect used a disguise to conceal identity. victim was physically restrained. suspect escaped using a vehicle.,6,0
FIR-02422,robbery,marketplace,UP,midnight,blunt_object,impersonation,financial_institution,36-45,0,0,0,0,repeat_target|use_of_disguise,Location or victim was targeted previously. suspect used a disguise to conceal identity.,9,1
FIR-02423,cybercrime,commercial_zone,PB,evening,none,unlocked_door,public_space,36-45,1,1,0,1,escape_vehicle_used|insider_help|physical_restraint|use_of_disguise,Suspect escaped using a vehicle. insider assistance may have been involved. victim was physically restrained. suspect used a disguise to conceal identity.,6,1
FIR-02424,vehicle_theft,educational_institution,TN,morning,knife,lock_picking,financial_institution,juvenile,0,1,0,0,use_of_technology|opportunistic|repeat_target,Digital tools or devices were used. crime appears to be opportunistic in nature. location or victim was targeted previously.,4,1
FIR-02425,robbery,commercial_zone,DL,midnight,firearm,none,financial_institution,36-45,0,3,1,0,lone_wolf|multiple_offenders,Single offender acted alone. multiple offenders participated.,8,1
FIR-02426,vandalism,public_transport,RJ,night,chemical,none,commercial_establishment,18-25,0,0,0,0,escape_vehicle_used|opportunistic|prior_surveillance,Suspect escaped using a vehicle. crime appears to be opportunistic in nature. suspect conducted prior surveillance of the target.,3,0
FIR-02427,assault,rural_area,DL,early_morning,knife,none,individual,46-60,1,0,1,0,lone_wolf|insider_help|prior_surveillance|night_operation,Single offender acted alone. insider assistance may have been involved. suspect conducted prior surveillance of the target. crime was executed during nighttime hours.,6,1
FIR-02428,kidnapping,rural_area,GJ,evening,firearm,none,financial_institution,26-35,1,1,1,0,local_knowledge|multiple_offenders|insider_help,Suspect demonstrated knowledge of the local area. multiple offenders participated. insider assistance may have been involved.,10,0
FIR-02429,drug_offense,bank_premises,MH,midnight,chemical,none,multiple,juvenile,0,0,0,0,repeat_target|local_knowledge|planned_operation,Location or victim was targeted previously. suspect demonstrated knowledge of the local area. evidence of pre-planned operation.,4,0
FIR-02430,kidnapping,commercial_zone,PB,early_morning,chemical,social_engineering,household,46-60,1,4,1,0,use_of_technology|night_operation|psychological_manipulation|local_knowledge|multiple_offenders,Digital tools or devices were used. crime was executed during nighttime hours. victim was manipulated psychologically. suspect demonstrated knowledge of the local area. multiple offenders participated.,9,1
FIR-02431,drug_offense,industrial_area,TN,early_morning,none,none,household,juvenile,0,1,1,0,accomplice_involved|evidence_concealment|opportunistic,At least one accomplice was involved in the act. suspect attempted to conceal evidence. crime appears to be opportunistic in nature.,6,0
FIR-02432,cybercrime,residential_area,KL,afternoon,rope,cyber_access,digital_asset,26-35,0,2,1,1,prior_surveillance|multiple_offenders,Suspect conducted prior surveillance of the target. multiple offenders participated.,6,0
FIR-02433,drug_offense,highway,BR,early_morning,chemical,lock_picking,individual,juvenile,1,1,1,0,planned_operation|use_of_disguise|accomplice_involved|escape_vehicle_used,Evidence of pre-planned operation. suspect used a disguise to conceal identity. at least one accomplice was involved in the act. suspect escaped using a vehicle.,4,0
FIR-02434,vandalism,residential_area,PB,night,blunt_object,none,commercial_establishment,46-60,1,0,0,0,physical_restraint|accomplice_involved|insider_help|psychological_manipulation|planned_operation,Victim was physically restrained. at least one accomplice was involved in the act. insider assistance may have been involved. victim was manipulated psychologically. evidence of pre-planned operation.,4,1
FIR-02435,fraud,commercial_zone,PB,afternoon,knife,social_engineering,individual,36-45,0,0,1,1,use_of_disguise|opportunistic,Suspect used a disguise to conceal identity. crime appears to be opportunistic in nature.,8,0
FIR-02436,burglary,public_transport,MH,midnight,none,lock_picking,commercial_establishment,18-25,1,0,1,0,accomplice_involved|evidence_concealment|opportunistic|night_operation|multiple_offenders,At least one accomplice was involved in the act. suspect attempted to conceal evidence. crime appears to be opportunistic in nature. crime was executed during nighttime hours. multiple offenders participated.,7,1
FIR-02437,vehicle_theft,educational_institution,WB,midnight,none,social_engineering,vehicle,46-60,1,1,0,0,use_of_technology|evidence_concealment|escape_vehicle_used|opportunistic|local_knowledge,Digital tools or devices were used. suspect attempted to conceal evidence. suspect escaped using a vehicle. crime appears to be opportunistic in nature. suspect demonstrated knowledge of the local area.,3,1
FIR-02438,assault,rural_area,AP,early_morning,chemical,cyber_access,individual,18-25,1,0,1,0,insider_help|use_of_technology,Insider assistance may have been involved. digital tools or devices were used.,7,0
FIR-02439,kidnapping,bank_premises,MP,evening,chemical,social_engineering,vehicle,36-45,0,1,0,0,use_of_technology|escape_vehicle_used,Digital tools or devices were used. suspect escaped using a vehicle.,10,0
FIR-02440,vandalism,residential_area,WB,night,blunt_object,none,commercial_establishment,18-25,1,1,1,0,evidence_concealment|night_operation|local_knowledge|accomplice_involved|use_of_disguise,Suspect attempted to conceal evidence. crime was executed during nighttime hours. suspect demonstrated knowledge of the local area. at least one accomplice was involved in the act. suspect used a disguise to conceal identity.,4,1
FIR-02441,drug_offense,residential_area,AP,early_morning,none,none,government_property,60+,1,0,0,0,use_of_technology|prior_surveillance,Digital tools or devices were used. suspect conducted prior surveillance of the target.,6,1
FIR-02442,vehicle_theft,bank_premises,KA,midnight,knife,unlocked_door,vehicle,26-35,0,0,0,0,repeat_target|psychological_manipulation,Location or victim was targeted previously. victim was manipulated psychologically.,4,1
FIR-02443,vandalism,rural_area,DL,midnight,none,none,public_space,36-45,1,1,0,0,repeat_target|psychological_manipulation,Location or victim was targeted previously. victim was manipulated psychologically.,4,0
FIR-02444,robbery,marketplace,DL,early_morning,knife,none,individual,36-45,1,1,1,0,insider_help|use_of_disguise|repeat_target|local_knowledge,Insider assistance may have been involved. suspect used a disguise to conceal identity. location or victim was targeted previously. suspect demonstrated knowledge of the local area.,9,0
FIR-02445,assault,educational_institution,DL,evening,knife,social_engineering,multiple,46-60,0,0,0,0,prior_surveillance|accomplice_involved,Suspect conducted prior surveillance of the target. at least one accomplice was involved in the act.,7,1
FIR-02446,burglary,marketplace,UP,midnight,blunt_object,lock_picking,commercial_establishment,18-25,1,1,1,0,local_knowledge|use_of_technology|repeat_target,Suspect demonstrated knowledge of the local area. digital tools or devices were used. location or victim was targeted previously.,5,1
FIR-02447,kidnapping,rural_area,MP,morning,chemical,forced_entry,individual,18-25,0,1,0,0,psychological_manipulation|escape_vehicle_used,Victim was manipulated psychologically. suspect escaped using a vehicle.,8,0
FIR-02448,drug_offense,residential_area,MP,midnight,knife,none,individual,60+,0,1,0,0,physical_restraint|lone_wolf|accomplice_involved|prior_surveillance|opportunistic,Victim was physically restrained. single offender acted alone. at least one accomplice was involved in the act. suspect conducted prior surveillance of the target. crime appears to be opportunistic in nature.,5,1
FIR-02449,fraud,educational_institution,TS,morning,vehicle,impersonation,commercial_establishment,18-25,1,0,1,1,night_operation|insider_help|evidence_concealment,Crime was executed during nighttime hours. insider assistance may have been involved. suspect attempted to conceal evidence.,7,1
FIR-02450,drug_offense,commercial_zone,BR,early_morning,none,none,multiple,60+,0,0,1,0,local_knowledge|opportunistic|evidence_concealment,Suspect demonstrated knowledge of the local area. crime appears to be opportunistic in nature. suspect attempted to conceal evidence.,6,1
FIR-02451,assault,commercial_zone,GJ,afternoon,blunt_object,none,financial_institution,26-35,0,1,0,0,repeat_target|escape_vehicle_used|opportunistic|night_operation|prior_surveillance,Location or victim was targeted previously. suspect escaped using a vehicle. crime appears to be opportunistic in nature. crime was executed during nighttime hours. suspect conducted prior surveillance of the target.,5,1
FIR-02452,vehicle_theft,commercial_zone,TN,night,improvised_tool,lock_picking,commercial_establishment,26-35,0,1,1,0,prior_surveillance|multiple_offenders|opportunistic|lone_wolf|psychological_manipulation,Suspect conducted prior surveillance of the target. multiple offenders participated. crime appears to be opportunistic in nature. single offender acted alone. victim was manipulated psychologically.,3,0
FIR-02453,murder,parking_lot,KL,evening,none,none,individual,46-60,0,0,0,0,opportunistic|evidence_concealment|planned_operation|psychological_manipulation|physical_restraint,Crime appears to be opportunistic in nature. suspect attempted to conceal evidence. evidence of pre-planned operation. victim was manipulated psychologically. victim was physically restrained.,10,0
FIR-02454,vehicle_theft,highway,TN,midnight,improvised_tool,unlocked_door,vehicle,18-25,0,1,1,0,accomplice_involved|insider_help,At least one accomplice was involved in the act. insider assistance may have been involved.,3,1
FIR-02455,fraud,residential_area,KA,afternoon,none,social_engineering,commercial_establishment,60+,1,0,1,1,insider_help|night_operation|psychological_manipulation|escape_vehicle_used,Insider assistance may have been involved. crime was executed during nighttime hours. victim was manipulated psychologically. suspect escaped using a vehicle.,6,0
FIR-02456,vehicle_theft,marketplace,TS,midnight,improvised_tool,lock_picking,multiple,26-35,1,1,0,0,evidence_concealment|prior_surveillance|insider_help|accomplice_involved|local_knowledge,Suspect attempted to conceal evidence. suspect conducted prior surveillance of the target. insider assistance may have been involved. at least one accomplice was involved in the act. suspect demonstrated knowledge of the local area.,5,1
FIR-02457,robbery,marketplace,GJ,midnight,blunt_object,social_engineering,individual,juvenile,0,1,1,0,prior_surveillance|use_of_disguise|planned_operation|repeat_target|lone_wolf,Suspect conducted prior surveillance of the target. suspect used a disguise to conceal identity. evidence of pre-planned operation. location or victim was targeted previously. single offender acted alone.,7,1
FIR-02458,drug_offense,marketplace,MP,midnight,improvised_tool,roof_access,public_space,60+,0,0,0,0,prior_surveillance|opportunistic,Suspect conducted prior surveillance of the target. crime appears to be opportunistic in nature.,5,1
FIR-02459,murder,bank_premises,KA,evening,blunt_object,none,individual,46-60,1,0,1,0,insider_help|evidence_concealment|physical_restraint|night_operation,Insider assistance may have been involved. suspect attempted to conceal evidence. victim was physically restrained. crime was executed during nighttime hours.,10,0
FIR-02460,cybercrime,industrial_area,WB,afternoon,none,cyber_access,individual,60+,0,3,1,1,physical_restraint|multiple_offenders|insider_help,Victim was physically restrained. multiple offenders participated. insider assistance may have been involved.,6,0
FIR-02461,drug_offense,bank_premises,DL,afternoon,none,cyber_access,individual,46-60,1,2,1,0,psychological_manipulation|multiple_offenders|repeat_target|accomplice_involved|night_operation,Victim was manipulated psychologically. multiple offenders participated. location or victim was targeted previously. at least one accomplice was involved in the act. crime was executed during nighttime hours.,5,1
FIR-02462,murder,residential_area,TS,evening,blunt_object,cyber_access,individual,26-35,0,1,0,0,planned_operation|prior_surveillance|lone_wolf|accomplice_involved,Evidence of pre-planned operation. suspect conducted prior surveillance of the target. single offender acted alone. at least one accomplice was involved in the act.,9,0
FIR-02463,assault,highway,KL,night,none,none,individual,36-45,1,0,1,0,escape_vehicle_used|opportunistic,Suspect escaped using a vehicle. crime appears to be opportunistic in nature.,7,1
FIR-02464,robbery,educational_institution,HR,midnight,knife,social_engineering,digital_asset,18-25,0,0,0,0,planned_operation|insider_help|repeat_target|use_of_disguise,Evidence of pre-planned operation. insider assistance may have been involved. location or victim was targeted previously. suspect used a disguise to conceal identity.,7,0
FIR-02465,assault,industrial_area,GJ,night,none,none,individual,36-45,1,1,0,0,night_operation|escape_vehicle_used,Crime was executed during nighttime hours. suspect escaped using a vehicle.,6,1
FIR-02466,vandalism,commercial_zone,AP,night,chemical,none,government_property,60+,1,1,0,0,opportunistic|prior_surveillance|evidence_concealment,Crime appears to be opportunistic in nature. suspect conducted prior surveillance of the target. suspect attempted to conceal evidence.,3,0
FIR-02467,kidnapping,educational_institution,TS,evening,knife,lock_picking,infrastructure,26-35,1,0,0,0,local_knowledge|repeat_target|physical_restraint,Suspect demonstrated knowledge of the local area. location or victim was targeted previously. victim was physically restrained.,8,0
FIR-02468,burglary,educational_institution,HR,midnight,blunt_object,window_break,household,juvenile,1,3,1,0,opportunistic|accomplice_involved|multiple_offenders,Crime appears to be opportunistic in nature. at least one accomplice was involved in the act. multiple offenders participated.,7,1
FIR-02469,robbery,rural_area,DL,midnight,rope,none,financial_institution,18-25,0,0,1,0,use_of_technology|lone_wolf|use_of_disguise,Digital tools or devices were used. single offender acted alone. suspect used a disguise to conceal identity.,8,1
FIR-02470,vehicle_theft,educational_institution,BR,early_morning,none,unlocked_door,vehicle,46-60,0,1,0,0,planned_operation|escape_vehicle_used|evidence_concealment|insider_help,Evidence of pre-planned operation. suspect escaped using a vehicle. suspect attempted to conceal evidence. insider assistance may have been involved.,3,0
FIR-02471,robbery,bank_premises,MH,midnight,blunt_object,cyber_access,individual,46-60,1,0,0,0,planned_operation|prior_surveillance,Evidence of pre-planned operation. suspect conducted prior surveillance of the target.,7,1
FIR-02472,drug_offense,highway,TN,night,none,none,individual,60+,0,1,0,0,use_of_technology|evidence_concealment|psychological_manipulation|physical_restraint,Digital tools or devices were used. suspect attempted to conceal evidence. victim was manipulated psychologically. victim was physically restrained.,5,1
FIR-02473,cybercrime,industrial_area,AP,midnight,none,cyber_access,financial_institution,36-45,1,1,0,1,accomplice_involved|use_of_disguise|evidence_concealment|repeat_target|psychological_manipulation,At least one accomplice was involved in the act. suspect used a disguise to conceal identity. suspect attempted to conceal evidence. location or victim was targeted previously. victim was manipulated psychologically.,6,1
FIR-02474,cybercrime,rural_area,KA,afternoon,rope,cyber_access,individual,26-35,1,0,1,1,use_of_technology|night_operation,Digital tools or devices were used. crime was executed during nighttime hours.,4,1
FIR-02475,murder,industrial_area,RJ,early_morning,knife,none,individual,26-35,0,0,0,0,local_knowledge|prior_surveillance|repeat_target|use_of_technology,Suspect demonstrated knowledge of the local area. suspect conducted prior surveillance of the target. location or victim was targeted previously. digital tools or devices were used.,10,0
FIR-02476,vandalism,marketplace,DL,midnight,blunt_object,none,digital_asset,46-60,0,1,0,0,evidence_concealment|use_of_technology,Suspect attempted to conceal evidence. digital tools or devices were used.,2,1
FIR-02477,murder,rural_area,MP,evening,blunt_object,forced_entry,individual,18-25,1,2,1,0,psychological_manipulation|local_knowledge|multiple_offenders|insider_help|planned_operation,Victim was manipulated psychologically. suspect demonstrated knowledge of the local area. multiple offenders participated. insider assistance may have been involved. evidence of pre-planned operation.,10,1
FIR-02478,assault,highway,MH,night,none,tunneling,financial_institution,36-45,0,0,1,0,insider_help|psychological_manipulation|repeat_target,Insider assistance may have been involved. victim was manipulated psychologically. location or victim was targeted previously.,5,1
FIR-02479,drug_offense,bank_premises,MP,early_morning,rope,none,public_space,juvenile,0,0,1,0,escape_vehicle_used|planned_operation|opportunistic|night_operation|prior_surveillance,Suspect escaped using a vehicle. evidence of pre-planned operation. crime appears to be opportunistic in nature. crime was executed during nighttime hours. suspect conducted prior surveillance of the target.,4,1
FIR-02480,fraud,residential_area,BR,morning,none,social_engineering,financial_institution,18-25,1,1,1,1,use_of_technology|use_of_disguise,Digital tools or devices were used. suspect used a disguise to conceal identity.,6,0
FIR-02481,murder,bank_premises,KA,evening,blunt_object,none,individual,46-60,0,0,0,0,use_of_technology|use_of_disguise|insider_help|planned_operation,Digital tools or devices were used. suspect used a disguise to conceal identity. insider assistance may have been involved. evidence of pre-planned operation.,9,0
FIR-02482,kidnapping,parking_lot,AP,night,knife,social_engineering,individual,26-35,0,0,1,0,use_of_disguise|psychological_manipulation|use_of_technology|prior_surveillance|physical_restraint,Suspect used a disguise to conceal identity. victim was manipulated psychologically. digital tools or devices were used. suspect conducted prior surveillance of the target. victim was physically restrained.,8,0
FIR-02483,burglary,industrial_area,WB,night,blunt_object,forced_entry,vehicle,18-25,1,1,0,0,repeat_target|planned_operation|insider_help|night_operation,Location or victim was targeted previously. evidence of pre-planned operation. insider assistance may have been involved. crime was executed during nighttime hours.,7,0
FIR-02484,assault,highway,PB,early_morning,knife,tunneling,individual,46-60,0,1,1,0,lone_wolf|repeat_target|opportunistic,Single offender acted alone. location or victim was targeted previously. crime appears to be opportunistic in nature.,7,1
FIR-02485,robbery,public_transport,RJ,evening,vehicle,social_engineering,financial_institution,46-60,1,4,1,0,psychological_manipulation|multiple_offenders,Victim was manipulated psychologically. multiple offenders participated.,7,1
FIR-02486,kidnapping,residential_area,UP,evening,firearm,none,commercial_establishment,36-45,1,1,1,0,use_of_disguise|use_of_technology,Suspect used a disguise to conceal identity. digital tools or devices were used.,9,1
FIR-02487,burglary,highway,BR,morning,blunt_object,window_break,household,36-45,0,3,1,0,escape_vehicle_used|opportunistic|physical_restraint|multiple_offenders|local_knowledge,Suspect escaped using a vehicle. crime appears to be opportunistic in nature. victim was physically restrained. multiple offenders participated. suspect demonstrated knowledge of the local area.,7,1
FIR-02488,vandalism,parking_lot,TS,night,improvised_tool,social_engineering,multiple,26-35,1,1,0,0,insider_help|evidence_concealment|psychological_manipulation|prior_surveillance,Insider assistance may have been involved. suspect attempted to conceal evidence. victim was manipulated psychologically. suspect conducted prior surveillance of the target.,2,0
FIR-02489,cybercrime,educational_institution,UP,afternoon,none,cyber_access,financial_institution,18-25,1,1,0,1,physical_restraint|use_of_disguise|psychological_manipulation,Victim was physically restrained. suspect used a disguise to conceal identity. victim was manipulated psychologically.,6,1
FIR-02490,drug_offense,commercial_zone,GJ,early_morning,none,roof_access,individual,36-45,1,0,0,0,escape_vehicle_used|use_of_technology|night_operation,Suspect escaped using a vehicle. digital tools or devices were used. crime was executed during nighttime hours.,5,1
FIR-02491,vehicle_theft,rural_area,RJ,night,improvised_tool,unlocked_door,vehicle,60+,0,0,1,0,insider_help|accomplice_involved|escape_vehicle_used|evidence_concealment,Insider assistance may have been involved. at least one accomplice was involved in the act. suspect escaped using a vehicle. suspect attempted to conceal evidence.,5,0
FIR-02492,vehicle_theft,public_transport,BR,morning,none,window_break,government_property,18-25,0,0,0,0,psychological_manipulation|repeat_target|accomplice_involved,Victim was manipulated psychologically. location or victim was targeted previously. at least one accomplice was involved in the act.,4,1
FIR-02493,burglary,industrial_area,BR,night,blunt_object,window_break,household,46-60,1,0,1,0,night_operation|psychological_manipulation|use_of_technology|planned_operation|physical_restraint,Crime was executed during nighttime hours. victim was manipulated psychologically. digital tools or devices were used. evidence of pre-planned operation. victim was physically restrained.,5,0
FIR-02494,assault,rural_area,TN,night,knife,none,individual,juvenile,1,0,1,0,night_operation|local_knowledge|evidence_concealment|planned_operation|insider_help,Crime was executed during nighttime hours. suspect demonstrated knowledge of the local area. suspect attempted to conceal evidence. evidence of pre-planned operation. insider assistance may have been involved.,6,0
FIR-02495,robbery,highway,DL,night,blunt_object,none,individual,36-45,1,0,0,0,evidence_concealment|prior_surveillance|planned_operation|physical_restraint,Suspect attempted to conceal evidence. suspect conducted prior surveillance of the target. evidence of pre-planned operation. victim was physically restrained.,8,0
FIR-02496,assault,parking_lot,UP,afternoon,blunt_object,roof_access,individual,36-45,0,1,0,0,lone_wolf|use_of_disguise|multiple_offenders|prior_surveillance|repeat_target,Single offender acted alone. suspect used a disguise to conceal identity. multiple offenders participated. suspect conducted prior surveillance of the target. location or victim was targeted previously.,6,1
FIR-02497,robbery,educational_institution,KA,night,blunt_object,social_engineering,financial_institution,36-45,1,0,1,0,repeat_target|psychological_manipulation,Location or victim was targeted previously. victim was manipulated psychologically.,7,1
FIR-02498,fraud,educational_institution,TN,morning,none,social_engineering,infrastructure,juvenile,0,3,0,1,repeat_target|multiple_offenders|planned_operation|insider_help|opportunistic,Location or victim was targeted previously. multiple offenders participated. evidence of pre-planned operation. insider assistance may have been involved. crime appears to be opportunistic in nature.,7,1
FIR-02499,vandalism,residential_area,MP,midnight,improvised_tool,none,commercial_establishment,18-25,1,0,0,0,opportunistic|use_of_technology|local_knowledge|lone_wolf,Crime appears to be opportunistic in nature. digital tools or devices were used. suspect demonstrated knowledge of the local area. single offender acted alone.,2,1
FIR-02500,vandalism,bank_premises,TS,midnight,chemical,none,public_space,60+,0,0,1,0,lone_wolf|evidence_concealment,Single offender acted alone. suspect attempted to conceal evidence.,3,0
FIR-02501,drug_offense,public_transport,KL,midnight,knife,roof_access,government_property,36-45,1,1,1,0,local_knowledge|use_of_disguise|use_of_technology|insider_help|accomplice_involved,Suspect demonstrated knowledge of the local area. suspect used a disguise to conceal identity. digital tools or devices were used. insider assistance may have been involved. at least one accomplice was involved in the act.,4,1
FIR-02502,vehicle_theft,residential_area,TS,afternoon,none,unlocked_door,vehicle,36-45,0,1,0,0,repeat_target|physical_restraint|evidence_concealment|use_of_technology,Location or victim was targeted previously. victim was physically restrained. suspect attempted to conceal evidence. digital tools or devices were used.,3,1
FIR-02503,drug_offense,educational_institution,DL,early_morning,none,none,multiple,18-25,1,1,1,0,use_of_technology|use_of_disguise,Digital tools or devices were used. suspect used a disguise to conceal identity.,5,0
FIR-02504,burglary,marketplace,MH,midnight,none,social_engineering,commercial_establishment,26-35,1,1,0,0,opportunistic|escape_vehicle_used|psychological_manipulation|lone_wolf,Crime appears to be opportunistic in nature. suspect escaped using a vehicle. victim was manipulated psychologically. single offender acted alone.,7,1
FIR-02505,vehicle_theft,parking_lot,WB,midnight,improvised_tool,lock_picking,public_space,46-60,1,0,1,0,prior_surveillance|planned_operation,Suspect conducted prior surveillance of the target. evidence of pre-planned operation.,4,1
FIR-02506,burglary,marketplace,MP,night,none,lock_picking,household,juvenile,1,0,0,0,repeat_target|prior_surveillance|physical_restraint,Location or victim was targeted previously. suspect conducted prior surveillance of the target. victim was physically restrained.,6,1
FIR-02507,vandalism,educational_institution,PB,night,chemical,none,public_space,60+,0,0,0,0,accomplice_involved|escape_vehicle_used|opportunistic,At least one accomplice was involved in the act. suspect escaped using a vehicle. crime appears to be opportunistic in nature.,3,0
FIR-02508,murder,rural_area,BR,evening,firearm,forced_entry,individual,36-45,0,4,1,0,repeat_target|multiple_offenders|planned_operation|night_operation,Location or victim was targeted previously. multiple offenders participated. evidence of pre-planned operation. crime was executed during nighttime hours.,9,0
FIR-02509,kidnapping,bank_premises,KA,evening,none,none,individual,18-25,1,1,1,0,night_operation|planned_operation,Crime was executed during nighttime hours. evidence of pre-planned operation.,9,0
FIR-02510,vandalism,marketplace,WB,midnight,chemical,none,household,60+,0,0,1,0,planned_operation|repeat_target|escape_vehicle_used,Evidence of pre-planned operation. location or victim was targeted previously. suspect escaped using a vehicle.,2,0
FIR-02511,robbery,residential_area,TS,night,blunt_object,lock_picking,financial_institution,36-45,1,0,0,0,insider_help|accomplice_involved|use_of_technology,Insider assistance may have been involved. at least one accomplice was involved in the act. digital tools or devices were used.,8,0
FIR-02512,burglary,parking_lot,WB,night,none,forced_entry,commercial_establishment,60+,0,1,1,0,escape_vehicle_used|insider_help|physical_restraint,Suspect escaped using a vehicle. insider assistance may have been involved. victim was physically restrained.,5,0
FIR-02513,cybercrime,industrial_area,RJ,morning,none,roof_access,financial_institution,46-60,1,1,0,1,opportunistic|repeat_target|local_knowledge|prior_surveillance|psychological_manipulation,Crime appears to be opportunistic in nature. location or victim was targeted previously. suspect demonstrated knowledge of the local area. suspect conducted prior surveillance of the target. victim was manipulated psychologically.,6,1
FIR-02514,burglary,parking_lot,MH,midnight,blunt_object,window_break,household,60+,0,1,0,0,evidence_concealment|use_of_disguise|use_of_technology|planned_operation,Suspect attempted to conceal evidence. suspect used a disguise to conceal identity. digital tools or devices were used. evidence of pre-planned operation.,7,0
FIR-02515,vandalism,marketplace,GJ,early_morning,blunt_object,none,commercial_establishment,36-45,0,3,0,0,accomplice_involved|multiple_offenders|use_of_disguise|escape_vehicle_used,At least one accomplice was involved in the act. multiple offenders participated. suspect used a disguise to conceal identity. suspect escaped using a vehicle.,3,1
FIR-02516,vehicle_theft,rural_area,KA,afternoon,knife,unlocked_door,vehicle,60+,1,0,1,0,physical_restraint|insider_help|evidence_concealment|use_of_disguise,Victim was physically restrained. insider assistance may have been involved. suspect attempted to conceal evidence. suspect used a disguise to conceal identity.,4,1
FIR-02517,robbery,commercial_zone,TS,midnight,knife,social_engineering,individual,60+,0,0,0,0,accomplice_involved|use_of_disguise|opportunistic|local_knowledge,At least one accomplice was involved in the act. suspect used a disguise to conceal identity. crime appears to be opportunistic in nature. suspect demonstrated knowledge of the local area.,9,1
FIR-02518,burglary,industrial_area,HR,morning,none,window_break,commercial_establishment,46-60,1,1,1,0,lone_wolf|use_of_disguise|physical_restraint,Single offender acted alone. suspect used a disguise to conceal identity. victim was physically restrained.,6,1
FIR-02519,robbery,public_transport,MH,night,blunt_object,none,individual,60+,0,0,0,0,escape_vehicle_used|accomplice_involved|insider_help,Suspect escaped using a vehicle. at least one accomplice was involved in the act. insider assistance may have been involved.,8,1
FIR-02520,assault,bank_premises,TS,night,knife,none,individual,18-25,0,0,1,0,local_knowledge|lone_wolf|opportunistic|planned_operation,Suspect demonstrated knowledge of the local area. single offender acted alone. crime appears to be opportunistic in nature. evidence of pre-planned operation.,7,1
FIR-02521,vandalism,marketplace,PB,midnight,improvised_tool,lock_picking,government_property,36-45,1,1,1,0,opportunistic|evidence_concealment|planned_operation|repeat_target|use_of_technology,Crime appears to be opportunistic in nature. suspect attempted to conceal evidence. evidence of pre-planned operation. location or victim was targeted previously. digital tools or devices were used.,3,1
FIR-02522,kidnapping,commercial_zone,RJ,afternoon,knife,tunneling,vehicle,46-60,0,1,1,0,local_knowledge|insider_help,Suspect demonstrated knowledge of the local area. insider assistance may have been involved.,10,0
FIR-02523,fraud,highway,WB,afternoon,none,social_engineering,vehicle,46-60,1,4,1,1,multiple_offenders|repeat_target|planned_operation,Multiple offenders participated. location or victim was targeted previously. evidence of pre-planned operation.,7,0
FIR-02524,burglary,public_transport,KL,night,blunt_object,lock_picking,digital_asset,46-60,0,0,1,0,escape_vehicle_used|prior_surveillance|evidence_concealment,Suspect escaped using a vehicle. suspect conducted prior surveillance of the target. suspect attempted to conceal evidence.,6,1
FIR-02525,fraud,bank_premises,UP,morning,none,social_engineering,individual,juvenile,0,3,1,1,use_of_technology|escape_vehicle_used|multiple_offenders|planned_operation,Digital tools or devices were used. suspect escaped using a vehicle. multiple offenders participated. evidence of pre-planned operation.,6,0
FIR-02526,vehicle_theft,commercial_zone,TS,early_morning,improvised_tool,unlocked_door,vehicle,26-35,1,4,1,0,use_of_technology|opportunistic|local_knowledge|multiple_offenders,Digital tools or devices were used. crime appears to be opportunistic in nature. suspect demonstrated knowledge of the local area. multiple offenders participated.,3,1
FIR-02527,vehicle_theft,public_transport,BR,morning,none,unlocked_door,vehicle,26-35,0,1,0,0,repeat_target|use_of_disguise|use_of_technology|escape_vehicle_used,Location or victim was targeted previously. suspect used a disguise to conceal identity. digital tools or devices were used. suspect escaped using a vehicle.,5,1
FIR-02528,assault,public_transport,DL,night,knife,none,individual,juvenile,1,0,0,0,insider_help|night_operation|planned_operation|prior_surveillance|physical_restraint,Insider assistance may have been involved. crime was executed during nighttime hours. evidence of pre-planned operation. suspect conducted prior surveillance of the target. victim was physically restrained.,7,1
FIR-02529,fraud,parking_lot,WB,afternoon,none,impersonation,individual,60+,0,2,0,1,accomplice_involved|prior_surveillance|multiple_offenders|escape_vehicle_used,At least one accomplice was involved in the act. suspect conducted prior surveillance of the target. multiple offenders participated. suspect escaped using a vehicle.,7,1
FIR-02530,cybercrime,residential_area,MP,afternoon,none,cyber_access,commercial_establishment,60+,0,1,1,1,opportunistic|use_of_technology,Crime appears to be opportunistic in nature. digital tools or devices were used.,5,0
FIR-02531,vandalism,commercial_zone,BR,midnight,blunt_object,none,government_property,26-35,1,1,0,0,planned_operation|insider_help,Evidence of pre-planned operation. insider assistance may have been involved.,3,1
FIR-02532,murder,parking_lot,DL,night,rope,forced_entry,individual,26-35,1,1,1,0,night_operation|use_of_disguise|multiple_offenders|use_of_technology,Crime was executed during nighttime hours. suspect used a disguise to conceal identity. multiple offenders participated. digital tools or devices were used.,10,1
FIR-02533,vandalism,residential_area,RJ,midnight,blunt_object,none,commercial_establishment,60+,0,1,1,0,repeat_target|planned_operation|physical_restraint,Location or victim was targeted previously. evidence of pre-planned operation. victim was physically restrained.,2,0
FIR-02534,vandalism,highway,MH,midnight,none,none,public_space,juvenile,1,4,1,0,escape_vehicle_used|multiple_offenders|accomplice_involved,Suspect escaped using a vehicle. multiple offenders participated. at least one accomplice was involved in the act.,2,1
FIR-02535,fraud,parking_lot,BR,midnight,none,roof_access,commercial_establishment,26-35,1,2,0,1,multiple_offenders|night_operation|lone_wolf|insider_help,Multiple offenders participated. crime was executed during nighttime hours. single offender acted alone. insider assistance may have been involved.,8,1
FIR-02536,vehicle_theft,commercial_zone,KL,midnight,firearm,unlocked_door,vehicle,juvenile,1,0,0,0,psychological_manipulation|lone_wolf|evidence_concealment|use_of_disguise|night_operation,Victim was manipulated psychologically. single offender acted alone. suspect attempted to conceal evidence. suspect used a disguise to conceal identity. crime was executed during nighttime hours.,4,1
FIR-02537,cybercrime,marketplace,RJ,afternoon,firearm,cyber_access,individual,46-60,1,1,0,1,accomplice_involved|multiple_offenders|use_of_technology|escape_vehicle_used|evidence_concealment,At least one accomplice was involved in the act. multiple offenders participated. digital tools or devices were used. suspect escaped using a vehicle. suspect attempted to conceal evidence.,4,1
FIR-02538,drug_offense,rural_area,AP,morning,knife,window_break,individual,juvenile,0,3,0,0,multiple_offenders|lone_wolf,Multiple offenders participated. single offender acted alone.,5,1
FIR-02539,burglary,bank_premises,UP,morning,none,lock_picking,household,26-35,1,0,0,0,evidence_concealment|prior_surveillance,Suspect attempted to conceal evidence. suspect conducted prior surveillance of the target.,7,1
FIR-02540,vehicle_theft,parking_lot,GJ,early_morning,none,unlocked_door,public_space,18-25,0,0,0,0,evidence_concealment|night_operation,Suspect attempted to conceal evidence. crime was executed during nighttime hours.,4,1
FIR-02541,kidnapping,parking_lot,MP,morning,none,social_engineering,public_space,36-45,1,0,0,0,local_knowledge|use_of_disguise|accomplice_involved|multiple_offenders,Suspect demonstrated knowledge of the local area. suspect used a disguise to conceal identity. at least one accomplice was involved in the act. multiple offenders participated.,9,1
FIR-02542,kidnapping,highway,KL,evening,chemical,none,individual,26-35,0,0,1,0,planned_operation|evidence_concealment|use_of_disguise|physical_restraint,Evidence of pre-planned operation. suspect attempted to conceal evidence. suspect used a disguise to conceal identity. victim was physically restrained.,10,1
FIR-02543,burglary,residential_area,UP,night,blunt_object,lock_picking,commercial_establishment,46-60,0,1,1,0,physical_restraint|use_of_technology,Victim was physically restrained. digital tools or devices were used.,7,0
FIR-02544,cybercrime,residential_area,WB,evening,none,cyber_access,digital_asset,26-35,1,0,1,1,repeat_target|psychological_manipulation|accomplice_involved|insider_help,Location or victim was targeted previously. victim was manipulated psychologically. at least one accomplice was involved in the act. insider assistance may have been involved.,5,0
FIR-02545,vandalism,highway,HR,midnight,improvised_tool,tunneling,public_space,60+,1,0,1,0,use_of_disguise|local_knowledge|repeat_target|escape_vehicle_used,Suspect used a disguise to conceal identity. suspect demonstrated knowledge of the local area. location or victim was targeted previously. suspect escaped using a vehicle.,3,1
FIR-02546,cybercrime,marketplace,KA,morning,none,roof_access,digital_asset,46-60,1,1,1,1,night_operation|evidence_concealment|local_knowledge,Crime was executed during nighttime hours. suspect attempted to conceal evidence. suspect demonstrated knowledge of the local area.,6,1
FIR-02547,cybercrime,commercial_zone,KA,evening,none,cyber_access,public_space,26-35,0,0,0,1,use_of_technology|accomplice_involved|use_of_disguise,Digital tools or devices were used. at least one accomplice was involved in the act. suspect used a disguise to conceal identity.,4,0
FIR-02548,cybercrime,marketplace,BR,morning,none,cyber_access,individual,26-35,1,3,0,1,escape_vehicle_used|night_operation|multiple_offenders|insider_help|prior_surveillance,Suspect escaped using a vehicle. crime was executed during nighttime hours. multiple offenders participated. insider assistance may have been involved. suspect conducted prior surveillance of the target.,4,0
FIR-02549,assault,industrial_area,MH,afternoon,none,none,individual,juvenile,0,0,1,0,lone_wolf|opportunistic|evidence_concealment,Single offender acted alone. crime appears to be opportunistic in nature. suspect attempted to conceal evidence.,7,0
FIR-02550,vehicle_theft,bank_premises,GJ,night,vehicle,unlocked_door,individual,46-60,0,1,0,0,night_operation|lone_wolf,Crime was executed during nighttime hours. single offender acted alone.,5,1
FIR-02551,drug_offense,public_transport,BR,early_morning,none,none,individual,60+,0,1,0,0,psychological_manipulation|night_operation|local_knowledge|repeat_target,Victim was manipulated psychologically. crime was executed during nighttime hours. suspect demonstrated knowledge of the local area. location or victim was targeted previously.,5,1
FIR-02552,vandalism,residential_area,AP,night,blunt_object,none,government_property,juvenile,0,0,0,0,insider_help|accomplice_involved|planned_operation|night_operation|local_knowledge,Insider assistance may have been involved. at least one accomplice was involved in the act. evidence of pre-planned operation. crime was executed during nighttime hours. suspect demonstrated knowledge of the local area.,4,1
FIR-02553,drug_offense,marketplace,BR,early_morning,knife,none,individual,juvenile,1,1,0,0,escape_vehicle_used|insider_help|physical_restraint,Suspect escaped using a vehicle. insider assistance may have been involved. victim was physically restrained.,6,1
FIR-02554,burglary,educational_institution,TS,night,blunt_object,window_break,household,26-35,0,0,1,0,accomplice_involved|insider_help|planned_operation,At least one accomplice was involved in the act. insider assistance may have been involved. evidence of pre-planned operation.,7,0
FIR-02555,assault,commercial_zone,RJ,night,none,none,individual,36-45,1,1,1,0,night_operation|lone_wolf,Crime was executed during nighttime hours. single offender acted alone.,5,1
FIR-02556,cybercrime,industrial_area,PB,morning,none,cyber_access,financial_institution,26-35,0,1,1,1,prior_surveillance|evidence_concealment,Suspect conducted prior surveillance of the target. suspect attempted to conceal evidence.,5,1
FIR-02557,murder,commercial_zone,KL,morning,none,forced_entry,individual,60+,0,0,0,0,use_of_disguise|multiple_offenders|planned_operation|night_operation,Suspect used a disguise to conceal identity. multiple offenders participated. evidence of pre-planned operation. crime was executed during nighttime hours.,9,0
FIR-02558,vandalism,commercial_zone,UP,night,improvised_tool,none,vehicle,juvenile,0,0,1,0,planned_operation|local_knowledge,Evidence of pre-planned operation. suspect demonstrated knowledge of the local area.,2,0
FIR-02559,assault,rural_area,PB,evening,chemical,none,individual,18-25,0,2,1,0,psychological_manipulation|repeat_target|multiple_offenders,Victim was manipulated psychologically. location or victim was targeted previously. multiple offenders participated.,6,0
FIR-02560,murder,public_transport,GJ,night,firearm,none,individual,36-45,1,3,1,0,opportunistic|multiple_offenders|night_operation|insider_help,Crime appears to be opportunistic in nature. multiple offenders participated. crime was executed during nighttime hours. insider assistance may have been involved.,10,1
FIR-02561,murder,marketplace,TS,midnight,blunt_object,social_engineering,individual,26-35,1,0,0,0,use_of_technology|local_knowledge,Digital tools or devices were used. suspect demonstrated knowledge of the local area.,10,0
FIR-02562,cybercrime,rural_area,AP,morning,none,cyber_access,digital_asset,26-35,1,1,0,1,local_knowledge|repeat_target,Suspect demonstrated knowledge of the local area. location or victim was targeted previously.,4,1
FIR-02563,vehicle_theft,highway,TN,early_morning,improvised_tool,lock_picking,vehicle,26-35,0,2,1,0,opportunistic|lone_wolf|accomplice_involved|multiple_offenders,Crime appears to be opportunistic in nature. single offender acted alone. at least one accomplice was involved in the act. multiple offenders participated.,5,0
FIR-02564,assault,bank_premises,PB,evening,none,none,individual,36-45,0,0,1,0,psychological_manipulation|use_of_technology|escape_vehicle_used,Victim was manipulated psychologically. digital tools or devices were used. suspect escaped using a vehicle.,6,0
FIR-02565,cybercrime,marketplace,UP,evening,improvised_tool,cyber_access,individual,26-35,1,1,0,1,opportunistic|psychological_manipulation|physical_restraint|lone_wolf,Crime appears to be opportunistic in nature. victim was manipulated psychologically. victim was physically restrained. single offender acted alone.,6,0
FIR-02566,kidnapping,rural_area,HR,afternoon,knife,social_engineering,infrastructure,juvenile,0,0,0,0,multiple_offenders|lone_wolf|local_knowledge|insider_help|use_of_disguise,Multiple offenders participated. single offender acted alone. suspect demonstrated knowledge of the local area. insider assistance may have been involved. suspect used a disguise to conceal identity.,8,0
FIR-02567,fraud,parking_lot,TS,afternoon,none,unlocked_door,individual,18-25,0,0,1,1,physical_restraint|planned_operation|insider_help,Victim was physically restrained. evidence of pre-planned operation. insider assistance may have been involved.,8,1
FIR-02568,fraud,rural_area,TS,afternoon,blunt_object,forced_entry,multiple,46-60,1,1,0,1,use_of_disguise|local_knowledge|lone_wolf|use_of_technology,Suspect used a disguise to conceal identity. suspect demonstrated knowledge of the local area. single offender acted alone. digital tools or devices were used.,7,0
FIR-02569,fraud,commercial_zone,KA,morning,none,social_engineering,individual,26-35,0,1,0,1,night_operation|physical_restraint|insider_help|use_of_disguise,Crime was executed during nighttime hours. victim was physically restrained. insider assistance may have been involved. suspect used a disguise to conceal identity.,8,0
FIR-02570,burglary,residential_area,DL,midnight,none,forced_entry,commercial_establishment,juvenile,0,0,1,0,accomplice_involved|local_knowledge|night_operation,At least one accomplice was involved in the act. suspect demonstrated knowledge of the local area. crime was executed during nighttime hours.,6,0
FIR-02571,robbery,marketplace,TS,midnight,firearm,roof_access,individual,18-25,1,0,0,0,repeat_target|insider_help|opportunistic|physical_restraint|use_of_disguise,Location or victim was targeted previously. insider assistance may have been involved. crime appears to be opportunistic in nature. victim was physically restrained. suspect used a disguise to conceal identity.,8,1
FIR-02572,burglary,parking_lot,WB,midnight,improvised_tool,window_break,household,60+,1,1,0,0,repeat_target|opportunistic|psychological_manipulation,Location or victim was targeted previously. crime appears to be opportunistic in nature. victim was manipulated psychologically.,6,1
FIR-02573,drug_offense,residential_area,DL,night,improvised_tool,none,public_space,juvenile,1,1,0,0,repeat_target|use_of_disguise|escape_vehicle_used,Location or victim was targeted previously. suspect used a disguise to conceal identity. suspect escaped using a vehicle.,6,1
FIR-02574,vandalism,commercial_zone,RJ,night,blunt_object,forced_entry,infrastructure,60+,0,1,0,0,night_operation|prior_surveillance|local_knowledge|planned_operation,Crime was executed during nighttime hours. suspect conducted prior surveillance of the target. suspect demonstrated knowledge of the local area. evidence of pre-planned operation.,3,0
FIR-02575,burglary,bank_premises,KL,early_morning,blunt_object,lock_picking,household,18-25,1,1,1,0,local_knowledge|repeat_target,Suspect demonstrated knowledge of the local area. location or victim was targeted previously.,7,0
FIR-02576,robbery,educational_institution,RJ,night,knife,social_engineering,government_property,46-60,1,0,0,0,opportunistic|escape_vehicle_used,Crime appears to be opportunistic in nature. suspect escaped using a vehicle.,9,1
FIR-02577,drug_offense,rural_area,PB,night,none,window_break,public_space,46-60,0,0,1,0,opportunistic|repeat_target,Crime appears to be opportunistic in nature. location or victim was targeted previously.,5,1
FIR-02578,vehicle_theft,marketplace,PB,midnight,improvised_tool,lock_picking,vehicle,juvenile,0,0,0,0,repeat_target|prior_surveillance|use_of_disguise,Location or victim was targeted previously. suspect conducted prior surveillance of the target. suspect used a disguise to conceal identity.,3,1
FIR-02579,burglary,industrial_area,KL,midnight,improvised_tool,window_break,household,46-60,0,0,1,0,evidence_concealment|lone_wolf,Suspect attempted to conceal evidence. single offender acted alone.,5,1
FIR-02580,vandalism,industrial_area,RJ,night,improvised_tool,none,digital_asset,46-60,1,0,0,0,multiple_offenders|psychological_manipulation|repeat_target,Multiple offenders participated. victim was manipulated psychologically. location or victim was targeted previously.,4,0
FIR-02581,cybercrime,bank_premises,KL,evening,none,cyber_access,vehicle,26-35,1,1,0,1,escape_vehicle_used|insider_help|lone_wolf|evidence_concealment|accomplice_involved,Suspect escaped using a vehicle. insider assistance may have been involved. single offender acted alone. suspect attempted to conceal evidence. at least one accomplice was involved in the act.,6,1
FIR-02582,fraud,public_transport,BR,morning,none,social_engineering,commercial_establishment,18-25,0,1,1,1,lone_wolf|local_knowledge|planned_operation,Single offender acted alone. suspect demonstrated knowledge of the local area. evidence of pre-planned operation.,7,0
FIR-02583,assault,residential_area,BR,night,chemical,window_break,individual,18-25,0,0,1,0,repeat_target|psychological_manipulation,Location or victim was targeted previously. victim was manipulated psychologically.,6,1
FIR-02584,kidnapping,industrial_area,KA,evening,chemical,none,individual,18-25,0,0,1,0,insider_help|night_operation|opportunistic|planned_operation,Insider assistance may have been involved. crime was executed during nighttime hours. crime appears to be opportunistic in nature. evidence of pre-planned operation.,8,0
FIR-02585,fraud,bank_premises,DL,midnight,none,social_engineering,multiple,juvenile,1,1,1,1,local_knowledge|accomplice_involved|evidence_concealment|physical_restraint|lone_wolf,Suspect demonstrated knowledge of the local area. at least one accomplice was involved in the act. suspect attempted to conceal evidence. victim was physically restrained. single offender acted alone.,8,0
FIR-02586,burglary,commercial_zone,RJ,midnight,vehicle,lock_picking,infrastructure,60+,0,0,0,0,use_of_disguise|opportunistic|night_operation,Suspect used a disguise to conceal identity. crime appears to be opportunistic in nature. crime was executed during nighttime hours.,5,0
FIR-02587,fraud,residential_area,BR,afternoon,none,social_engineering,vehicle,26-35,1,4,0,1,night_operation|multiple_offenders|local_knowledge,Crime was executed during nighttime hours. multiple offenders participated. suspect demonstrated knowledge of the local area.,6,1
FIR-02588,burglary,residential_area,RJ,midnight,blunt_object,forced_entry,household,60+,1,0,0,0,repeat_target|insider_help|psychological_manipulation|planned_operation,Location or victim was targeted previously. insider assistance may have been involved. victim was manipulated psychologically. evidence of pre-planned operation.,7,1
FIR-02589,kidnapping,commercial_zone,TN,morning,firearm,cyber_access,individual,26-35,1,1,0,0,lone_wolf|opportunistic,Single offender acted alone. crime appears to be opportunistic in nature.,10,1
FIR-02590,cybercrime,educational_institution,RJ,morning,none,cyber_access,financial_institution,60+,0,0,1,1,planned_operation|use_of_technology|escape_vehicle_used|night_operation,Evidence of pre-planned operation. digital tools or devices were used. suspect escaped using a vehicle. crime was executed during nighttime hours.,6,0
FIR-02591,murder,marketplace,TN,evening,knife,forced_entry,individual,26-35,0,1,0,0,evidence_concealment|lone_wolf|opportunistic|use_of_disguise,Suspect attempted to conceal evidence. single offender acted alone. crime appears to be opportunistic in nature. suspect used a disguise to conceal identity.,10,0
FIR-02592,cybercrime,educational_institution,KL,evening,none,cyber_access,individual,juvenile,0,4,1,1,repeat_target|accomplice_involved|prior_surveillance|multiple_offenders,Location or victim was targeted previously. at least one accomplice was involved in the act. suspect conducted prior surveillance of the target. multiple offenders participated.,6,1
FIR-02593,robbery,rural_area,KL,midnight,vehicle,social_engineering,individual,36-45,0,0,1,0,local_knowledge|lone_wolf|use_of_disguise|escape_vehicle_used|planned_operation,Suspect demonstrated knowledge of the local area. single offender acted alone. suspect used a disguise to conceal identity. suspect escaped using a vehicle. evidence of pre-planned operation.,7,0
FIR-02594,vehicle_theft,public_transport,GJ,midnight,blunt_object,forced_entry,vehicle,46-60,0,0,0,0,escape_vehicle_used|planned_operation|evidence_concealment,Suspect escaped using a vehicle. evidence of pre-planned operation. suspect attempted to conceal evidence.,4,1
FIR-02595,assault,commercial_zone,WB,morning,firearm,none,individual,juvenile,1,1,0,0,insider_help|psychological_manipulation|night_operation|opportunistic|use_of_technology,Insider assistance may have been involved. victim was manipulated psychologically. crime was executed during nighttime hours. crime appears to be opportunistic in nature. digital tools or devices were used.,5,1
FIR-02596,robbery,commercial_zone,BR,midnight,blunt_object,social_engineering,financial_institution,36-45,1,0,0,0,planned_operation|opportunistic|escape_vehicle_used|psychological_manipulation,Evidence of pre-planned operation. crime appears to be opportunistic in nature. suspect escaped using a vehicle. victim was manipulated psychologically.,9,1
FIR-02597,fraud,public_transport,RJ,afternoon,none,social_engineering,public_space,46-60,0,0,0,1,planned_operation|multiple_offenders|accomplice_involved,Evidence of pre-planned operation. multiple offenders participated. at least one accomplice was involved in the act.,6,0
FIR-02598,drug_offense,marketplace,DL,early_morning,none,none,public_space,26-35,1,1,0,0,lone_wolf|local_knowledge|use_of_disguise|prior_surveillance|escape_vehicle_used,Single offender acted alone. suspect demonstrated knowledge of the local area. suspect used a disguise to conceal identity. suspect conducted prior surveillance of the target. suspect escaped using a vehicle.,6,1
FIR-02599,kidnapping,bank_premises,AP,evening,none,none,individual,26-35,0,0,0,0,use_of_disguise|planned_operation|repeat_target|physical_restraint,Suspect used a disguise to conceal identity. evidence of pre-planned operation. location or victim was targeted previously. victim was physically restrained.,8,1
FIR-02600,fraud,highway,KL,afternoon,none,social_engineering,individual,60+,0,0,0,1,insider_help|local_knowledge,Insider assistance may have been involved. suspect demonstrated knowledge of the local area.,6,0
FIR-02601,fraud,highway,TN,night,none,social_engineering,commercial_establishment,juvenile,0,1,0,1,lone_wolf|escape_vehicle_used,Single offender acted alone. suspect escaped using a vehicle.,8,0
FIR-02602,cybercrime,educational_institution,PB,evening,none,cyber_access,financial_institution,26-35,0,1,0,1,evidence_concealment|insider_help|repeat_target|accomplice_involved|psychological_manipulation,Suspect attempted to conceal evidence. insider assistance may have been involved. location or victim was targeted previously. at least one accomplice was involved in the act. victim was manipulated psychologically.,5,0
FIR-02603,drug_offense,highway,MH,midnight,none,none,financial_institution,18-25,1,1,0,0,lone_wolf|escape_vehicle_used|use_of_technology|planned_operation,Single offender acted alone. suspect escaped using a vehicle. digital tools or devices were used. evidence of pre-planned operation.,4,1
FIR-02604,assault,rural_area,MP,afternoon,blunt_object,none,multiple,juvenile,0,3,1,0,multiple_offenders|accomplice_involved|prior_surveillance,Multiple offenders participated. at least one accomplice was involved in the act. suspect conducted prior surveillance of the target.,7,0
FIR-02605,fraud,educational_institution,UP,midnight,chemical,impersonation,individual,juvenile,0,1,0,1,use_of_technology|night_operation,Digital tools or devices were used. crime was executed during nighttime hours.,8,0
FIR-02606,fraud,residential_area,WB,afternoon,none,social_engineering,individual,46-60,1,0,1,1,night_operation|physical_restraint|evidence_concealment,Crime was executed during nighttime hours. victim was physically restrained. suspect attempted to conceal evidence.,8,0
FIR-02607,robbery,marketplace,UP,evening,knife,none,infrastructure,46-60,1,2,1,0,prior_surveillance|accomplice_involved|multiple_offenders|use_of_technology,Suspect conducted prior surveillance of the target. at least one accomplice was involved in the act. multiple offenders participated. digital tools or devices were used.,8,0
FIR-02608,kidnapping,highway,KA,early_morning,vehicle,social_engineering,commercial_establishment,18-25,0,0,0,0,psychological_manipulation|use_of_disguise,Victim was manipulated psychologically. suspect used a disguise to conceal identity.,10,0
FIR-02609,drug_offense,public_transport,TN,midnight,firearm,tunneling,public_space,juvenile,1,3,1,0,physical_restraint|evidence_concealment|night_operation|accomplice_involved|multiple_offenders,Victim was physically restrained. suspect attempted to conceal evidence. crime was executed during nighttime hours. at least one accomplice was involved in the act. multiple offenders participated.,6,1
FIR-02610,assault,commercial_zone,BR,afternoon,rope,none,individual,46-60,1,0,1,0,multiple_offenders|psychological_manipulation|local_knowledge|opportunistic|accomplice_involved,Multiple offenders participated. victim was manipulated psychologically. suspect demonstrated knowledge of the local area. crime appears to be opportunistic in nature. at least one accomplice was involved in the act.,7,1
FIR-02611,assault,educational_institution,TN,night,none,none,individual,juvenile,0,1,1,0,planned_operation|night_operation,Evidence of pre-planned operation. crime was executed during nighttime hours.,5,1
FIR-02612,vandalism,educational_institution,KA,midnight,improvised_tool,none,public_space,60+,0,0,0,0,evidence_concealment|night_operation,Suspect attempted to conceal evidence. crime was executed during nighttime hours.,4,0
FIR-02613,assault,residential_area,HR,afternoon,chemical,none,vehicle,18-25,1,1,0,0,planned_operation|repeat_target,Evidence of pre-planned operation. location or victim was targeted previously.,6,0
FIR-02614,drug_offense,bank_premises,HR,evening,knife,none,individual,36-45,1,0,0,0,evidence_concealment|accomplice_involved|night_operation|repeat_target|lone_wolf,Suspect attempted to conceal evidence. at least one accomplice was involved in the act. crime was executed during nighttime hours. location or victim was targeted previously. single offender acted alone.,6,1
FIR-02615,cybercrime,parking_lot,RJ,early_morning,blunt_object,cyber_access,individual,36-45,0,3,0,1,multiple_offenders|local_knowledge|use_of_disguise|escape_vehicle_used,Multiple offenders participated. suspect demonstrated knowledge of the local area. suspect used a disguise to conceal identity. suspect escaped using a vehicle.,5,0
FIR-02616,vehicle_theft,commercial_zone,PB,morning,improvised_tool,unlocked_door,vehicle,juvenile,0,0,0,0,planned_operation|physical_restraint|insider_help|accomplice_involved,Evidence of pre-planned operation. victim was physically restrained. insider assistance may have been involved. at least one accomplice was involved in the act.,3,0
FIR-02617,burglary,marketplace,TS,midnight,none,window_break,household,18-25,0,1,1,0,accomplice_involved|night_operation|evidence_concealment,At least one accomplice was involved in the act. crime was executed during nighttime hours. suspect attempted to conceal evidence.,6,0
FIR-02618,cybercrime,marketplace,MP,midnight,none,cyber_access,multiple,46-60,0,4,1,1,escape_vehicle_used|multiple_offenders|use_of_technology|psychological_manipulation,Suspect escaped using a vehicle. multiple offenders participated. digital tools or devices were used. victim was manipulated psychologically.,5,0
FIR-02619,murder,highway,TS,evening,firearm,forced_entry,individual,juvenile,0,0,1,0,local_knowledge|physical_restraint,Suspect demonstrated knowledge of the local area. victim was physically restrained.,9,0
FIR-02620,robbery,highway,PB,evening,improvised_tool,none,financial_institution,46-60,1,1,0,0,repeat_target|prior_surveillance|lone_wolf|night_operation,Location or victim was targeted previously. suspect conducted prior surveillance of the target. single offender acted alone. crime was executed during nighttime hours.,8,1
FIR-02621,vehicle_theft,marketplace,GJ,afternoon,improvised_tool,window_break,individual,36-45,0,1,1,0,planned_operation|opportunistic|use_of_disguise,Evidence of pre-planned operation. crime appears to be opportunistic in nature. suspect used a disguise to conceal identity.,4,0
FIR-02622,kidnapping,bank_premises,HR,evening,chemical,roof_access,individual,26-35,0,1,1,0,evidence_concealment|prior_surveillance|repeat_target,Suspect attempted to conceal evidence. suspect conducted prior surveillance of the target. location or victim was targeted previously.,8,0
FIR-02623,kidnapping,rural_area,TS,evening,knife,cyber_access,individual,26-35,1,1,0,0,use_of_technology|escape_vehicle_used,Digital tools or devices were used. suspect escaped using a vehicle.,8,1
FIR-02624,drug_offense,public_transport,UP,early_morning,none,unlocked_door,vehicle,juvenile,0,0,1,0,accomplice_involved|use_of_technology,At least one accomplice was involved in the act. digital tools or devices were used.,6,0
FIR-02625,burglary,educational_institution,BR,early_morning,blunt_object,window_break,commercial_establishment,18-25,1,1,0,0,insider_help|night_operation|accomplice_involved|lone_wolf|repeat_target,Insider assistance may have been involved. crime was executed during nighttime hours. at least one accomplice was involved in the act. single offender acted alone. location or victim was targeted previously.,5,0
FIR-02626,cybercrime,marketplace,AP,evening,rope,cyber_access,digital_asset,36-45,0,1,0,1,repeat_target|psychological_manipulation|physical_restraint|use_of_disguise,Location or victim was targeted previously. victim was manipulated psychologically. victim was physically restrained. suspect used a disguise to conceal identity.,4,1
FIR-02627,murder,residential_area,BR,night,firearm,lock_picking,vehicle,60+,0,1,1,0,insider_help|accomplice_involved|night_operation|use_of_disguise|repeat_target,Insider assistance may have been involved. at least one accomplice was involved in the act. crime was executed during nighttime hours. suspect used a disguise to conceal identity. location or victim was targeted previously.,10,0
FIR-02628,robbery,commercial_zone,GJ,midnight,firearm,social_engineering,financial_institution,26-35,0,3,0,0,psychological_manipulation|lone_wolf|escape_vehicle_used|use_of_technology|multiple_offenders,Victim was manipulated psychologically. single offender acted alone. suspect escaped using a vehicle. digital tools or devices were used. multiple offenders participated.,9,1
FIR-02629,vehicle_theft,parking_lot,AP,midnight,improvised_tool,unlocked_door,vehicle,46-60,0,0,1,0,evidence_concealment|planned_operation,Suspect attempted to conceal evidence. evidence of pre-planned operation.,4,0
FIR-02630,burglary,rural_area,WB,night,blunt_object,window_break,government_property,18-25,0,1,0,0,planned_operation|prior_surveillance|escape_vehicle_used|lone_wolf,Evidence of pre-planned operation. suspect conducted prior surveillance of the target. suspect escaped using a vehicle. single offender acted alone.,7,1
FIR-02631,kidnapping,bank_premises,MP,afternoon,chemical,social_engineering,household,36-45,0,0,0,0,evidence_concealment|escape_vehicle_used|repeat_target|physical_restraint,Suspect attempted to conceal evidence. suspect escaped using a vehicle. location or victim was targeted previously. victim was physically restrained.,10,0
FIR-02632,vehicle_theft,marketplace,GJ,morning,none,unlocked_door,vehicle,26-35,0,3,1,0,escape_vehicle_used|local_knowledge|multiple_offenders|repeat_target|opportunistic,Suspect escaped using a vehicle. suspect demonstrated knowledge of the local area. multiple offenders participated. location or victim was targeted previously. crime appears to be opportunistic in nature.,5,1
FIR-02633,vehicle_theft,public_transport,UP,night,none,unlocked_door,household,18-25,1,1,0,0,escape_vehicle_used|prior_surveillance|repeat_target|accomplice_involved|use_of_disguise,Suspect escaped using a vehicle. suspect conducted prior surveillance of the target. location or victim was targeted previously. at least one accomplice was involved in the act. suspect used a disguise to conceal identity.,4,1
FIR-02634,fraud,parking_lot,TS,early_morning,none,impersonation,commercial_establishment,18-25,0,0,0,1,opportunistic|use_of_disguise|local_knowledge|psychological_manipulation|repeat_target,Crime appears to be opportunistic in nature. suspect used a disguise to conceal identity. suspect demonstrated knowledge of the local area. victim was manipulated psychologically. location or victim was targeted previously.,7,0
FIR-02635,drug_offense,educational_institution,MP,early_morning,none,forced_entry,individual,26-35,0,4,1,0,use_of_technology|accomplice_involved|psychological_manipulation|insider_help|multiple_offenders,Digital tools or devices were used. at least one accomplice was involved in the act. victim was manipulated psychologically. insider assistance may have been involved. multiple offenders participated.,6,1
FIR-02636,vandalism,bank_premises,KL,night,none,none,financial_institution,18-25,1,4,0,0,multiple_offenders|use_of_technology|lone_wolf|night_operation|evidence_concealment,Multiple offenders participated. digital tools or devices were used. single offender acted alone. crime was executed during nighttime hours. suspect attempted to conceal evidence.,3,0
FIR-02637,fraud,rural_area,KL,afternoon,firearm,impersonation,digital_asset,18-25,1,0,1,1,accomplice_involved|insider_help|local_knowledge|psychological_manipulation,At least one accomplice was involved in the act. insider assistance may have been involved. suspect demonstrated knowledge of the local area. victim was manipulated psychologically.,8,0
FIR-02638,drug_offense,parking_lot,MH,morning,none,tunneling,public_space,36-45,0,1,0,0,physical_restraint|use_of_disguise|evidence_concealment,Victim was physically restrained. suspect used a disguise to conceal identity. suspect attempted to conceal evidence.,6,0
FIR-02639,drug_offense,residential_area,RJ,night,knife,social_engineering,individual,36-45,1,0,0,0,multiple_offenders|insider_help|psychological_manipulation|escape_vehicle_used|night_operation,Multiple offenders participated. insider assistance may have been involved. victim was manipulated psychologically. suspect escaped using a vehicle. crime was executed during nighttime hours.,5,1
FIR-02640,vandalism,public_transport,GJ,midnight,chemical,none,financial_institution,juvenile,1,1,0,0,use_of_technology|prior_surveillance|psychological_manipulation|planned_operation|use_of_disguise,Digital tools or devices were used. suspect conducted prior surveillance of the target. victim was manipulated psychologically. evidence of pre-planned operation. suspect used a disguise to conceal identity.,2,0
FIR-02641,burglary,commercial_zone,MP,morning,blunt_object,window_break,commercial_establishment,46-60,1,1,1,0,multiple_offenders|local_knowledge,Multiple offenders participated. suspect demonstrated knowledge of the local area.,5,1
FIR-02642,burglary,bank_premises,WB,midnight,blunt_object,social_engineering,multiple,26-35,0,1,0,0,psychological_manipulation|prior_surveillance|lone_wolf|insider_help|use_of_disguise,Victim was manipulated psychologically. suspect conducted prior surveillance of the target. single offender acted alone. insider assistance may have been involved. suspect used a disguise to conceal identity.,7,0
FIR-02643,drug_offense,educational_institution,HR,early_morning,knife,none,individual,60+,0,0,1,0,prior_surveillance|lone_wolf|opportunistic|accomplice_involved,Suspect conducted prior surveillance of the target. single offender acted alone. crime appears to be opportunistic in nature. at least one accomplice was involved in the act.,6,0
FIR-02644,drug_offense,public_transport,PB,midnight,none,none,vehicle,36-45,1,1,1,0,night_operation|escape_vehicle_used|prior_surveillance|insider_help|local_knowledge,Crime was executed during nighttime hours. suspect escaped using a vehicle. suspect conducted prior surveillance of the target. insider assistance may have been involved. suspect demonstrated knowledge of the local area.,6,1
FIR-02645,assault,rural_area,TN,evening,rope,none,household,18-25,0,1,0,0,repeat_target|insider_help,Location or victim was targeted previously. insider assistance may have been involved.,6,1
FIR-02646,murder,rural_area,KA,night,knife,forced_entry,individual,juvenile,1,1,1,0,prior_surveillance|accomplice_involved|planned_operation|use_of_technology|lone_wolf,Suspect conducted prior surveillance of the target. at least one accomplice was involved in the act. evidence of pre-planned operation. digital tools or devices were used. single offender acted alone.,9,1
FIR-02647,burglary,parking_lot,PB,midnight,blunt_object,window_break,commercial_establishment,18-25,0,3,1,0,repeat_target|multiple_offenders|evidence_concealment,Location or victim was targeted previously. multiple offenders participated. suspect attempted to conceal evidence.,6,1
FIR-02648,assault,commercial_zone,RJ,evening,blunt_object,none,individual,36-45,0,1,1,0,planned_operation|prior_surveillance|night_operation,Evidence of pre-planned operation. suspect conducted prior surveillance of the target. crime was executed during nighttime hours.,6,0
FIR-02649,vandalism,public_transport,BR,evening,chemical,none,public_space,36-45,1,0,0,0,repeat_target|use_of_technology,Location or victim was targeted previously. digital tools or devices were used.,3,0
FIR-02650,robbery,commercial_zone,GJ,night,blunt_object,impersonation,individual,26-35,1,0,1,0,local_knowledge|use_of_disguise|use_of_technology|physical_restraint|night_operation,Suspect demonstrated knowledge of the local area. suspect used a disguise to conceal identity. digital tools or devices were used. victim was physically restrained. crime was executed during nighttime hours.,9,1
FIR-02651,burglary,commercial_zone,DL,night,none,forced_entry,household,46-60,1,4,1,0,accomplice_involved|repeat_target|escape_vehicle_used|multiple_offenders|use_of_technology,At least one accomplice was involved in the act. location or victim was targeted previously. suspect escaped using a vehicle. multiple offenders participated. digital tools or devices were used.,7,1
FIR-02652,fraud,bank_premises,GJ,morning,none,impersonation,individual,36-45,0,1,1,1,use_of_disguise|physical_restraint|local_knowledge|evidence_concealment|insider_help,Suspect used a disguise to conceal identity. victim was physically restrained. suspect demonstrated knowledge of the local area. suspect attempted to conceal evidence. insider assistance may have been involved.,6,0
FIR-02653,drug_offense,rural_area,MH,early_morning,none,none,individual,36-45,0,0,0,0,use_of_technology|psychological_manipulation|planned_operation|accomplice_involved,Digital tools or devices were used. victim was manipulated psychologically. evidence of pre-planned operation. at least one accomplice was involved in the act.,4,1
FIR-02654,fraud,residential_area,AP,afternoon,none,impersonation,vehicle,26-35,1,0,1,1,escape_vehicle_used|evidence_concealment|insider_help|planned_operation,Suspect escaped using a vehicle. suspect attempted to conceal evidence. insider assistance may have been involved. evidence of pre-planned operation.,8,1
FIR-02655,vandalism,parking_lot,KL,night,blunt_object,none,commercial_establishment,juvenile,1,1,0,0,use_of_disguise|escape_vehicle_used|local_knowledge,Suspect used a disguise to conceal identity. suspect escaped using a vehicle. suspect demonstrated knowledge of the local area.,4,0
FIR-02656,vandalism,public_transport,DL,night,improvised_tool,none,commercial_establishment,18-25,1,0,0,0,repeat_target|planned_operation,Location or victim was targeted previously. evidence of pre-planned operation.,4,1
FIR-02657,murder,commercial_zone,GJ,evening,none,lock_picking,individual,26-35,0,1,1,0,evidence_concealment|use_of_technology|local_knowledge,Suspect attempted to conceal evidence. digital tools or devices were used. suspect demonstrated knowledge of the local area.,9,0
FIR-02658,vehicle_theft,rural_area,BR,midnight,none,unlocked_door,digital_asset,36-45,0,4,0,0,multiple_offenders|local_knowledge|use_of_technology|prior_surveillance|escape_vehicle_used,Multiple offenders participated. suspect demonstrated knowledge of the local area. digital tools or devices were used. suspect conducted prior surveillance of the target. suspect escaped using a vehicle.,4,0
FIR-02659,burglary,marketplace,PB,midnight,none,roof_access,commercial_establishment,26-35,0,1,1,0,psychological_manipulation|repeat_target,Victim was manipulated psychologically. location or victim was targeted previously.,7,1
FIR-02660,drug_offense,educational_institution,MP,early_morning,knife,none,individual,46-60,0,0,1,0,escape_vehicle_used|psychological_manipulation,Suspect escaped using a vehicle. victim was manipulated psychologically.,6,0
FIR-02661,cybercrime,residential_area,BR,morning,none,roof_access,digital_asset,36-45,1,1,1,1,local_knowledge|planned_operation|lone_wolf,Suspect demonstrated knowledge of the local area. evidence of pre-planned operation. single offender acted alone.,5,1
FIR-02662,fraud,parking_lot,MH,afternoon,none,impersonation,commercial_establishment,46-60,1,0,1,1,use_of_technology|repeat_target|local_knowledge,Digital tools or devices were used. location or victim was targeted previously. suspect demonstrated knowledge of the local area.,6,0
FIR-02663,assault,commercial_zone,RJ,night,none,unlocked_door,individual,26-35,0,1,0,0,local_knowledge|night_operation|escape_vehicle_used,Suspect demonstrated knowledge of the local area. crime was executed during nighttime hours. suspect escaped using a vehicle.,5,1
FIR-02664,vehicle_theft,commercial_zone,BR,midnight,none,lock_picking,vehicle,36-45,1,0,1,0,physical_restraint|insider_help|night_operation|repeat_target|local_knowledge,Victim was physically restrained. insider assistance may have been involved. crime was executed during nighttime hours. location or victim was targeted previously. suspect demonstrated knowledge of the local area.,5,1
FIR-02665,assault,bank_premises,BR,morning,knife,lock_picking,individual,18-25,1,1,1,0,use_of_technology|psychological_manipulation|night_operation|accomplice_involved,Digital tools or devices were used. victim was manipulated psychologically. crime was executed during nighttime hours. at least one accomplice was involved in the act.,7,1
FIR-02666,cybercrime,industrial_area,TS,afternoon,none,cyber_access,financial_institution,46-60,1,1,0,1,escape_vehicle_used|planned_operation|opportunistic|insider_help|local_knowledge,Suspect escaped using a vehicle. evidence of pre-planned operation. crime appears to be opportunistic in nature. insider assistance may have been involved. suspect demonstrated knowledge of the local area.,4,0
FIR-02667,drug_offense,educational_institution,GJ,midnight,none,none,public_space,26-35,1,1,0,0,physical_restraint|accomplice_involved|opportunistic,Victim was physically restrained. at least one accomplice was involved in the act. crime appears to be opportunistic in nature.,6,0
FIR-02668,cybercrime,highway,AP,morning,firearm,cyber_access,digital_asset,26-35,0,1,0,1,physical_restraint|opportunistic|night_operation|multiple_offenders,Victim was physically restrained. crime appears to be opportunistic in nature. crime was executed during nighttime hours. multiple offenders participated.,5,0
FIR-02669,robbery,commercial_zone,BR,evening,blunt_object,social_engineering,financial_institution,26-35,0,0,0,0,evidence_concealment|planned_operation|use_of_technology,Suspect attempted to conceal evidence. evidence of pre-planned operation. digital tools or devices were used.,9,1
FIR-02670,cybercrime,marketplace,DL,afternoon,none,cyber_access,financial_institution,60+,0,1,1,1,escape_vehicle_used|accomplice_involved|repeat_target|physical_restraint,Suspect escaped using a vehicle. at least one accomplice was involved in the act. location or victim was targeted previously. victim was physically restrained.,5,0
FIR-02671,drug_offense,industrial_area,RJ,night,none,none,public_space,46-60,1,0,1,0,accomplice_involved|use_of_technology,At least one accomplice was involved in the act. digital tools or devices were used.,6,1
FIR-02672,drug_offense,residential_area,BR,night,knife,social_engineering,multiple,36-45,1,0,1,0,local_knowledge|repeat_target|lone_wolf|opportunistic,Suspect demonstrated knowledge of the local area. location or victim was targeted previously. single offender acted alone. crime appears to be opportunistic in nature.,4,1
FIR-02673,burglary,public_transport,MH,night,none,window_break,public_space,18-25,1,1,0,0,local_knowledge|night_operation|escape_vehicle_used|use_of_disguise|insider_help,Suspect demonstrated knowledge of the local area. crime was executed during nighttime hours. suspect escaped using a vehicle. suspect used a disguise to conceal identity. insider assistance may have been involved.,5,1
FIR-02674,kidnapping,rural_area,MH,afternoon,chemical,none,individual,46-60,1,1,1,0,escape_vehicle_used|night_operation|opportunistic,Suspect escaped using a vehicle. crime was executed during nighttime hours. crime appears to be opportunistic in nature.,8,0
FIR-02675,cybercrime,educational_institution,DL,morning,none,tunneling,digital_asset,26-35,1,0,0,1,multiple_offenders|repeat_target|use_of_disguise|planned_operation,Multiple offenders participated. location or victim was targeted previously. suspect used a disguise to conceal identity. evidence of pre-planned operation.,5,1
FIR-02676,vandalism,public_transport,BR,midnight,vehicle,none,commercial_establishment,juvenile,0,0,1,0,use_of_disguise|local_knowledge|accomplice_involved|physical_restraint,Suspect used a disguise to conceal identity. suspect demonstrated knowledge of the local area. at least one accomplice was involved in the act. victim was physically restrained.,2,0
FIR-02677,fraud,highway,MH,morning,none,social_engineering,commercial_establishment,juvenile,1,1,0,1,opportunistic|night_operation|use_of_technology,Crime appears to be opportunistic in nature. crime was executed during nighttime hours. digital tools or devices were used.,7,1
FIR-02678,drug_offense,marketplace,PB,midnight,none,window_break,individual,26-35,0,1,1,0,use_of_technology|physical_restraint|insider_help,Digital tools or devices were used. victim was physically restrained. insider assistance may have been involved.,5,1
FIR-02679,robbery,marketplace,RJ,evening,none,social_engineering,financial_institution,36-45,1,0,0,0,accomplice_involved|night_operation|evidence_concealment|escape_vehicle_used|prior_surveillance,At least one accomplice was involved in the act. crime was executed during nighttime hours. suspect attempted to conceal evidence. suspect escaped using a vehicle. suspect conducted prior surveillance of the target.,7,1
FIR-02680,vehicle_theft,industrial_area,KA,early_morning,none,cyber_access,vehicle,juvenile,1,1,1,0,psychological_manipulation|repeat_target|evidence_concealment,Victim was manipulated psychologically. location or victim was targeted previously. suspect attempted to conceal evidence.,4,1
FIR-02681,vandalism,educational_institution,MH,night,blunt_object,none,public_space,18-25,0,0,0,0,psychological_manipulation|escape_vehicle_used|night_operation,Victim was manipulated psychologically. suspect escaped using a vehicle. crime was executed during nighttime hours.,3,0
FIR-02682,fraud,highway,KL,morning,rope,impersonation,individual,46-60,0,1,1,1,use_of_technology|insider_help|accomplice_involved,Digital tools or devices were used. insider assistance may have been involved. at least one accomplice was involved in the act.,7,0
FIR-02683,robbery,industrial_area,KL,night,knife,none,commercial_establishment,juvenile,1,0,0,0,escape_vehicle_used|accomplice_involved|use_of_disguise|lone_wolf,Suspect escaped using a vehicle. at least one accomplice was involved in the act. suspect used a disguise to conceal identity. single offender acted alone.,8,0
FIR-02684,vehicle_theft,public_transport,UP,midnight,none,lock_picking,digital_asset,60+,1,0,1,0,night_operation|repeat_target|lone_wolf,Crime was executed during nighttime hours. location or victim was targeted previously. single offender acted alone.,4,1
FIR-02685,burglary,commercial_zone,DL,night,blunt_object,impersonation,household,60+,0,0,0,0,planned_operation|use_of_disguise,Evidence of pre-planned operation. suspect used a disguise to conceal identity.,6,1
FIR-02686,assault,public_transport,KL,evening,rope,none,individual,18-25,1,4,1,0,use_of_disguise|prior_surveillance|multiple_offenders,Suspect used a disguise to conceal identity. suspect conducted prior surveillance of the target. multiple offenders participated.,5,1
FIR-02687,vehicle_theft,highway,HR,early_morning,improvised_tool,unlocked_door,vehicle,60+,1,0,0,0,prior_surveillance|lone_wolf|use_of_disguise|night_operation|opportunistic,Suspect conducted prior surveillance of the target. single offender acted alone. suspect used a disguise to conceal identity. crime was executed during nighttime hours. crime appears to be opportunistic in nature.,3,1
FIR-02688,vandalism,bank_premises,WB,midnight,improvised_tool,none,commercial_establishment,36-45,0,1,1,0,planned_operation|psychological_manipulation|use_of_technology|accomplice_involved|physical_restraint,Evidence of pre-planned operation. victim was manipulated psychologically. digital tools or devices were used. at least one accomplice was involved in the act. victim was physically restrained.,2,0
FIR-02689,cybercrime,commercial_zone,GJ,morning,none,cyber_access,financial_institution,26-35,1,0,0,1,local_knowledge|lone_wolf|night_operation|insider_help,Suspect demonstrated knowledge of the local area. single offender acted alone. crime was executed during nighttime hours. insider assistance may have been involved.,4,1
FIR-02690,murder,highway,GJ,evening,firearm,roof_access,infrastructure,46-60,0,0,1,0,planned_operation|accomplice_involved|lone_wolf|evidence_concealment,Evidence of pre-planned operation. at least one accomplice was involved in the act. single offender acted alone. suspect attempted to conceal evidence.,9,0
FIR-02691,fraud,rural_area,HR,early_morning,none,impersonation,digital_asset,60+,1,0,0,1,use_of_disguise|prior_surveillance|opportunistic,Suspect used a disguise to conceal identity. suspect conducted prior surveillance of the target. crime appears to be opportunistic in nature.,7,1
FIR-02692,vehicle_theft,bank_premises,AP,early_morning,improvised_tool,cyber_access,vehicle,36-45,0,1,0,0,psychological_manipulation|multiple_offenders|use_of_technology,Victim was manipulated psychologically. multiple offenders participated. digital tools or devices were used.,4,1
FIR-02693,robbery,residential_area,UP,midnight,blunt_object,social_engineering,financial_institution,36-45,0,0,0,0,night_operation|use_of_technology,Crime was executed during nighttime hours. digital tools or devices were used.,8,1
FIR-02694,fraud,commercial_zone,TN,afternoon,none,window_break,individual,60+,0,1,1,1,use_of_technology|escape_vehicle_used|use_of_disguise|physical_restraint|lone_wolf,Digital tools or devices were used. suspect escaped using a vehicle. suspect used a disguise to conceal identity. victim was physically restrained. single offender acted alone.,6,0
FIR-02695,robbery,parking_lot,PB,morning,firearm,window_break,individual,60+,1,0,1,0,planned_operation|physical_restraint|escape_vehicle_used|evidence_concealment,Evidence of pre-planned operation. victim was physically restrained. suspect escaped using a vehicle. suspect attempted to conceal evidence.,8,1
FIR-02696,burglary,parking_lot,KL,night,none,window_break,household,60+,0,0,0,0,psychological_manipulation|local_knowledge|evidence_concealment|use_of_disguise|insider_help,Victim was manipulated psychologically. suspect demonstrated knowledge of the local area. suspect attempted to conceal evidence. suspect used a disguise to conceal identity. insider assistance may have been involved.,6,0
FIR-02697,vandalism,industrial_area,MH,night,rope,none,public_space,46-60,0,1,0,0,prior_surveillance|use_of_disguise|evidence_concealment|physical_restraint|insider_help,Suspect conducted prior surveillance of the target. suspect used a disguise to conceal identity. suspect attempted to conceal evidence. victim was physically restrained. insider assistance may have been involved.,2,0
FIR-02698,fraud,public_transport,DL,early_morning,none,tunneling,financial_institution,18-25,1,1,0,1,escape_vehicle_used|lone_wolf|night_operation,Suspect escaped using a vehicle. single offender acted alone. crime was executed during nighttime hours.,8,1
FIR-02699,drug_offense,marketplace,HR,midnight,knife,none,infrastructure,18-25,1,0,0,0,use_of_disguise|insider_help|evidence_concealment|prior_surveillance|psychological_manipulation,Suspect used a disguise to conceal identity. insider assistance may have been involved. suspect attempted to conceal evidence. suspect conducted prior surveillance of the target. victim was manipulated psychologically.,4,1
FIR-02700,burglary,commercial_zone,BR,night,blunt_object,lock_picking,commercial_establishment,18-25,0,0,1,0,night_operation|opportunistic,Crime was executed during nighttime hours. crime appears to be opportunistic in nature.,6,1
FIR-02701,drug_offense,educational_institution,MH,midnight,knife,none,public_space,18-25,0,0,0,0,planned_operation|psychological_manipulation,Evidence of pre-planned operation. victim was manipulated psychologically.,5,0
FIR-02702,robbery,public_transport,KA,midnight,rope,none,individual,36-45,1,0,0,0,psychological_manipulation|accomplice_involved|escape_vehicle_used,Victim was manipulated psychologically. at least one accomplice was involved in the act. suspect escaped using a vehicle.,8,0
FIR-02703,drug_offense,industrial_area,AP,morning,knife,none,public_space,60+,1,3,1,0,use_of_technology|physical_restraint|multiple_offenders,Digital tools or devices were used. victim was physically restrained. multiple offenders participated.,5,1
FIR-02704,drug_offense,educational_institution,RJ,early_morning,knife,none,public_space,juvenile,1,0,1,0,planned_operation|lone_wolf|escape_vehicle_used,Evidence of pre-planned operation. single offender acted alone. suspect escaped using a vehicle.,6,0
FIR-02705,cybercrime,rural_area,DL,afternoon,none,cyber_access,public_space,juvenile,1,1,0,1,evidence_concealment|psychological_manipulation|prior_surveillance,Suspect attempted to conceal evidence. victim was manipulated psychologically. suspect conducted prior surveillance of the target.,6,0
FIR-02706,cybercrime,educational_institution,WB,morning,none,cyber_access,financial_institution,18-25,0,1,1,1,opportunistic|lone_wolf,Crime appears to be opportunistic in nature. single offender acted alone.,5,0
FIR-02707,vehicle_theft,highway,TS,midnight,improvised_tool,unlocked_door,vehicle,36-45,0,0,0,0,local_knowledge|physical_restraint|use_of_technology,Suspect demonstrated knowledge of the local area. victim was physically restrained. digital tools or devices were used.,3,1
FIR-02708,vehicle_theft,marketplace,AP,night,improvised_tool,lock_picking,vehicle,juvenile,0,0,1,0,physical_restraint|multiple_offenders,Victim was physically restrained. multiple offenders participated.,5,0
FIR-02709,robbery,educational_institution,GJ,midnight,knife,none,infrastructure,46-60,0,1,1,0,local_knowledge|prior_surveillance|multiple_offenders,Suspect demonstrated knowledge of the local area. suspect conducted prior surveillance of the target. multiple offenders participated.,7,1
FIR-02710,vandalism,commercial_zone,BR,midnight,none,none,digital_asset,60+,1,0,1,0,planned_operation|use_of_disguise|escape_vehicle_used,Evidence of pre-planned operation. suspect used a disguise to conceal identity. suspect escaped using a vehicle.,3,1
FIR-02711,burglary,commercial_zone,UP,night,none,window_break,commercial_establishment,juvenile,1,2,1,0,planned_operation|prior_surveillance|multiple_offenders|psychological_manipulation|use_of_disguise,Evidence of pre-planned operation. suspect conducted prior surveillance of the target. multiple offenders participated. victim was manipulated psychologically. suspect used a disguise to conceal identity.,7,0
FIR-02712,robbery,public_transport,HR,night,knife,none,individual,juvenile,1,1,0,0,repeat_target|night_operation|lone_wolf|physical_restraint,Location or victim was targeted previously. crime was executed during nighttime hours. single offender acted alone. victim was physically restrained.,9,1
FIR-02713,robbery,bank_premises,WB,night,improvised_tool,social_engineering,financial_institution,60+,0,1,0,0,lone_wolf|planned_operation|insider_help|use_of_technology|use_of_disguise,Single offender acted alone. evidence of pre-planned operation. insider assistance may have been involved. digital tools or devices were used. suspect used a disguise to conceal identity.,7,1
FIR-02714,assault,bank_premises,GJ,night,knife,impersonation,individual,36-45,0,1,0,0,prior_surveillance|lone_wolf|planned_operation,Suspect conducted prior surveillance of the target. single offender acted alone. evidence of pre-planned operation.,5,1
FIR-02715,cybercrime,parking_lot,DL,evening,none,cyber_access,digital_asset,46-60,1,0,0,1,prior_surveillance|use_of_technology,Suspect conducted prior surveillance of the target. digital tools or devices were used.,6,1
FIR-02716,cybercrime,parking_lot,TN,night,firearm,lock_picking,public_space,36-45,0,1,0,1,psychological_manipulation|prior_surveillance,Victim was manipulated psychologically. suspect conducted prior surveillance of the target.,5,0
FIR-02717,cybercrime,educational_institution,KA,morning,none,cyber_access,individual,60+,0,1,1,1,multiple_offenders|accomplice_involved,Multiple offenders participated. at least one accomplice was involved in the act.,6,0
FIR-02718,assault,public_transport,TN,evening,firearm,none,digital_asset,18-25,0,1,0,0,evidence_concealment|prior_surveillance|escape_vehicle_used,Suspect attempted to conceal evidence. suspect conducted prior surveillance of the target. suspect escaped using a vehicle.,7,1
FIR-02719,burglary,rural_area,GJ,midnight,blunt_object,social_engineering,household,18-25,0,1,0,0,escape_vehicle_used|accomplice_involved|local_knowledge,Suspect escaped using a vehicle. at least one accomplice was involved in the act. suspect demonstrated knowledge of the local area.,6,1
FIR-02720,robbery,public_transport,TS,midnight,chemical,impersonation,household,18-25,0,0,1,0,night_operation|local_knowledge,Crime was executed during nighttime hours. suspect demonstrated knowledge of the local area.,7,1
FIR-02721,drug_offense,commercial_zone,DL,midnight,none,lock_picking,individual,juvenile,1,0,1,0,repeat_target|night_operation,Location or victim was targeted previously. crime was executed during nighttime hours.,5,1
FIR-02722,vandalism,commercial_zone,KL,night,improvised_tool,none,infrastructure,18-25,1,0,0,0,insider_help|local_knowledge|accomplice_involved|planned_operation|evidence_concealment,Insider assistance may have been involved. suspect demonstrated knowledge of the local area. at least one accomplice was involved in the act. evidence of pre-planned operation. suspect attempted to conceal evidence.,3,0
FIR-02723,murder,marketplace,HR,evening,blunt_object,forced_entry,individual,46-60,0,0,1,0,use_of_disguise|use_of_technology|accomplice_involved|physical_restraint|night_operation,Suspect used a disguise to conceal identity. digital tools or devices were used. at least one accomplice was involved in the act. victim was physically restrained. crime was executed during nighttime hours.,10,0
FIR-02724,murder,marketplace,MH,midnight,knife,tunneling,individual,18-25,0,0,0,0,opportunistic|use_of_technology,Crime appears to be opportunistic in nature. digital tools or devices were used.,9,0
FIR-02725,robbery,educational_institution,KA,evening,chemical,none,individual,26-35,1,0,0,0,physical_restraint|use_of_disguise|local_knowledge|opportunistic|evidence_concealment,Victim was physically restrained. suspect used a disguise to conceal identity. suspect demonstrated knowledge of the local area. crime appears to be opportunistic in nature. suspect attempted to conceal evidence.,8,1
FIR-02726,robbery,commercial_zone,GJ,midnight,firearm,none,financial_institution,46-60,1,1,1,0,planned_operation|psychological_manipulation,Evidence of pre-planned operation. victim was manipulated psychologically.,7,1
FIR-02727,kidnapping,highway,HR,morning,chemical,none,individual,26-35,0,1,0,0,prior_surveillance|lone_wolf|physical_restraint,Suspect conducted prior surveillance of the target. single offender acted alone. victim was physically restrained.,8,0
FIR-02728,drug_offense,residential_area,GJ,midnight,knife,none,public_space,26-35,1,1,0,0,evidence_concealment|local_knowledge|insider_help|use_of_disguise,Suspect attempted to conceal evidence. suspect demonstrated knowledge of the local area. insider assistance may have been involved. suspect used a disguise to conceal identity.,4,1
FIR-02729,kidnapping,educational_institution,WB,evening,chemical,lock_picking,multiple,juvenile,0,0,1,0,planned_operation|accomplice_involved|physical_restraint,Evidence of pre-planned operation. at least one accomplice was involved in the act. victim was physically restrained.,9,1
FIR-02730,kidnapping,bank_premises,TN,night,blunt_object,none,individual,46-60,0,1,0,0,accomplice_involved|local_knowledge|lone_wolf|repeat_target,At least one accomplice was involved in the act. suspect demonstrated knowledge of the local area. single offender acted alone. location or victim was targeted previously.,9,0
FIR-02731,assault,rural_area,RJ,afternoon,none,none,individual,36-45,1,0,0,0,psychological_manipulation|insider_help,Victim was manipulated psychologically. insider assistance may have been involved.,5,0
FIR-02732,assault,rural_area,RJ,night,none,none,individual,46-60,0,1,1,0,multiple_offenders|use_of_disguise|opportunistic,Multiple offenders participated. suspect used a disguise to conceal identity. crime appears to be opportunistic in nature.,6,0
FIR-02733,murder,educational_institution,MH,midnight,blunt_object,none,infrastructure,46-60,0,0,0,0,use_of_disguise|use_of_technology|planned_operation|psychological_manipulation|local_knowledge,Suspect used a disguise to conceal identity. digital tools or devices were used. evidence of pre-planned operation. victim was manipulated psychologically. suspect demonstrated knowledge of the local area.,10,0
FIR-02734,cybercrime,residential_area,KL,morning,none,cyber_access,digital_asset,juvenile,1,0,1,1,prior_surveillance|physical_restraint|evidence_concealment,Suspect conducted prior surveillance of the target. victim was physically restrained. suspect attempted to conceal evidence.,4,1
FIR-02735,kidnapping,residential_area,RJ,afternoon,firearm,roof_access,individual,26-35,1,3,0,0,repeat_target|multiple_offenders,Location or victim was targeted previously. multiple offenders participated.,10,1
FIR-02736,vandalism,residential_area,RJ,midnight,improvised_tool,none,multiple,26-35,1,1,1,0,night_operation|use_of_technology,Crime was executed during nighttime hours. digital tools or devices were used.,4,0
FIR-02737,drug_offense,highway,TS,morning,knife,none,individual,36-45,0,0,1,0,lone_wolf|evidence_concealment,Single offender acted alone. suspect attempted to conceal evidence.,5,0
FIR-02738,vandalism,parking_lot,BR,midnight,improvised_tool,impersonation,infrastructure,36-45,0,1,0,0,use_of_technology|accomplice_involved,Digital tools or devices were used. at least one accomplice was involved in the act.,3,0
FIR-02739,murder,residential_area,RJ,evening,improvised_tool,none,individual,26-35,1,1,1,0,use_of_disguise|use_of_technology|escape_vehicle_used|local_knowledge,Suspect used a disguise to conceal identity. digital tools or devices were used. suspect escaped using a vehicle. suspect demonstrated knowledge of the local area.,10,0
FIR-02740,drug_offense,bank_premises,MH,midnight,none,none,financial_institution,36-45,1,1,0,0,use_of_disguise|repeat_target|evidence_concealment|prior_surveillance,Suspect used a disguise to conceal identity. location or victim was targeted previously. suspect attempted to conceal evidence. suspect conducted prior surveillance of the target.,5,1
FIR-02741,drug_offense,industrial_area,WB,midnight,chemical,none,public_space,26-35,0,1,1,0,escape_vehicle_used|multiple_offenders|insider_help,Suspect escaped using a vehicle. multiple offenders participated. insider assistance may have been involved.,4,0
FIR-02742,assault,highway,MP,evening,knife,none,government_property,60+,1,4,1,0,opportunistic|multiple_offenders|accomplice_involved,Crime appears to be opportunistic in nature. multiple offenders participated. at least one accomplice was involved in the act.,5,0
FIR-02743,cybercrime,parking_lot,AP,evening,none,cyber_access,financial_institution,juvenile,0,1,0,1,local_knowledge|insider_help|planned_operation|accomplice_involved,Suspect demonstrated knowledge of the local area. insider assistance may have been involved. evidence of pre-planned operation. at least one accomplice was involved in the act.,6,0
FIR-02744,robbery,industrial_area,MH,morning,knife,tunneling,financial_institution,juvenile,0,1,1,0,repeat_target|use_of_technology,Location or victim was targeted previously. digital tools or devices were used.,8,1
FIR-02745,burglary,public_transport,BR,night,blunt_object,window_break,commercial_establishment,juvenile,1,0,0,0,opportunistic|insider_help|evidence_concealment|planned_operation|use_of_disguise,Crime appears to be opportunistic in nature. insider assistance may have been involved. suspect attempted to conceal evidence. evidence of pre-planned operation. suspect used a disguise to conceal identity.,5,0
FIR-02746,robbery,residential_area,KL,evening,knife,none,financial_institution,juvenile,1,0,0,0,local_knowledge|escape_vehicle_used|lone_wolf|prior_surveillance|psychological_manipulation,Suspect demonstrated knowledge of the local area. suspect escaped using a vehicle. single offender acted alone. suspect conducted prior surveillance of the target. victim was manipulated psychologically.,7,1
FIR-02747,cybercrime,rural_area,WB,evening,none,cyber_access,public_space,36-45,0,2,0,1,local_knowledge|planned_operation|multiple_offenders|use_of_technology,Suspect demonstrated knowledge of the local area. evidence of pre-planned operation. multiple offenders participated. digital tools or devices were used.,4,1
FIR-02748,cybercrime,educational_institution,HR,morning,improvised_tool,cyber_access,individual,36-45,1,0,0,1,lone_wolf|use_of_technology|opportunistic|planned_operation,Single offender acted alone. digital tools or devices were used. crime appears to be opportunistic in nature. evidence of pre-planned operation.,5,0
FIR-02749,cybercrime,bank_premises,DL,evening,none,cyber_access,multiple,26-35,1,1,0,1,opportunistic|psychological_manipulation|use_of_technology,Crime appears to be opportunistic in nature. victim was manipulated psychologically. digital tools or devices were used.,4,1
FIR-02750,robbery,bank_premises,TS,midnight,blunt_object,none,financial_institution,36-45,0,0,0,0,lone_wolf|planned_operation|local_knowledge|night_operation,Single offender acted alone. evidence of pre-planned operation. suspect demonstrated knowledge of the local area. crime was executed during nighttime hours.,9,0
FIR-02751,vehicle_theft,bank_premises,HR,early_morning,improvised_tool,lock_picking,digital_asset,46-60,0,0,1,0,lone_wolf|psychological_manipulation|escape_vehicle_used|local_knowledge|repeat_target,Single offender acted alone. victim was manipulated psychologically. suspect escaped using a vehicle. suspect demonstrated knowledge of the local area. location or victim was targeted previously.,3,0
FIR-02752,burglary,public_transport,HR,midnight,none,lock_picking,digital_asset,26-35,1,2,0,0,local_knowledge|multiple_offenders,Suspect demonstrated knowledge of the local area. multiple offenders participated.,5,1
FIR-02753,robbery,parking_lot,MP,midnight,blunt_object,none,financial_institution,juvenile,0,0,0,0,multiple_offenders|opportunistic|local_knowledge|accomplice_involved|psychological_manipulation,Multiple offenders participated. crime appears to be opportunistic in nature. suspect demonstrated knowledge of the local area. at least one accomplice was involved in the act. victim was manipulated psychologically.,8,1
FIR-02754,murder,rural_area,PB,evening,firearm,none,individual,60+,1,1,0,0,physical_restraint|accomplice_involved|escape_vehicle_used|use_of_disguise|repeat_target,Victim was physically restrained. at least one accomplice was involved in the act. suspect escaped using a vehicle. suspect used a disguise to conceal identity. location or victim was targeted previously.,10,0
FIR-02755,vandalism,industrial_area,PB,midnight,firearm,none,government_property,juvenile,1,0,0,0,night_operation|accomplice_involved|evidence_concealment|psychological_manipulation|lone_wolf,Crime was executed during nighttime hours. at least one accomplice was involved in the act. suspect attempted to conceal evidence. victim was manipulated psychologically. single offender acted alone.,2,1
FIR-02756,cybercrime,rural_area,TS,morning,none,cyber_access,vehicle,36-45,0,0,0,1,planned_operation|use_of_disguise|use_of_technology|lone_wolf,Evidence of pre-planned operation. suspect used a disguise to conceal identity. digital tools or devices were used. single offender acted alone.,6,1
FIR-02757,assault,parking_lot,TN,midnight,none,unlocked_door,individual,46-60,1,0,0,0,use_of_technology|planned_operation,Digital tools or devices were used. evidence of pre-planned operation.,6,1
FIR-02758,vandalism,commercial_zone,TN,evening,improvised_tool,unlocked_door,public_space,60+,0,1,1,0,use_of_technology|lone_wolf|repeat_target,Digital tools or devices were used. single offender acted alone. location or victim was targeted previously.,4,1
FIR-02759,vandalism,bank_premises,MH,night,blunt_object,none,public_space,18-25,0,4,1,0,multiple_offenders|repeat_target|planned_operation,Multiple offenders participated. location or victim was targeted previously. evidence of pre-planned operation.,3,0
FIR-02760,assault,industrial_area,BR,afternoon,none,impersonation,individual,60+,1,0,0,0,lone_wolf|repeat_target|physical_restraint,Single offender acted alone. location or victim was targeted previously. victim was physically restrained.,7,1
FIR-02761,robbery,rural_area,TN,night,knife,none,infrastructure,juvenile,1,1,0,0,accomplice_involved|opportunistic|repeat_target|evidence_concealment,At least one accomplice was involved in the act. crime appears to be opportunistic in nature. location or victim was targeted previously. suspect attempted to conceal evidence.,9,0
FIR-02762,vehicle_theft,residential_area,UP,night,improvised_tool,cyber_access,vehicle,18-25,1,0,0,0,prior_surveillance|insider_help|night_operation|repeat_target|lone_wolf,Suspect conducted prior surveillance of the target. insider assistance may have been involved. crime was executed during nighttime hours. location or victim was targeted previously. single offender acted alone.,4,1
FIR-02763,kidnapping,public_transport,TN,afternoon,chemical,window_break,individual,18-25,0,0,0,0,use_of_technology|night_operation|insider_help|escape_vehicle_used,Digital tools or devices were used. crime was executed during nighttime hours. insider assistance may have been involved. suspect escaped using a vehicle.,9,0
FIR-02764,fraud,parking_lot,MP,morning,chemical,impersonation,multiple,36-45,1,0,1,1,planned_operation|accomplice_involved|use_of_disguise|psychological_manipulation,Evidence of pre-planned operation. at least one accomplice was involved in the act. suspect used a disguise to conceal identity. victim was manipulated psychologically.,6,0
FIR-02765,fraud,marketplace,DL,night,blunt_object,social_engineering,individual,46-60,1,0,1,1,psychological_manipulation|insider_help|prior_surveillance,Victim was manipulated psychologically. insider assistance may have been involved. suspect conducted prior surveillance of the target.,7,0
FIR-02766,murder,educational_institution,PB,midnight,chemical,none,individual,60+,0,1,1,0,lone_wolf|accomplice_involved|evidence_concealment|night_operation,Single offender acted alone. at least one accomplice was involved in the act. suspect attempted to conceal evidence. crime was executed during nighttime hours.,10,0
FIR-02767,vehicle_theft,public_transport,KA,night,improvised_tool,lock_picking,vehicle,46-60,0,0,0,0,escape_vehicle_used|use_of_technology|night_operation|evidence_concealment,Suspect escaped using a vehicle. digital tools or devices were used. crime was executed during nighttime hours. suspect attempted to conceal evidence.,3,1
FIR-02768,fraud,marketplace,MH,afternoon,none,impersonation,financial_institution,26-35,0,0,0,1,use_of_disguise|physical_restraint|evidence_concealment|planned_operation|repeat_target,Suspect used a disguise to conceal identity. victim was physically restrained. suspect attempted to conceal evidence. evidence of pre-planned operation. location or victim was targeted previously.,8,1
FIR-02769,vehicle_theft,highway,BR,midnight,none,unlocked_door,vehicle,36-45,0,0,0,0,evidence_concealment|prior_surveillance|planned_operation|psychological_manipulation,Suspect attempted to conceal evidence. suspect conducted prior surveillance of the target. evidence of pre-planned operation. victim was manipulated psychologically.,4,0
FIR-02770,vandalism,rural_area,UP,midnight,chemical,none,financial_institution,36-45,1,3,0,0,prior_surveillance|use_of_disguise|accomplice_involved|multiple_offenders,Suspect conducted prior surveillance of the target. suspect used a disguise to conceal identity. at least one accomplice was involved in the act. multiple offenders participated.,4,0
FIR-02771,burglary,industrial_area,MP,early_morning,none,forced_entry,household,juvenile,0,1,1,0,local_knowledge|evidence_concealment|prior_surveillance|use_of_technology,Suspect demonstrated knowledge of the local area. suspect attempted to conceal evidence. suspect conducted prior surveillance of the target. digital tools or devices were used.,5,0
FIR-02772,kidnapping,educational_institution,PB,afternoon,chemical,none,individual,36-45,1,0,1,0,night_operation|lone_wolf,Crime was executed during nighttime hours. single offender acted alone.,10,0
FIR-02773,kidnapping,marketplace,DL,evening,knife,social_engineering,commercial_establishment,18-25,1,0,1,0,escape_vehicle_used|prior_surveillance|use_of_disguise,Suspect escaped using a vehicle. suspect conducted prior surveillance of the target. suspect used a disguise to conceal identity.,9,0
FIR-02774,vehicle_theft,commercial_zone,RJ,midnight,vehicle,forced_entry,vehicle,60+,0,1,1,0,psychological_manipulation|planned_operation|repeat_target|lone_wolf,Victim was manipulated psychologically. evidence of pre-planned operation. location or victim was targeted previously. single offender acted alone.,4,1
FIR-02775,cybercrime,commercial_zone,HR,morning,none,cyber_access,individual,18-25,0,0,1,1,use_of_technology|night_operation|insider_help|evidence_concealment|repeat_target,Digital tools or devices were used. crime was executed during nighttime hours. insider assistance may have been involved. suspect attempted to conceal evidence. location or victim was targeted previously.,4,0
FIR-02776,vehicle_theft,industrial_area,KL,night,none,lock_picking,vehicle,60+,1,1,0,0,insider_help|repeat_target|opportunistic,Insider assistance may have been involved. location or victim was targeted previously. crime appears to be opportunistic in nature.,4,1
FIR-02777,murder,residential_area,BR,midnight,rope,forced_entry,individual,juvenile,1,1,1,0,night_operation|use_of_technology,Crime was executed during nighttime hours. digital tools or devices were used.,9,0
FIR-02778,vandalism,educational_institution,UP,night,none,none,government_property,juvenile,1,4,0,0,insider_help|accomplice_involved|opportunistic|escape_vehicle_used|multiple_offenders,Insider assistance may have been involved. at least one accomplice was involved in the act. crime appears to be opportunistic in nature. suspect escaped using a vehicle. multiple offenders participated.,4,1
FIR-02779,burglary,commercial_zone,BR,midnight,none,lock_picking,financial_institution,46-60,0,1,1,0,planned_operation|insider_help|prior_surveillance,Evidence of pre-planned operation. insider assistance may have been involved. suspect conducted prior surveillance of the target.,7,0
FIR-02780,cybercrime,educational_institution,MP,evening,none,cyber_access,financial_institution,juvenile,0,1,0,1,insider_help|use_of_disguise|planned_operation,Insider assistance may have been involved. suspect used a disguise to conceal identity. evidence of pre-planned operation.,5,0
FIR-02781,robbery,public_transport,MH,midnight,knife,social_engineering,financial_institution,36-45,1,0,1,0,use_of_disguise|evidence_concealment|insider_help|physical_restraint|night_operation,Suspect used a disguise to conceal identity. suspect attempted to conceal evidence. insider assistance may have been involved. victim was physically restrained. crime was executed during nighttime hours.,7,1
FIR-02782,assault,highway,MH,night,none,none,individual,60+,1,0,0,0,local_knowledge|prior_surveillance|physical_restraint|opportunistic|planned_operation,Suspect demonstrated knowledge of the local area. suspect conducted prior surveillance of the target. victim was physically restrained. crime appears to be opportunistic in nature. evidence of pre-planned operation.,5,1
FIR-02783,drug_offense,bank_premises,MH,night,knife,cyber_access,public_space,18-25,0,0,1,0,insider_help|night_operation|escape_vehicle_used|planned_operation,Insider assistance may have been involved. crime was executed during nighttime hours. suspect escaped using a vehicle. evidence of pre-planned operation.,5,1
FIR-02784,vandalism,educational_institution,TS,midnight,improvised_tool,none,government_property,26-35,1,0,1,0,use_of_technology|psychological_manipulation|lone_wolf|use_of_disguise|local_knowledge,Digital tools or devices were used. victim was manipulated psychologically. single offender acted alone. suspect used a disguise to conceal identity. suspect demonstrated knowledge of the local area.,4,1
FIR-02785,fraud,bank_premises,GJ,morning,vehicle,social_engineering,financial_institution,36-45,1,0,1,1,use_of_technology|escape_vehicle_used|repeat_target,Digital tools or devices were used. suspect escaped using a vehicle. location or victim was targeted previously.,8,0
FIR-02786,vehicle_theft,marketplace,UP,early_morning,none,none,commercial_establishment,60+,0,0,0,0,planned_operation|repeat_target|prior_surveillance|insider_help|physical_restraint,Evidence of pre-planned operation. location or victim was targeted previously. suspect conducted prior surveillance of the target. insider assistance may have been involved. victim was physically restrained.,5,0
FIR-02787,drug_offense,commercial_zone,TN,early_morning,knife,none,individual,juvenile,1,0,1,0,accomplice_involved|lone_wolf|insider_help,At least one accomplice was involved in the act. single offender acted alone. insider assistance may have been involved.,5,0
FIR-02788,cybercrime,residential_area,BR,afternoon,none,cyber_access,digital_asset,juvenile,0,1,0,1,insider_help|prior_surveillance|multiple_offenders,Insider assistance may have been involved. suspect conducted prior surveillance of the target. multiple offenders participated.,6,0
FIR-02789,cybercrime,industrial_area,GJ,night,none,cyber_access,multiple,juvenile,0,1,1,1,repeat_target|insider_help,Location or victim was targeted previously. insider assistance may have been involved.,4,0
FIR-02790,vehicle_theft,highway,AP,early_morning,none,unlocked_door,vehicle,46-60,0,1,1,0,planned_operation|night_operation|evidence_concealment|opportunistic,Evidence of pre-planned operation. crime was executed during nighttime hours. suspect attempted to conceal evidence. crime appears to be opportunistic in nature.,4,0
FIR-02791,burglary,parking_lot,KL,midnight,blunt_object,lock_picking,household,18-25,0,1,1,0,insider_help|night_operation,Insider assistance may have been involved. crime was executed during nighttime hours.,5,0
FIR-02792,kidnapping,highway,AP,afternoon,firearm,social_engineering,individual,60+,0,1,1,0,opportunistic|escape_vehicle_used|lone_wolf|insider_help|local_knowledge,Crime appears to be opportunistic in nature. suspect escaped using a vehicle. single offender acted alone. insider assistance may have been involved. suspect demonstrated knowledge of the local area.,10,0
FIR-02793,fraud,parking_lot,WB,afternoon,none,impersonation,commercial_establishment,36-45,1,1,0,1,prior_surveillance|evidence_concealment|insider_help,Suspect conducted prior surveillance of the target. suspect attempted to conceal evidence. insider assistance may have been involved.,8,1
FIR-02794,vehicle_theft,marketplace,KL,night,none,none,vehicle,26-35,1,3,0,0,multiple_offenders|insider_help|use_of_technology,Multiple offenders participated. insider assistance may have been involved. digital tools or devices were used.,4,1
FIR-02795,murder,industrial_area,WB,evening,firearm,tunneling,individual,juvenile,0,1,1,0,repeat_target|accomplice_involved|night_operation,Location or victim was targeted previously. at least one accomplice was involved in the act. crime was executed during nighttime hours.,10,0
FIR-02796,drug_offense,rural_area,RJ,early_morning,blunt_object,none,public_space,36-45,0,0,1,0,accomplice_involved|use_of_technology|lone_wolf,At least one accomplice was involved in the act. digital tools or devices were used. single offender acted alone.,5,1
FIR-02797,vandalism,commercial_zone,KL,midnight,blunt_object,none,commercial_establishment,26-35,1,1,0,0,physical_restraint|evidence_concealment|accomplice_involved|lone_wolf,Victim was physically restrained. suspect attempted to conceal evidence. at least one accomplice was involved in the act. single offender acted alone.,3,0
FIR-02798,drug_offense,educational_institution,MP,afternoon,none,none,commercial_establishment,46-60,0,0,1,0,insider_help|repeat_target|night_operation|planned_operation|opportunistic,Insider assistance may have been involved. location or victim was targeted previously. crime was executed during nighttime hours. evidence of pre-planned operation. crime appears to be opportunistic in nature.,6,0
FIR-02799,robbery,industrial_area,TS,night,blunt_object,social_engineering,financial_institution,46-60,0,1,1,0,insider_help|use_of_disguise,Insider assistance may have been involved. suspect used a disguise to conceal identity.,8,0
FIR-02800,murder,educational_institution,KL,evening,knife,lock_picking,individual,26-35,0,0,0,0,accomplice_involved|insider_help|local_knowledge,At least one accomplice was involved in the act. insider assistance may have been involved. suspect demonstrated knowledge of the local area.,10,1
FIR-02801,assault,educational_institution,DL,evening,blunt_object,roof_access,individual,36-45,0,1,0,0,evidence_concealment|night_operation,Suspect attempted to conceal evidence. crime was executed during nighttime hours.,6,1
FIR-02802,cybercrime,rural_area,AP,afternoon,none,cyber_access,financial_institution,26-35,1,0,1,1,use_of_disguise|opportunistic|psychological_manipulation|planned_operation,Suspect used a disguise to conceal identity. crime appears to be opportunistic in nature. victim was manipulated psychologically. evidence of pre-planned operation.,4,1
FIR-02803,vehicle_theft,educational_institution,GJ,midnight,none,unlocked_door,vehicle,18-25,1,1,1,0,prior_surveillance|accomplice_involved|physical_restraint|lone_wolf,Suspect conducted prior surveillance of the target. at least one accomplice was involved in the act. victim was physically restrained. single offender acted alone.,3,1
FIR-02804,murder,public_transport,DL,midnight,improvised_tool,forced_entry,individual,26-35,1,2,0,0,repeat_target|evidence_concealment|multiple_offenders|lone_wolf,Location or victim was targeted previously. suspect attempted to conceal evidence. multiple offenders participated. single offender acted alone.,10,0
FIR-02805,fraud,bank_premises,MH,morning,none,impersonation,household,26-35,0,1,1,1,planned_operation|physical_restraint|use_of_disguise|lone_wolf|escape_vehicle_used,Evidence of pre-planned operation. victim was physically restrained. suspect used a disguise to conceal identity. single offender acted alone. suspect escaped using a vehicle.,8,1
FIR-02806,robbery,industrial_area,HR,morning,knife,social_engineering,individual,36-45,0,0,0,0,insider_help|use_of_technology|repeat_target|local_knowledge,Insider assistance may have been involved. digital tools or devices were used. location or victim was targeted previously. suspect demonstrated knowledge of the local area.,7,1
FIR-02807,burglary,industrial_area,AP,night,none,none,commercial_establishment,26-35,0,0,0,0,multiple_offenders|opportunistic|insider_help,Multiple offenders participated. crime appears to be opportunistic in nature. insider assistance may have been involved.,5,0
FIR-02808,cybercrime,bank_premises,MP,midnight,none,cyber_access,digital_asset,juvenile,1,0,1,1,use_of_technology|opportunistic|accomplice_involved,Digital tools or devices were used. crime appears to be opportunistic in nature. at least one accomplice was involved in the act.,6,1
FIR-02809,murder,marketplace,AP,evening,blunt_object,impersonation,household,18-25,0,0,0,0,insider_help|night_operation|escape_vehicle_used,Insider assistance may have been involved. crime was executed during nighttime hours. suspect escaped using a vehicle.,9,0
FIR-02810,fraud,rural_area,PB,afternoon,none,impersonation,government_property,60+,0,1,0,1,prior_surveillance|physical_restraint|repeat_target|accomplice_involved,Suspect conducted prior surveillance of the target. victim was physically restrained. location or victim was targeted previously. at least one accomplice was involved in the act.,7,1
FIR-02811,kidnapping,highway,UP,evening,chemical,none,individual,46-60,0,1,0,0,local_knowledge|night_operation,Suspect demonstrated knowledge of the local area. crime was executed during nighttime hours.,10,0
FIR-02812,vehicle_theft,public_transport,UP,early_morning,blunt_object,unlocked_door,commercial_establishment,18-25,1,0,0,0,planned_operation|insider_help|multiple_offenders|use_of_technology|escape_vehicle_used,Evidence of pre-planned operation. insider assistance may have been involved. multiple offenders participated. digital tools or devices were used. suspect escaped using a vehicle.,5,1
FIR-02813,fraud,educational_institution,GJ,afternoon,improvised_tool,social_engineering,infrastructure,36-45,0,1,0,1,use_of_technology|insider_help|repeat_target|escape_vehicle_used,Digital tools or devices were used. insider assistance may have been involved. location or victim was targeted previously. suspect escaped using a vehicle.,7,1
FIR-02814,cybercrime,industrial_area,TN,morning,none,cyber_access,financial_institution,26-35,1,0,1,1,repeat_target|evidence_concealment|lone_wolf,Location or victim was targeted previously. suspect attempted to conceal evidence. single offender acted alone.,6,0
FIR-02815,fraud,educational_institution,UP,afternoon,none,social_engineering,commercial_establishment,36-45,0,1,0,1,psychological_manipulation|evidence_concealment,Victim was manipulated psychologically. suspect attempted to conceal evidence.,7,0
FIR-02816,fraud,marketplace,DL,early_morning,blunt_object,impersonation,individual,36-45,1,1,0,1,evidence_concealment|use_of_disguise|repeat_target|use_of_technology,Suspect attempted to conceal evidence. suspect used a disguise to conceal identity. location or victim was targeted previously. digital tools or devices were used.,6,1
FIR-02817,fraud,residential_area,UP,morning,none,impersonation,infrastructure,46-60,1,4,0,1,prior_surveillance|physical_restraint|use_of_technology|multiple_offenders|use_of_disguise,Suspect conducted prior surveillance of the target. victim was physically restrained. digital tools or devices were used. multiple offenders participated. suspect used a disguise to conceal identity.,6,1
FIR-02818,fraud,educational_institution,AP,morning,none,impersonation,financial_institution,36-45,1,0,0,1,opportunistic|insider_help,Crime appears to be opportunistic in nature. insider assistance may have been involved.,8,0
FIR-02819,assault,rural_area,AP,evening,none,none,individual,36-45,0,1,0,0,psychological_manipulation|local_knowledge|physical_restraint,Victim was manipulated psychologically. suspect demonstrated knowledge of the local area. victim was physically restrained.,7,0
FIR-02820,assault,marketplace,MH,evening,none,none,individual,60+,1,1,0,0,night_operation|insider_help|accomplice_involved|local_knowledge|opportunistic,Crime was executed during nighttime hours. insider assistance may have been involved. at least one accomplice was involved in the act. suspect demonstrated knowledge of the local area. crime appears to be opportunistic in nature.,6,1
FIR-02821,cybercrime,bank_premises,DL,evening,blunt_object,cyber_access,individual,26-35,0,1,1,1,opportunistic|use_of_disguise,Crime appears to be opportunistic in nature. suspect used a disguise to conceal identity.,6,0
FIR-02822,burglary,commercial_zone,AP,midnight,none,window_break,commercial_establishment,26-35,0,3,0,0,local_knowledge|repeat_target|multiple_offenders,Suspect demonstrated knowledge of the local area. location or victim was targeted previously. multiple offenders participated.,7,0
FIR-02823,murder,bank_premises,MP,midnight,blunt_object,none,individual,26-35,0,1,1,0,insider_help|escape_vehicle_used|use_of_disguise|physical_restraint,Insider assistance may have been involved. suspect escaped using a vehicle. suspect used a disguise to conceal identity. victim was physically restrained.,10,0
FIR-02824,murder,parking_lot,HR,midnight,none,social_engineering,individual,46-60,0,1,0,0,use_of_disguise|local_knowledge|physical_restraint|repeat_target|insider_help,Suspect used a disguise to conceal identity. suspect demonstrated knowledge of the local area. victim was physically restrained. location or victim was targeted previously. insider assistance may have been involved.,10,0
FIR-02825,burglary,public_transport,PB,night,knife,forced_entry,household,36-45,1,0,1,0,repeat_target|accomplice_involved|psychological_manipulation|insider_help,Location or victim was targeted previously. at least one accomplice was involved in the act. victim was manipulated psychologically. insider assistance may have been involved.,6,1
FIR-02826,robbery,educational_institution,TN,evening,firearm,unlocked_door,individual,60+,0,0,0,0,local_knowledge|accomplice_involved,Suspect demonstrated knowledge of the local area. at least one accomplice was involved in the act.,8,1
FIR-02827,robbery,parking_lot,KL,midnight,blunt_object,social_engineering,household,18-25,0,1,1,0,psychological_manipulation|accomplice_involved|insider_help|night_operation,Victim was manipulated psychologically. at least one accomplice was involved in the act. insider assistance may have been involved. crime was executed during nighttime hours.,9,1
FIR-02828,cybercrime,residential_area,DL,afternoon,chemical,cyber_access,individual,60+,0,1,0,1,night_operation|multiple_offenders,Crime was executed during nighttime hours. multiple offenders participated.,5,1
FIR-02829,assault,rural_area,TS,night,knife,none,multiple,juvenile,0,1,0,0,evidence_concealment|use_of_technology,Suspect attempted to conceal evidence. digital tools or devices were used.,6,0
FIR-02830,murder,public_transport,GJ,midnight,blunt_object,none,individual,26-35,0,0,0,0,planned_operation|prior_surveillance|repeat_target|physical_restraint,Evidence of pre-planned operation. suspect conducted prior surveillance of the target. location or victim was targeted previously. victim was physically restrained.,10,0
FIR-02831,burglary,public_transport,DL,evening,none,lock_picking,household,18-25,1,0,0,0,local_knowledge|evidence_concealment|planned_operation,Suspect demonstrated knowledge of the local area. suspect attempted to conceal evidence. evidence of pre-planned operation.,7,1
FIR-02832,murder,residential_area,WB,midnight,firearm,none,individual,36-45,1,0,1,0,lone_wolf|physical_restraint,Single offender acted alone. victim was physically restrained.,9,0
FIR-02833,vandalism,rural_area,GJ,night,improvised_tool,none,public_space,60+,0,1,1,0,planned_operation|accomplice_involved|use_of_technology,Evidence of pre-planned operation. at least one accomplice was involved in the act. digital tools or devices were used.,4,1
FIR-02834,fraud,bank_premises,MP,morning,firearm,impersonation,digital_asset,46-60,0,1,0,1,evidence_concealment|psychological_manipulation,Suspect attempted to conceal evidence. victim was manipulated psychologically.,8,0
FIR-02835,assault,marketplace,RJ,afternoon,none,none,household,60+,1,0,0,0,psychological_manipulation|opportunistic|use_of_technology,Victim was manipulated psychologically. crime appears to be opportunistic in nature. digital tools or devices were used.,5,1
FIR-02836,murder,educational_institution,KA,night,firearm,lock_picking,government_property,18-25,1,1,1,0,prior_surveillance|evidence_concealment|repeat_target|psychological_manipulation|use_of_disguise,Suspect conducted prior surveillance of the target. suspect attempted to conceal evidence. location or victim was targeted previously. victim was manipulated psychologically. suspect used a disguise to conceal identity.,10,0
FIR-02837,fraud,parking_lot,HR,morning,none,impersonation,commercial_establishment,60+,1,2,0,1,use_of_disguise|repeat_target|physical_restraint|multiple_offenders|prior_surveillance,Suspect used a disguise to conceal identity. location or victim was targeted previously. victim was physically restrained. multiple offenders participated. suspect conducted prior surveillance of the target.,6,0
FIR-02838,vandalism,rural_area,PB,afternoon,chemical,none,commercial_establishment,18-25,1,1,0,0,insider_help|use_of_technology|multiple_offenders|physical_restraint,Insider assistance may have been involved. digital tools or devices were used. multiple offenders participated. victim was physically restrained.,4,1
FIR-02839,murder,industrial_area,PB,evening,knife,cyber_access,government_property,juvenile,1,0,0,0,evidence_concealment|physical_restraint|lone_wolf|insider_help,Suspect attempted to conceal evidence. victim was physically restrained. single offender acted alone. insider assistance may have been involved.,10,1
FIR-02840,assault,parking_lot,KL,evening,knife,cyber_access,individual,36-45,0,1,0,0,repeat_target|use_of_disguise,Location or victim was targeted previously. suspect used a disguise to conceal identity.,6,0
FIR-02841,vehicle_theft,marketplace,PB,night,improvised_tool,unlocked_door,vehicle,18-25,1,0,0,0,use_of_disguise|multiple_offenders|night_operation|evidence_concealment,Suspect used a disguise to conceal identity. multiple offenders participated. crime was executed during nighttime hours. suspect attempted to conceal evidence.,4,1
FIR-02842,fraud,industrial_area,TN,afternoon,knife,cyber_access,financial_institution,18-25,0,0,0,1,accomplice_involved|prior_surveillance|use_of_disguise,At least one accomplice was involved in the act. suspect conducted prior surveillance of the target. suspect used a disguise to conceal identity.,8,1
FIR-02843,cybercrime,rural_area,TN,midnight,none,cyber_access,individual,18-25,1,0,1,1,psychological_manipulation|planned_operation,Victim was manipulated psychologically. evidence of pre-planned operation.,6,1
FIR-02844,kidnapping,bank_premises,TN,evening,chemical,social_engineering,individual,18-25,1,1,1,0,night_operation|opportunistic|use_of_disguise,Crime was executed during nighttime hours. crime appears to be opportunistic in nature. suspect used a disguise to conceal identity.,10,0
FIR-02845,fraud,industrial_area,DL,evening,none,impersonation,financial_institution,18-25,1,0,1,1,lone_wolf|prior_surveillance,Single offender acted alone. suspect conducted prior surveillance of the target.,6,1
FIR-02846,fraud,public_transport,MH,morning,none,tunneling,individual,26-35,0,1,1,1,evidence_concealment|physical_restraint,Suspect attempted to conceal evidence. victim was physically restrained.,8,0
FIR-02847,fraud,highway,PB,afternoon,rope,impersonation,individual,36-45,1,1,1,1,night_operation|escape_vehicle_used|use_of_disguise|prior_surveillance|evidence_concealment,Crime was executed during nighttime hours. suspect escaped using a vehicle. suspect used a disguise to conceal identity. suspect conducted prior surveillance of the target. suspect attempted to conceal evidence.,7,1
FIR-02848,robbery,public_transport,MH,midnight,none,social_engineering,commercial_establishment,juvenile,0,0,1,0,physical_restraint|use_of_disguise|lone_wolf,Victim was physically restrained. suspect used a disguise to conceal identity. single offender acted alone.,8,1
FIR-02849,kidnapping,parking_lot,WB,morning,vehicle,none,multiple,46-60,0,0,1,0,use_of_disguise|accomplice_involved|lone_wolf,Suspect used a disguise to conceal identity. at least one accomplice was involved in the act. single offender acted alone.,10,0
FIR-02850,burglary,highway,KA,night,none,roof_access,commercial_establishment,60+,1,0,0,0,use_of_disguise|insider_help,Suspect used a disguise to conceal identity. insider assistance may have been involved.,7,0
FIR-02851,burglary,industrial_area,BR,night,rope,window_break,commercial_establishment,60+,1,1,0,0,local_knowledge|lone_wolf|planned_operation|use_of_technology,Suspect demonstrated knowledge of the local area. single offender acted alone. evidence of pre-planned operation. digital tools or devices were used.,7,0
FIR-02852,burglary,parking_lot,KL,midnight,none,window_break,household,18-25,0,0,1,0,psychological_manipulation|local_knowledge|night_operation,Victim was manipulated psychologically. suspect demonstrated knowledge of the local area. crime was executed during nighttime hours.,6,1
FIR-02853,kidnapping,parking_lot,AP,evening,knife,tunneling,individual,26-35,0,0,1,0,use_of_technology|planned_operation,Digital tools or devices were used. evidence of pre-planned operation.,8,1
FIR-02854,fraud,educational_institution,HR,afternoon,rope,social_engineering,financial_institution,60+,0,1,1,1,opportunistic|use_of_disguise,Crime appears to be opportunistic in nature. suspect used a disguise to conceal identity.,8,1
FIR-02855,vandalism,highway,HR,afternoon,chemical,none,commercial_establishment,46-60,0,1,1,0,physical_restraint|opportunistic|accomplice_involved|escape_vehicle_used,Victim was physically restrained. crime appears to be opportunistic in nature. at least one accomplice was involved in the act. suspect escaped using a vehicle.,2,1
FIR-02856,assault,public_transport,DL,afternoon,blunt_object,none,individual,46-60,1,0,0,0,lone_wolf|planned_operation|local_knowledge,Single offender acted alone. evidence of pre-planned operation. suspect demonstrated knowledge of the local area.,6,1
FIR-02857,vehicle_theft,commercial_zone,WB,afternoon,blunt_object,unlocked_door,multiple,18-25,1,1,0,0,multiple_offenders|local_knowledge,Multiple offenders participated. suspect demonstrated knowledge of the local area.,5,1
FIR-02858,vandalism,highway,RJ,evening,none,none,government_property,46-60,1,4,0,0,psychological_manipulation|night_operation|physical_restraint|accomplice_involved|multiple_offenders,Victim was manipulated psychologically. crime was executed during nighttime hours. victim was physically restrained. at least one accomplice was involved in the act. multiple offenders participated.,4,1
FIR-02859,drug_offense,rural_area,WB,night,none,roof_access,financial_institution,juvenile,1,0,1,0,psychological_manipulation|opportunistic|prior_surveillance|lone_wolf,Victim was manipulated psychologically. crime appears to be opportunistic in nature. suspect conducted prior surveillance of the target. single offender acted alone.,6,1
FIR-02860,robbery,industrial_area,WB,midnight,vehicle,social_engineering,financial_institution,juvenile,0,0,1,0,opportunistic|psychological_manipulation|insider_help|escape_vehicle_used|use_of_disguise,Crime appears to be opportunistic in nature. victim was manipulated psychologically. insider assistance may have been involved. suspect escaped using a vehicle. suspect used a disguise to conceal identity.,9,1
FIR-02861,cybercrime,rural_area,TS,evening,none,tunneling,financial_institution,18-25,1,1,1,1,use_of_technology|planned_operation|escape_vehicle_used|night_operation,Digital tools or devices were used. evidence of pre-planned operation. suspect escaped using a vehicle. crime was executed during nighttime hours.,5,1
FIR-02862,cybercrime,commercial_zone,MH,morning,none,cyber_access,digital_asset,18-25,0,0,0,1,accomplice_involved|use_of_technology|physical_restraint,At least one accomplice was involved in the act. digital tools or devices were used. victim was physically restrained.,6,0
FIR-02863,vandalism,commercial_zone,RJ,midnight,blunt_object,social_engineering,government_property,36-45,1,4,0,0,accomplice_involved|multiple_offenders|local_knowledge|psychological_manipulation|planned_operation,At least one accomplice was involved in the act. multiple offenders participated. suspect demonstrated knowledge of the local area. victim was manipulated psychologically. evidence of pre-planned operation.,2,0
FIR-02864,drug_offense,marketplace,GJ,early_morning,none,none,public_space,18-25,0,4,0,0,multiple_offenders|use_of_disguise|opportunistic|psychological_manipulation,Multiple offenders participated. suspect used a disguise to conceal identity. crime appears to be opportunistic in nature. victim was manipulated psychologically.,5,0
FIR-02865,robbery,public_transport,KL,night,knife,none,financial_institution,36-45,1,1,1,0,insider_help|evidence_concealment|prior_surveillance|planned_operation|lone_wolf,Insider assistance may have been involved. suspect attempted to conceal evidence. suspect conducted prior surveillance of the target. evidence of pre-planned operation. single offender acted alone.,8,1
FIR-02866,burglary,rural_area,WB,night,none,forced_entry,commercial_establishment,60+,1,1,1,0,escape_vehicle_used|opportunistic|night_operation|use_of_disguise,Suspect escaped using a vehicle. crime appears to be opportunistic in nature. crime was executed during nighttime hours. suspect used a disguise to conceal identity.,7,1
FIR-02867,fraud,public_transport,RJ,afternoon,none,roof_access,financial_institution,60+,1,0,0,1,repeat_target|use_of_technology|lone_wolf,Location or victim was targeted previously. digital tools or devices were used. single offender acted alone.,8,1
FIR-02868,drug_offense,commercial_zone,RJ,early_morning,none,impersonation,individual,juvenile,0,0,0,0,opportunistic|use_of_technology|evidence_concealment|repeat_target,Crime appears to be opportunistic in nature. digital tools or devices were used. suspect attempted to conceal evidence. location or victim was targeted previously.,6,0
FIR-02869,fraud,highway,TS,morning,none,impersonation,household,18-25,1,1,0,1,opportunistic|insider_help|repeat_target|escape_vehicle_used|use_of_disguise,Crime appears to be opportunistic in nature. insider assistance may have been involved. location or victim was targeted previously. suspect escaped using a vehicle. suspect used a disguise to conceal identity.,6,0
FIR-02870,assault,parking_lot,WB,night,improvised_tool,forced_entry,individual,36-45,0,0,1,0,accomplice_involved|lone_wolf,At least one accomplice was involved in the act. single offender acted alone.,6,1
FIR-02871,vandalism,bank_premises,TS,midnight,chemical,social_engineering,public_space,26-35,1,0,1,0,physical_restraint|insider_help,Victim was physically restrained. insider assistance may have been involved.,3,0
FIR-02872,murder,industrial_area,DL,afternoon,firearm,lock_picking,individual,46-60,0,0,1,0,lone_wolf|psychological_manipulation|local_knowledge,Single offender acted alone. victim was manipulated psychologically. suspect demonstrated knowledge of the local area.,10,0
FIR-02873,drug_offense,marketplace,AP,early_morning,none,none,public_space,60+,1,0,1,0,psychological_manipulation|evidence_concealment,Victim was manipulated psychologically. suspect attempted to conceal evidence.,6,0
FIR-02874,assault,educational_institution,KL,night,knife,none,individual,36-45,1,2,0,0,psychological_manipulation|multiple_offenders|planned_operation|night_operation|evidence_concealment,Victim was manipulated psychologically. multiple offenders participated. evidence of pre-planned operation. crime was executed during nighttime hours. suspect attempted to conceal evidence.,6,1
FIR-02875,kidnapping,industrial_area,DL,evening,vehicle,social_engineering,individual,26-35,0,4,0,0,multiple_offenders|use_of_technology,Multiple offenders participated. digital tools or devices were used.,9,0
FIR-02876,fraud,residential_area,TS,morning,none,social_engineering,individual,18-25,0,1,0,1,night_operation|local_knowledge|repeat_target,Crime was executed during nighttime hours. suspect demonstrated knowledge of the local area. location or victim was targeted previously.,6,0
FIR-02877,burglary,rural_area,WB,night,blunt_object,forced_entry,household,60+,0,0,0,0,use_of_technology|lone_wolf,Digital tools or devices were used. single offender acted alone.,7,1
FIR-02878,robbery,residential_area,WB,midnight,firearm,unlocked_door,infrastructure,60+,1,1,0,0,lone_wolf|use_of_technology|psychological_manipulation,Single offender acted alone. digital tools or devices were used. victim was manipulated psychologically.,8,0
FIR-02879,kidnapping,highway,BR,morning,chemical,none,individual,46-60,1,0,1,0,physical_restraint|planned_operation|lone_wolf|multiple_offenders,Victim was physically restrained. evidence of pre-planned operation. single offender acted alone. multiple offenders participated.,8,0
FIR-02880,assault,bank_premises,KL,evening,none,none,individual,36-45,1,0,0,0,use_of_technology|opportunistic|night_operation|physical_restraint,Digital tools or devices were used. crime appears to be opportunistic in nature. crime was executed during nighttime hours. victim was physically restrained.,6,1
FIR-02881,vandalism,bank_premises,KA,early_morning,chemical,none,government_property,26-35,1,1,1,0,lone_wolf|use_of_technology|night_operation,Single offender acted alone. digital tools or devices were used. crime was executed during nighttime hours.,2,1
FIR-02882,vandalism,educational_institution,GJ,early_morning,improvised_tool,none,public_space,36-45,1,0,1,0,evidence_concealment|psychological_manipulation|physical_restraint,Suspect attempted to conceal evidence. victim was manipulated psychologically. victim was physically restrained.,4,1
FIR-02883,burglary,parking_lot,MP,morning,none,window_break,household,36-45,1,0,0,0,repeat_target|psychological_manipulation|evidence_concealment|planned_operation|opportunistic,Location or victim was targeted previously. victim was manipulated psychologically. suspect attempted to conceal evidence. evidence of pre-planned operation. crime appears to be opportunistic in nature.,5,1
FIR-02884,assault,bank_premises,HR,evening,blunt_object,none,individual,18-25,0,1,1,0,repeat_target|night_operation|use_of_disguise,Location or victim was targeted previously. crime was executed during nighttime hours. suspect used a disguise to conceal identity.,5,0
FIR-02885,assault,educational_institution,AP,night,none,unlocked_door,household,46-60,0,0,0,0,opportunistic|psychological_manipulation|use_of_disguise|night_operation,Crime appears to be opportunistic in nature. victim was manipulated psychologically. suspect used a disguise to conceal identity. crime was executed during nighttime hours.,5,0
FIR-02886,drug_offense,bank_premises,TN,afternoon,knife,none,individual,36-45,1,1,0,0,insider_help|psychological_manipulation,Insider assistance may have been involved. victim was manipulated psychologically.,6,1
FIR-02887,robbery,residential_area,MP,afternoon,knife,social_engineering,individual,26-35,0,1,0,0,use_of_technology|local_knowledge|repeat_target|use_of_disguise|lone_wolf,Digital tools or devices were used. suspect demonstrated knowledge of the local area. location or victim was targeted previously. suspect used a disguise to conceal identity. single offender acted alone.,9,0
FIR-02888,burglary,educational_institution,UP,midnight,none,lock_picking,public_space,18-25,0,0,0,0,local_knowledge|psychological_manipulation,Suspect demonstrated knowledge of the local area. victim was manipulated psychologically.,7,1
FIR-02889,murder,parking_lot,WB,midnight,firearm,impersonation,vehicle,46-60,0,0,1,0,psychological_manipulation|insider_help,Victim was manipulated psychologically. insider assistance may have been involved.,9,0
FIR-02890,vehicle_theft,residential_area,RJ,midnight,blunt_object,roof_access,vehicle,26-35,0,1,0,0,lone_wolf|planned_operation|local_knowledge|accomplice_involved,Single offender acted alone. evidence of pre-planned operation. suspect demonstrated knowledge of the local area. at least one accomplice was involved in the act.,3,0
FIR-02891,assault,industrial_area,KA,early_morning,none,none,individual,18-25,0,0,0,0,psychological_manipulation|planned_operation|accomplice_involved|insider_help|escape_vehicle_used,Victim was manipulated psychologically. evidence of pre-planned operation. at least one accomplice was involved in the act. insider assistance may have been involved. suspect escaped using a vehicle.,6,1
FIR-02892,robbery,rural_area,RJ,evening,firearm,none,financial_institution,60+,0,1,1,0,evidence_concealment|night_operation|opportunistic|accomplice_involved,Suspect attempted to conceal evidence. crime was executed during nighttime hours. crime appears to be opportunistic in nature. at least one accomplice was involved in the act.,8,1
FIR-02893,cybercrime,commercial_zone,RJ,evening,none,unlocked_door,public_space,60+,0,0,0,1,accomplice_involved|night_operation|prior_surveillance|local_knowledge|use_of_disguise,At least one accomplice was involved in the act. crime was executed during nighttime hours. suspect conducted prior surveillance of the target. suspect demonstrated knowledge of the local area. suspect used a disguise to conceal identity.,6,0
FIR-02894,burglary,rural_area,GJ,early_morning,blunt_object,forced_entry,household,60+,0,0,0,0,planned_operation|physical_restraint,Evidence of pre-planned operation. victim was physically restrained.,5,0
FIR-02895,vehicle_theft,residential_area,MP,afternoon,none,lock_picking,vehicle,26-35,0,1,0,0,evidence_concealment|escape_vehicle_used,Suspect attempted to conceal evidence. suspect escaped using a vehicle.,5,1
FIR-02896,assault,parking_lot,RJ,afternoon,none,none,individual,46-60,1,1,1,0,accomplice_involved|planned_operation,At least one accomplice was involved in the act. evidence of pre-planned operation.,6,1
FIR-02897,drug_offense,bank_premises,WB,night,knife,none,public_space,36-45,1,0,0,0,multiple_offenders|evidence_concealment|lone_wolf|repeat_target|local_knowledge,Multiple offenders participated. suspect attempted to conceal evidence. single offender acted alone. location or victim was targeted previously. suspect demonstrated knowledge of the local area.,6,1
FIR-02898,drug_offense,rural_area,BR,night,knife,none,commercial_establishment,26-35,0,1,0,0,night_operation|use_of_technology,Crime was executed during nighttime hours. digital tools or devices were used.,6,0
FIR-02899,fraud,marketplace,BR,morning,none,forced_entry,commercial_establishment,60+,0,1,0,1,night_operation|psychological_manipulation|opportunistic,Crime was executed during nighttime hours. victim was manipulated psychologically. crime appears to be opportunistic in nature.,6,0
FIR-02900,vehicle_theft,bank_premises,RJ,night,improvised_tool,none,vehicle,18-25,0,4,1,0,lone_wolf|use_of_disguise|insider_help|multiple_offenders,Single offender acted alone. suspect used a disguise to conceal identity. insider assistance may have been involved. multiple offenders participated.,5,1
FIR-02901,kidnapping,educational_institution,AP,morning,vehicle,window_break,individual,juvenile,1,1,0,0,use_of_technology|escape_vehicle_used|psychological_manipulation,Digital tools or devices were used. suspect escaped using a vehicle. victim was manipulated psychologically.,9,0
FIR-02902,kidnapping,public_transport,HR,afternoon,firearm,roof_access,public_space,36-45,1,0,0,0,prior_surveillance|lone_wolf|use_of_technology,Suspect conducted prior surveillance of the target. single offender acted alone. digital tools or devices were used.,8,0
FIR-02903,burglary,highway,WB,midnight,none,forced_entry,commercial_establishment,18-25,0,0,0,0,evidence_concealment|psychological_manipulation,Suspect attempted to conceal evidence. victim was manipulated psychologically.,5,0
FIR-02904,fraud,educational_institution,KA,morning,none,social_engineering,commercial_establishment,26-35,0,1,0,1,physical_restraint|local_knowledge|repeat_target|insider_help,Victim was physically restrained. suspect demonstrated knowledge of the local area. location or victim was targeted previously. insider assistance may have been involved.,7,0
FIR-02905,cybercrime,highway,MP,afternoon,firearm,cyber_access,digital_asset,36-45,1,1,1,1,repeat_target|multiple_offenders|prior_surveillance|psychological_manipulation,Location or victim was targeted previously. multiple offenders participated. suspect conducted prior surveillance of the target. victim was manipulated psychologically.,4,0
FIR-02906,kidnapping,rural_area,AP,evening,firearm,none,commercial_establishment,60+,0,0,0,0,prior_surveillance|use_of_technology|insider_help,Suspect conducted prior surveillance of the target. digital tools or devices were used. insider assistance may have been involved.,9,0
FIR-02907,assault,rural_area,WB,evening,rope,none,individual,36-45,1,0,0,0,local_knowledge|use_of_disguise|lone_wolf,Suspect demonstrated knowledge of the local area. suspect used a disguise to conceal identity. single offender acted alone.,7,0
FIR-02908,vehicle_theft,bank_premises,BR,night,chemical,unlocked_door,vehicle,18-25,0,0,0,0,prior_surveillance|escape_vehicle_used|accomplice_involved|use_of_disguise,Suspect conducted prior surveillance of the target. suspect escaped using a vehicle. at least one accomplice was involved in the act. suspect used a disguise to conceal identity.,5,1
FIR-02909,burglary,parking_lot,TS,night,none,forced_entry,commercial_establishment,36-45,1,1,0,0,planned_operation|prior_surveillance|night_operation|accomplice_involved|insider_help,Evidence of pre-planned operation. suspect conducted prior surveillance of the target. crime was executed during nighttime hours. at least one accomplice was involved in the act. insider assistance may have been involved.,7,1
FIR-02910,vandalism,bank_premises,KA,midnight,chemical,none,public_space,juvenile,0,1,1,0,local_knowledge|insider_help,Suspect demonstrated knowledge of the local area. insider assistance may have been involved.,2,0
FIR-02911,robbery,commercial_zone,KA,night,rope,social_engineering,financial_institution,46-60,1,1,1,0,physical_restraint|local_knowledge|psychological_manipulation|opportunistic|multiple_offenders,Victim was physically restrained. suspect demonstrated knowledge of the local area. victim was manipulated psychologically. crime appears to be opportunistic in nature. multiple offenders participated.,9,0
FIR-02912,burglary,industrial_area,PB,early_morning,none,lock_picking,commercial_establishment,18-25,0,0,0,0,evidence_concealment|local_knowledge|escape_vehicle_used|psychological_manipulation,Suspect attempted to conceal evidence. suspect demonstrated knowledge of the local area. suspect escaped using a vehicle. victim was manipulated psychologically.,5,0
FIR-02913,fraud,parking_lot,BR,morning,blunt_object,social_engineering,commercial_establishment,26-35,1,1,0,1,insider_help|psychological_manipulation,Insider assistance may have been involved. victim was manipulated psychologically.,8,1
FIR-02914,fraud,bank_premises,AP,afternoon,none,impersonation,commercial_establishment,18-25,1,1,0,1,psychological_manipulation|lone_wolf|accomplice_involved|planned_operation|night_operation,Victim was manipulated psychologically. single offender acted alone. at least one accomplice was involved in the act. evidence of pre-planned operation. crime was executed during nighttime hours.,7,1
FIR-02915,kidnapping,marketplace,WB,night,chemical,forced_entry,individual,18-25,0,0,1,0,night_operation|insider_help|planned_operation,Crime was executed during nighttime hours. insider assistance may have been involved. evidence of pre-planned operation.,8,0
FIR-02916,robbery,commercial_zone,GJ,evening,blunt_object,window_break,multiple,46-60,1,1,0,0,psychological_manipulation|escape_vehicle_used,Victim was manipulated psychologically. suspect escaped using a vehicle.,9,1
FIR-02917,cybercrime,parking_lot,GJ,morning,knife,cyber_access,commercial_establishment,18-25,0,1,0,1,evidence_concealment|local_knowledge,Suspect attempted to conceal evidence. suspect demonstrated knowledge of the local area.,6,1
FIR-02918,kidnapping,residential_area,HR,evening,knife,tunneling,public_space,60+,0,0,0,0,psychological_manipulation|evidence_concealment|escape_vehicle_used,Victim was manipulated psychologically. suspect attempted to conceal evidence. suspect escaped using a vehicle.,9,1
FIR-02919,murder,commercial_zone,WB,night,firearm,forced_entry,individual,26-35,0,1,1,0,night_operation|local_knowledge|use_of_disguise|planned_operation|opportunistic,Crime was executed during nighttime hours. suspect demonstrated knowledge of the local area. suspect used a disguise to conceal identity. evidence of pre-planned operation. crime appears to be opportunistic in nature.,10,1
FIR-02920,fraud,commercial_zone,KL,afternoon,none,impersonation,infrastructure,36-45,1,1,1,1,local_knowledge|opportunistic,Suspect demonstrated knowledge of the local area. crime appears to be opportunistic in nature.,8,1
FIR-02921,cybercrime,educational_institution,WB,morning,none,lock_picking,vehicle,26-35,1,1,0,1,lone_wolf|prior_surveillance|planned_operation|evidence_concealment|use_of_technology,Single offender acted alone. suspect conducted prior surveillance of the target. evidence of pre-planned operation. suspect attempted to conceal evidence. digital tools or devices were used.,5,0
FIR-02922,cybercrime,rural_area,DL,afternoon,none,window_break,public_space,26-35,0,1,0,1,psychological_manipulation|planned_operation,Victim was manipulated psychologically. evidence of pre-planned operation.,5,0
FIR-02923,robbery,parking_lot,DL,afternoon,firearm,impersonation,multiple,46-60,0,1,1,0,repeat_target|insider_help|local_knowledge|physical_restraint,Location or victim was targeted previously. insider assistance may have been involved. suspect demonstrated knowledge of the local area. victim was physically restrained.,7,1
FIR-02924,kidnapping,educational_institution,HR,morning,rope,social_engineering,individual,46-60,1,0,0,0,insider_help|evidence_concealment|opportunistic,Insider assistance may have been involved. suspect attempted to conceal evidence. crime appears to be opportunistic in nature.,10,1
FIR-02925,vehicle_theft,rural_area,TS,night,improvised_tool,lock_picking,infrastructure,46-60,1,1,0,0,prior_surveillance|lone_wolf|local_knowledge,Suspect conducted prior surveillance of the target. single offender acted alone. suspect demonstrated knowledge of the local area.,4,1
FIR-02926,cybercrime,commercial_zone,MH,afternoon,none,lock_picking,individual,juvenile,1,4,0,1,multiple_offenders|planned_operation|lone_wolf,Multiple offenders participated. evidence of pre-planned operation. single offender acted alone.,5,0
FIR-02927,drug_offense,marketplace,WB,evening,none,window_break,individual,60+,0,1,1,0,prior_surveillance|use_of_disguise|multiple_offenders|escape_vehicle_used,Suspect conducted prior surveillance of the target. suspect used a disguise to conceal identity. multiple offenders participated. suspect escaped using a vehicle.,5,1
FIR-02928,burglary,rural_area,BR,morning,none,window_break,commercial_establishment,46-60,1,1,0,0,use_of_disguise|physical_restraint|insider_help|planned_operation|escape_vehicle_used,Suspect used a disguise to conceal identity. victim was physically restrained. insider assistance may have been involved. evidence of pre-planned operation. suspect escaped using a vehicle.,5,1
FIR-02929,cybercrime,residential_area,WB,morning,none,cyber_access,public_space,juvenile,0,1,1,1,physical_restraint|planned_operation|prior_surveillance|use_of_technology,Victim was physically restrained. evidence of pre-planned operation. suspect conducted prior surveillance of the target. digital tools or devices were used.,6,1
FIR-02930,vandalism,commercial_zone,PB,midnight,blunt_object,none,financial_institution,26-35,0,0,0,0,evidence_concealment|planned_operation|use_of_disguise|accomplice_involved,Suspect attempted to conceal evidence. evidence of pre-planned operation. suspect used a disguise to conceal identity. at least one accomplice was involved in the act.,3,0
FIR-02931,vehicle_theft,public_transport,KL,night,improvised_tool,unlocked_door,vehicle,46-60,0,1,1,0,repeat_target|insider_help|use_of_technology,Location or victim was targeted previously. insider assistance may have been involved. digital tools or devices were used.,3,1
FIR-02932,vehicle_theft,educational_institution,AP,afternoon,none,forced_entry,vehicle,60+,0,0,0,0,repeat_target|opportunistic|night_operation|lone_wolf,Location or victim was targeted previously. crime appears to be opportunistic in nature. crime was executed during nighttime hours. single offender acted alone.,3,1
FIR-02933,vandalism,rural_area,TS,midnight,chemical,none,government_property,60+,0,0,0,0,use_of_technology|opportunistic,Digital tools or devices were used. crime appears to be opportunistic in nature.,2,1
FIR-02934,burglary,residential_area,UP,night,blunt_object,window_break,commercial_establishment,26-35,1,1,1,0,prior_surveillance|evidence_concealment,Suspect conducted prior surveillance of the target. suspect attempted to conceal evidence.,7,1
FIR-02935,fraud,rural_area,GJ,morning,none,unlocked_door,individual,60+,0,1,1,1,repeat_target|use_of_disguise|lone_wolf|physical_restraint|prior_surveillance,Location or victim was targeted previously. suspect used a disguise to conceal identity. single offender acted alone. victim was physically restrained. suspect conducted prior surveillance of the target.,8,0
FIR-02936,cybercrime,industrial_area,TN,evening,rope,cyber_access,individual,46-60,0,1,0,1,accomplice_involved|insider_help|prior_surveillance|planned_operation|repeat_target,At least one accomplice was involved in the act. insider assistance may have been involved. suspect conducted prior surveillance of the target. evidence of pre-planned operation. location or victim was targeted previously.,6,0
FIR-02937,vehicle_theft,commercial_zone,BR,early_morning,none,none,vehicle,36-45,1,1,0,0,accomplice_involved|repeat_target|insider_help,At least one accomplice was involved in the act. location or victim was targeted previously. insider assistance may have been involved.,3,1
FIR-02938,burglary,bank_premises,WB,midnight,blunt_object,lock_picking,household,18-25,0,0,0,0,planned_operation|use_of_technology|night_operation|use_of_disguise,Evidence of pre-planned operation. digital tools or devices were used. crime was executed during nighttime hours. suspect used a disguise to conceal identity.,6,0
FIR-02939,fraud,residential_area,KA,morning,none,social_engineering,financial_institution,juvenile,0,1,1,1,use_of_technology|planned_operation|insider_help|opportunistic|prior_surveillance,Digital tools or devices were used. evidence of pre-planned operation. insider assistance may have been involved. crime appears to be opportunistic in nature. suspect conducted prior surveillance of the target.,6,1
FIR-02940,robbery,residential_area,HR,evening,knife,none,household,26-35,1,0,0,0,accomplice_involved|opportunistic|local_knowledge,At least one accomplice was involved in the act. crime appears to be opportunistic in nature. suspect demonstrated knowledge of the local area.,9,1
FIR-02941,cybercrime,bank_premises,TS,evening,none,forced_entry,digital_asset,26-35,0,0,1,1,psychological_manipulation|use_of_technology|evidence_concealment|repeat_target,Victim was manipulated psychologically. digital tools or devices were used. suspect attempted to conceal evidence. location or victim was targeted previously.,5,1
FIR-02942,murder,parking_lot,WB,midnight,firearm,forced_entry,individual,18-25,0,0,1,0,use_of_disguise|physical_restraint,Suspect used a disguise to conceal identity. victim was physically restrained.,10,0
FIR-02943,murder,residential_area,BR,midnight,blunt_object,none,individual,46-60,1,1,0,0,night_operation|repeat_target|physical_restraint,Crime was executed during nighttime hours. location or victim was targeted previously. victim was physically restrained.,9,0
FIR-02944,burglary,commercial_zone,KA,midnight,blunt_object,lock_picking,household,18-25,1,0,1,0,local_knowledge|escape_vehicle_used|night_operation,Suspect demonstrated knowledge of the local area. suspect escaped using a vehicle. crime was executed during nighttime hours.,5,1
FIR-02945,fraud,highway,MH,morning,none,impersonation,public_space,18-25,0,1,1,1,psychological_manipulation|use_of_technology|opportunistic|lone_wolf|use_of_disguise,Victim was manipulated psychologically. digital tools or devices were used. crime appears to be opportunistic in nature. single offender acted alone. suspect used a disguise to conceal identity.,7,0
FIR-02946,kidnapping,marketplace,TS,night,chemical,none,multiple,18-25,1,0,1,0,evidence_concealment|local_knowledge|use_of_technology,Suspect attempted to conceal evidence. suspect demonstrated knowledge of the local area. digital tools or devices were used.,10,0
FIR-02947,cybercrime,highway,AP,morning,none,unlocked_door,financial_institution,juvenile,1,1,1,1,prior_surveillance|opportunistic|planned_operation|accomplice_involved,Suspect conducted prior surveillance of the target. crime appears to be opportunistic in nature. evidence of pre-planned operation. at least one accomplice was involved in the act.,6,1
FIR-02948,fraud,highway,PB,early_morning,none,impersonation,financial_institution,46-60,1,0,0,1,use_of_disguise|opportunistic,Suspect used a disguise to conceal identity. crime appears to be opportunistic in nature.,8,1
FIR-02949,murder,highway,TN,evening,knife,none,commercial_establishment,46-60,0,0,1,0,local_knowledge|use_of_disguise|psychological_manipulation|repeat_target,Suspect demonstrated knowledge of the local area. suspect used a disguise to conceal identity. victim was manipulated psychologically. location or victim was targeted previously.,10,0
FIR-02950,robbery,rural_area,PB,evening,knife,social_engineering,individual,18-25,1,3,0,0,use_of_disguise|physical_restraint|multiple_offenders,Suspect used a disguise to conceal identity. victim was physically restrained. multiple offenders participated.,9,0
FIR-02951,vandalism,marketplace,UP,midnight,chemical,none,commercial_establishment,18-25,1,0,0,0,escape_vehicle_used|physical_restraint|multiple_offenders|use_of_disguise|accomplice_involved,Suspect escaped using a vehicle. victim was physically restrained. multiple offenders participated. suspect used a disguise to conceal identity. at least one accomplice was involved in the act.,2,0
FIR-02952,cybercrime,commercial_zone,UP,evening,none,forced_entry,financial_institution,36-45,0,0,0,1,accomplice_involved|psychological_manipulation,At least one accomplice was involved in the act. victim was manipulated psychologically.,5,0
FIR-02953,robbery,bank_premises,GJ,midnight,firearm,cyber_access,financial_institution,18-25,1,0,0,0,physical_restraint|lone_wolf|repeat_target|opportunistic,Victim was physically restrained. single offender acted alone. location or victim was targeted previously. crime appears to be opportunistic in nature.,7,1
FIR-02954,robbery,educational_institution,TN,midnight,none,forced_entry,individual,juvenile,1,1,1,0,psychological_manipulation|repeat_target,Victim was manipulated psychologically. location or victim was targeted previously.,8,0
FIR-02955,murder,highway,KL,evening,blunt_object,impersonation,individual,46-60,1,1,0,0,physical_restraint|lone_wolf,Victim was physically restrained. single offender acted alone.,9,1
FIR-02956,murder,bank_premises,GJ,early_morning,chemical,cyber_access,vehicle,26-35,0,1,1,0,opportunistic|use_of_disguise,Crime appears to be opportunistic in nature. suspect used a disguise to conceal identity.,10,0
FIR-02957,burglary,parking_lot,HR,night,blunt_object,lock_picking,commercial_establishment,18-25,0,0,1,0,use_of_technology|lone_wolf|repeat_target|opportunistic,Digital tools or devices were used. single offender acted alone. location or victim was targeted previously. crime appears to be opportunistic in nature.,5,0
FIR-02958,murder,public_transport,KA,evening,none,none,individual,60+,1,3,1,0,night_operation|prior_surveillance|psychological_manipulation|multiple_offenders|use_of_technology,Crime was executed during nighttime hours. suspect conducted prior surveillance of the target. victim was manipulated psychologically. multiple offenders participated. digital tools or devices were used.,10,1
FIR-02959,cybercrime,industrial_area,MP,morning,none,cyber_access,financial_institution,26-35,1,1,0,1,opportunistic|use_of_disguise|evidence_concealment,Crime appears to be opportunistic in nature. suspect used a disguise to conceal identity. suspect attempted to conceal evidence.,4,0
FIR-02960,assault,public_transport,MP,morning,knife,none,individual,18-25,1,1,1,0,insider_help|lone_wolf,Insider assistance may have been involved. single offender acted alone.,5,1
FIR-02961,murder,residential_area,KA,morning,blunt_object,none,individual,60+,1,0,0,0,planned_operation|psychological_manipulation|repeat_target,Evidence of pre-planned operation. victim was manipulated psychologically. location or victim was targeted previously.,9,1
FIR-02962,drug_offense,residential_area,DL,night,none,none,individual,18-25,1,0,1,0,insider_help|use_of_technology|night_operation|planned_operation|local_knowledge,Insider assistance may have been involved. digital tools or devices were used. crime was executed during nighttime hours. evidence of pre-planned operation. suspect demonstrated knowledge of the local area.,5,1
FIR-02963,fraud,public_transport,TS,afternoon,none,impersonation,household,60+,0,1,1,1,psychological_manipulation|escape_vehicle_used|opportunistic|night_operation,Victim was manipulated psychologically. suspect escaped using a vehicle. crime appears to be opportunistic in nature. crime was executed during nighttime hours.,8,0
FIR-02964,murder,commercial_zone,RJ,midnight,knife,none,individual,36-45,1,0,0,0,physical_restraint|use_of_disguise|local_knowledge,Victim was physically restrained. suspect used a disguise to conceal identity. suspect demonstrated knowledge of the local area.,9,0
FIR-02965,fraud,educational_institution,AP,morning,none,social_engineering,commercial_establishment,60+,1,3,1,1,accomplice_involved|multiple_offenders|planned_operation|opportunistic,At least one accomplice was involved in the act. multiple offenders participated. evidence of pre-planned operation. crime appears to be opportunistic in nature.,7,0
FIR-02966,robbery,rural_area,TN,evening,knife,social_engineering,individual,juvenile,0,1,1,0,escape_vehicle_used|planned_operation|use_of_disguise|physical_restraint,Suspect escaped using a vehicle. evidence of pre-planned operation. suspect used a disguise to conceal identity. victim was physically restrained.,8,1
FIR-02967,fraud,marketplace,MH,morning,none,social_engineering,government_property,36-45,1,0,1,1,lone_wolf|planned_operation|escape_vehicle_used|opportunistic|psychological_manipulation,Single offender acted alone. evidence of pre-planned operation. suspect escaped using a vehicle. crime appears to be opportunistic in nature. victim was manipulated psychologically.,6,0
FIR-02968,vandalism,highway,KL,midnight,improvised_tool,none,commercial_establishment,46-60,0,0,1,0,repeat_target|opportunistic|psychological_manipulation,Location or victim was targeted previously. crime appears to be opportunistic in nature. victim was manipulated psychologically.,4,1
FIR-02969,vandalism,bank_premises,DL,midnight,chemical,tunneling,government_property,18-25,0,1,1,0,local_knowledge|escape_vehicle_used,Suspect demonstrated knowledge of the local area. suspect escaped using a vehicle.,3,0
FIR-02970,cybercrime,marketplace,MP,evening,improvised_tool,cyber_access,digital_asset,juvenile,1,0,1,1,local_knowledge|physical_restraint,Suspect demonstrated knowledge of the local area. victim was physically restrained.,4,1
FIR-02971,vandalism,parking_lot,TS,night,chemical,none,government_property,46-60,0,0,1,0,escape_vehicle_used|local_knowledge,Suspect escaped using a vehicle. suspect demonstrated knowledge of the local area.,4,1
FIR-02972,vandalism,commercial_zone,UP,midnight,improvised_tool,none,public_space,26-35,1,1,0,0,physical_restraint|prior_surveillance|repeat_target|opportunistic|accomplice_involved,Victim was physically restrained. suspect conducted prior surveillance of the target. location or victim was targeted previously. crime appears to be opportunistic in nature. at least one accomplice was involved in the act.,2,0
FIR-02973,murder,bank_premises,DL,night,blunt_object,none,individual,46-60,1,0,1,0,opportunistic|repeat_target|planned_operation|prior_surveillance,Crime appears to be opportunistic in nature. location or victim was targeted previously. evidence of pre-planned operation. suspect conducted prior surveillance of the target.,9,0
FIR-02974,cybercrime,commercial_zone,GJ,evening,rope,cyber_access,financial_institution,60+,1,0,1,1,prior_surveillance|use_of_technology,Suspect conducted prior surveillance of the target. digital tools or devices were used.,5,1
FIR-02975,assault,highway,UP,afternoon,blunt_object,cyber_access,individual,26-35,0,2,1,0,insider_help|multiple_offenders|opportunistic,Insider assistance may have been involved. multiple offenders participated. crime appears to be opportunistic in nature.,7,0
FIR-02976,kidnapping,commercial_zone,DL,midnight,chemical,social_engineering,individual,18-25,1,1,0,0,local_knowledge|prior_surveillance|opportunistic|physical_restraint,Suspect demonstrated knowledge of the local area. suspect conducted prior surveillance of the target. crime appears to be opportunistic in nature. victim was physically restrained.,8,0
FIR-02977,kidnapping,highway,DL,morning,chemical,none,financial_institution,juvenile,1,0,1,0,accomplice_involved|escape_vehicle_used|opportunistic|insider_help|evidence_concealment,At least one accomplice was involved in the act. suspect escaped using a vehicle. crime appears to be opportunistic in nature. insider assistance may have been involved. suspect attempted to conceal evidence.,9,0
FIR-02978,murder,highway,KA,afternoon,knife,none,individual,juvenile,1,1,1,0,insider_help|local_knowledge|lone_wolf|use_of_technology,Insider assistance may have been involved. suspect demonstrated knowledge of the local area. single offender acted alone. digital tools or devices were used.,10,0
FIR-02979,burglary,bank_premises,GJ,midnight,rope,window_break,commercial_establishment,46-60,1,0,0,0,physical_restraint|evidence_concealment|insider_help,Victim was physically restrained. suspect attempted to conceal evidence. insider assistance may have been involved.,5,0
FIR-02980,vehicle_theft,public_transport,BR,night,none,roof_access,vehicle,46-60,0,0,0,0,night_operation|psychological_manipulation|opportunistic|escape_vehicle_used|insider_help,Crime was executed during nighttime hours. victim was manipulated psychologically. crime appears to be opportunistic in nature. suspect escaped using a vehicle. insider assistance may have been involved.,4,0
FIR-02981,kidnapping,bank_premises,GJ,afternoon,knife,forced_entry,individual,36-45,0,0,0,0,lone_wolf|repeat_target,Single offender acted alone. location or victim was targeted previously.,8,0
FIR-02982,cybercrime,public_transport,TN,afternoon,none,cyber_access,financial_institution,36-45,0,0,0,1,planned_operation|lone_wolf,Evidence of pre-planned operation. single offender acted alone.,6,0
FIR-02983,vehicle_theft,residential_area,TS,afternoon,none,social_engineering,vehicle,26-35,0,0,0,0,evidence_concealment|escape_vehicle_used|prior_surveillance,Suspect attempted to conceal evidence. suspect escaped using a vehicle. suspect conducted prior surveillance of the target.,3,0
FIR-02984,vehicle_theft,rural_area,MH,midnight,none,roof_access,public_space,46-60,1,0,0,0,repeat_target|physical_restraint|use_of_disguise,Location or victim was targeted previously. victim was physically restrained. suspect used a disguise to conceal identity.,3,0
FIR-02985,murder,residential_area,BR,midnight,knife,forced_entry,individual,60+,0,0,0,0,use_of_disguise|lone_wolf|accomplice_involved|night_operation,Suspect used a disguise to conceal identity. single offender acted alone. at least one accomplice was involved in the act. crime was executed during nighttime hours.,10,0
FIR-02986,kidnapping,public_transport,TN,evening,firearm,none,infrastructure,juvenile,0,1,1,0,planned_operation|night_operation,Evidence of pre-planned operation. crime was executed during nighttime hours.,8,0
FIR-02987,vehicle_theft,rural_area,DL,evening,improvised_tool,lock_picking,vehicle,36-45,0,1,0,0,night_operation|use_of_technology|accomplice_involved|psychological_manipulation,Crime was executed during nighttime hours. digital tools or devices were used. at least one accomplice was involved in the act. victim was manipulated psychologically.,4,1
FIR-02988,vandalism,bank_premises,TN,night,none,none,vehicle,46-60,0,0,0,0,accomplice_involved|evidence_concealment|local_knowledge,At least one accomplice was involved in the act. suspect attempted to conceal evidence. suspect demonstrated knowledge of the local area.,4,1
FIR-02989,murder,educational_institution,WB,night,blunt_object,social_engineering,public_space,60+,0,1,0,0,use_of_disguise|physical_restraint,Suspect used a disguise to conceal identity. victim was physically restrained.,10,0
FIR-02990,burglary,industrial_area,AP,night,blunt_object,lock_picking,commercial_establishment,26-35,0,1,1,0,evidence_concealment|use_of_technology,Suspect attempted to conceal evidence. digital tools or devices were used.,6,1
FIR-02991,burglary,marketplace,AP,night,none,window_break,commercial_establishment,juvenile,0,1,0,0,physical_restraint|psychological_manipulation,Victim was physically restrained. victim was manipulated psychologically.,7,1
FIR-02992,vehicle_theft,rural_area,TS,early_morning,chemical,lock_picking,vehicle,46-60,1,1,1,0,accomplice_involved|lone_wolf,At least one accomplice was involved in the act. single offender acted alone.,3,1
FIR-02993,cybercrime,marketplace,TS,night,none,cyber_access,digital_asset,36-45,0,1,1,1,multiple_offenders|use_of_disguise|escape_vehicle_used,Multiple offenders participated. suspect used a disguise to conceal identity. suspect escaped using a vehicle.,5,0
FIR-02994,fraud,residential_area,KL,night,chemical,social_engineering,financial_institution,46-60,0,1,1,1,opportunistic|night_operation|prior_surveillance|planned_operation,Crime appears to be opportunistic in nature. crime was executed during nighttime hours. suspect conducted prior surveillance of the target. evidence of pre-planned operation.,6,1
FIR-02995,drug_offense,educational_institution,BR,midnight,none,tunneling,individual,46-60,1,1,0,0,escape_vehicle_used|repeat_target,Suspect escaped using a vehicle. location or victim was targeted previously.,4,1
FIR-02996,drug_offense,educational_institution,HR,early_morning,none,none,individual,18-25,1,4,1,0,evidence_concealment|night_operation|multiple_offenders|prior_surveillance,Suspect attempted to conceal evidence. crime was executed during nighttime hours. multiple offenders participated. suspect conducted prior surveillance of the target.,5,0
FIR-02997,fraud,commercial_zone,TN,evening,none,social_engineering,government_property,18-25,0,1,1,1,accomplice_involved|multiple_offenders|use_of_disguise|psychological_manipulation,At least one accomplice was involved in the act. multiple offenders participated. suspect used a disguise to conceal identity. victim was manipulated psychologically.,6,0
FIR-02998,murder,highway,WB,night,knife,none,individual,18-25,1,0,0,0,escape_vehicle_used|insider_help,Suspect escaped using a vehicle. insider assistance may have been involved.,10,0
FIR-02999,drug_offense,public_transport,KA,early_morning,none,none,public_space,60+,0,2,1,0,repeat_target|multiple_offenders,Location or victim was targeted previously. multiple offenders participated.,5,1
FIR-03000,cybercrime,public_transport,TS,evening,none,cyber_access,digital_asset,juvenile,0,0,1,1,use_of_disguise|use_of_technology|accomplice_involved|opportunistic,Suspect used a disguise to conceal identity. digital tools or devices were used. at least one accomplice was involved in the act. crime appears to be opportunistic in nature.,5,0
